{
  "overall": {
    "animal_tokens": 744,
    "herb_tokens": 1230,
    "overlap": 27,
    "jaccard": 0.6585365853658537
  },
  "per_class": {
    "mean_jaccard": 0.371498565515763,
    "n_classes": 24
  },
  "per_middle": {
    "mean_jaccard": 0.4898584165180638,
    "n_middles": 30
  }
}