{
  "macro_perplexities": [
    2.6963008894699105,
    2.7772366915585525,
    2.7501938559978956,
    2.720973428826768,
    2.7847232617413495
  ],
  "class_perplexities": [
    28.06205351337157,
    29.53620234327737,
    29.575325833523763,
    27.924908295059492,
    28.720864102707157
  ],
  "token_perplexities": [
    42.57244930305682,
    38.55378491041431,
    38.23489074372466,
    39.75116341246327,
    39.54746637417579
  ],
  "mean_macro": 2.7458856255188957,
  "mean_class": 28.763870817587872,
  "mean_token": 39.731950948766965,
  "improvement_pct": -38.13144691385759,
  "verdict": "NO_TOKEN_LEVEL_IMPROVEMENT"
}