{
  "n_paragraphs": 527,
  "by_type": {
    "HIGH_H": 203,
    "BALANCED": 235,
    "HIGH_K": 58,
    "HIGH_E": 31
  },
  "profiles": {
    "HIGH_K": {
      "link_rate": 0.04024140848874201,
      "fq_rate": 0.19687260087697736,
      "fl_rate": 0.08363542471064796,
      "en_rate": 0.19317305118870623,
      "k_rate": 0.45457337514173896,
      "h_rate": 0.2961990695826826,
      "e_rate": 0.30796719929097566
    },
    "HIGH_H": {
      "link_rate": 0.028988837056253446,
      "fq_rate": 0.09732769760581347,
      "fl_rate": 0.08335155240330526,
      "en_rate": 0.21954914428977448,
      "k_rate": 0.2597048494662042,
      "h_rate": 0.5764881774098282,
      "e_rate": 0.5081187277335876
    },
    "BALANCED": {
      "link_rate": 0.03618142432876635,
      "fq_rate": 0.12618084191745638,
      "fl_rate": 0.07608494403816077,
      "en_rate": 0.2391834949517367,
      "k_rate": 0.3352125665078502,
      "h_rate": 0.4105313792791216,
      "e_rate": 0.7115630638355888
    }
  }
}