{
  "test": "Method-Kernel Signatures",
  "fire_degree_mapping": {
    "1": 2,
    "2": 1,
    "3": 3,
    "4": 4
  },
  "n_folios_by_fire": {
    "4": 24,
    "1": 10,
    "3": 16,
    "2": 31
  },
  "fire_profiles": {
    "1": {
      "k": 0.2112632027073924,
      "h": 0.3114427587968279,
      "e": 0.47729403849577967
    },
    "2": {
      "k": 0.24133343098887072,
      "h": 0.3056683449602476,
      "e": 0.45299822405088175
    },
    "3": {
      "k": 0.2208577410900677,
      "h": 0.3713665242891111,
      "e": 0.4077757346208212
    },
    "4": {
      "k": 0.28066431804074876,
      "h": 0.3537962403282286,
      "e": 0.36553944163102264
    }
  },
  "kruskal_wallis": {
    "k": {
      "H": 6.141359031575685,
      "p": 0.10493172198173088
    },
    "h": {
      "H": 13.525601742576555,
      "p": 0.0036274513209820576
    },
    "e": {
      "H": 13.153228356323451,
      "p": 0.00431668976298434
    }
  },
  "significant_kernels": [
    "h",
    "e"
  ],
  "pattern_match": false,
  "verdict": "SUPPORT"
}