{
  "test": "Multi-Dimensional PCA",
  "n_folios": 69,
  "n_features": 10,
  "features": [
    "link",
    "fq",
    "energy",
    "frequent",
    "flow",
    "core",
    "kernel_k",
    "kernel_h",
    "kernel_e",
    "post_fq_h"
  ],
  "variance_explained": [
    0.3809387361080826,
    0.17266552142171476,
    0.11927667269742823,
    0.09282851984773305,
    0.07500420919160139,
    0.05990234558225787,
    0.04174159574769808,
    0.03506818759613277,
    0.022574211807351162,
    5.6508604523589364e-36
  ],
  "cumulative_variance": [
    0.3809387361080826,
    0.5536042575297974,
    0.6728809302272256,
    0.7657094500749586,
    0.84071365926656,
    0.9006160048488179,
    0.942357600596516,
    0.9774257881926487,
    0.9999999999999999,
    0.9999999999999999
  ],
  "n_components_80": 5,
  "n_components_90": 6,
  "loadings": {
    "PC1": {
      "link": -0.09791761920139844,
      "fq": 0.47059333149200067,
      "energy": -0.4056037870478605,
      "frequent": 0.470593331492001,
      "flow": 0.2830211558554421,
      "core": 0.09377529423968735,
      "kernel_k": 0.02989185635893843,
      "kernel_h": -0.34431000812051804,
      "kernel_e": -0.22135592067523885,
      "post_fq_h": -0.3544649653137475
    },
    "PC2": {
      "link": 0.5081295902853645,
      "fq": 0.05499263123571074,
      "energy": 0.19868863012505666,
      "frequent": 0.05499263123571055,
      "flow": -0.32320619697324027,
      "core": 0.09147856502446078,
      "kernel_k": 0.5030669027279366,
      "kernel_h": -0.3666269805147354,
      "kernel_e": 0.3476079337288889,
      "post_fq_h": -0.27408989051270005
    },
    "PC3": {
      "link": -0.3167167629582371,
      "fq": 0.036582327457837405,
      "energy": 0.27782668316536296,
      "frequent": 0.03658232745783731,
      "flow": -0.22685839499900173,
      "core": 0.7487100337452867,
      "kernel_k": 0.1688281291157945,
      "kernel_h": -0.1408049019429108,
      "kernel_e": -0.3222188452018799,
      "post_fq_h": 0.2358832444465033
    },
    "PC4": {
      "link": -0.3793567535628899,
      "fq": 0.24155742606950423,
      "energy": 0.09748249085841865,
      "frequent": 0.24155742606950406,
      "flow": -0.21630344073383326,
      "core": -0.47928475200696297,
      "kernel_k": 0.5877915809628831,
      "kernel_h": 0.23440044010878566,
      "kernel_e": -0.08860229055377772,
      "post_fq_h": 0.21234808800300112
    },
    "PC5": {
      "link": -0.3369957945255159,
      "fq": 0.23844203532410774,
      "energy": -0.05646507825156931,
      "frequent": 0.23844203532410754,
      "flow": -0.4091188635739758,
      "core": 0.08627071523598304,
      "kernel_k": -0.4003586233037584,
      "kernel_h": -0.008872684025973611,
      "kernel_e": 0.6570338260658689,
      "post_fq_h": 0.05153872118615218
    }
  },
  "verdict": "SUPPORT"
}