{
  "test": "PREFIX-MIDDLE Orthogonality",
  "total_pairs": 23096,
  "unique_prefixes": 36,
  "unique_middles": 1339,
  "significant_prefixes": 27,
  "cross_prefix_analysis": {
    "single_prefix_middles": 984,
    "multi_prefix_middles": 342,
    "cross_prefix_ratio": 0.2579185520361991,
    "max_prefix_coverage": 22
  },
  "chi_square": {
    "chi2": 14713.529932416557,
    "p_value": null,
    "cramers_v": 0.442772048665759,
    "association": "MODERATE"
  },
  "entropy": {
    "mean_entropy": 4.218657057246269,
    "prefix_entropies": {
      "sh": 5.087870967771855,
      "NONE": 6.005129916494627,
      "qo": 4.07489306811873,
      "ch": 5.695262725100052,
      "pch": 4.430238375555397,
      "dch": 4.131161006100845,
      "yk": 4.899432172835493,
      "te": 3.8430088911594202,
      "ol": 4.836606082200453,
      "sa": 3.0180630403723208,
      "da": 3.3462236619050936,
      "al": 4.550118683559174,
      "ot": 4.844176994096244,
      "tch": 4.012132531795149,
      "ok": 4.724837351915643,
      "ar": 4.182048956490962,
      "or": 4.389693852584011,
      "to": 4.440474306404535,
      "ke": 4.136989812515724,
      "po": 4.610764448566914,
      "ka": 3.2924464825842996,
      "lk": 4.560069348665235,
      "lch": 3.6123948620498103,
      "ta": 2.9517845089639474,
      "do": 3.0143697839366292,
      "lsh": 3.4997932174383903,
      "so": 3.713755496468322
    }
  },
  "verdict": "NOT SUPPORTED"
}