{
  "phase": "MORPHOLOGICAL_TENSOR_DECOMPOSITION",
  "phase_number": 342,
  "prefix_labels": [
    "__BARE__",
    "ch",
    "da",
    "do",
    "ka",
    "ke",
    "lch",
    "lk",
    "ok",
    "ol",
    "ot",
    "pch",
    "qo",
    "sa",
    "sh",
    "so",
    "ta",
    "tch",
    "te",
    "yk"
  ],
  "suffix_group_labels": [
    "NONE",
    "Y_FAMILY",
    "IN_FAMILY",
    "OL_FAMILY",
    "OTHER"
  ],
  "class_labels": [
    1,
    2,
    3,
    4,
    5,
    6,
    7,
    8,
    9,
    10,
    11,
    12,
    13,
    14,
    15,
    16,
    17,
    18,
    19,
    20,
    21,
    22,
    23,
    24,
    25,
    26,
    27,
    28,
    29,
    30,
    31,
    32,
    33,
    34,
    35,
    36,
    37,
    38,
    39,
    40,
    41,
    42,
    43,
    44,
    45,
    46,
    47,
    48,
    49
  ],
  "t1_construction": {
    "shape": [
      20,
      10,
      5,
      49
    ],
    "total_cells": 49000,
    "nonzero_cells": 2480,
    "density": 0.05061224489795919,
    "n_bigrams": 13315,
    "ranks_tested": [
      4,
      5,
      6,
      7,
      8,
      9,
      10
    ],
    "errors": {
      "4": 0.25959367544999645,
      "5": 0.22559026634050802,
      "6": 0.20503963260587796,
      "7": 0.19176392046012983,
      "8": 0.17295057890149837,
      "9": 0.18202439126052739,
      "10": 0.15172567284252197
    },
    "variances": {
      "4": 0.9326111236663619,
      "5": 0.9491090317324187,
      "6": 0.9579587490608465,
      "7": 0.963226598809761,
      "8": 0.9700880972576366,
      "9": 0.9668671209862344,
      "10": 0.976979320200484
    },
    "improvements": {
      "5": 0.13098704754861507,
      "6": 0.09109716508606248,
      "7": 0.06474705390867712,
      "8": 0.09810678418280978,
      "9": -0.05246477009017056,
      "10": 0.16645416698380572
    },
    "best_rank": 8,
    "best_variance": 0.9700880972576366,
    "p1_pass": true
  },
  "t2_interpretation": {
    "best_rank": 8,
    "weights": [
      1.0,
      1.0,
      1.0,
      1.0,
      1.0,
      1.0,
      1.0,
      1.0
    ],
    "t2a_class_clustering": {
      "ari_at_6": 0.049751419202425866,
      "best_ari": 0.05291425946538047,
      "best_k": 10,
      "cluster_composition": {
        "1": {
          "AXM": 21,
          "AXm": 6,
          "CC": 2,
          "FL_SAFE": 2
        },
        "2": {
          "FL_HAZ": 2,
          "CC": 1,
          "AXM": 4,
          "FQ": 1
        },
        "3": {
          "FQ": 1,
          "AXM": 2
        },
        "4": {
          "AXM": 3,
          "FQ": 2
        },
        "5": {
          "AXM": 1
        },
        "6": {
          "AXM": 1
        }
      },
      "p2_pass": false
    },
    "t2b_prefix_correlation": {
      "n_matched": 20,
      "concentration_rho": 0.04267045976501319,
      "concentration_p": 0.8582349616772098,
      "pairwise_sim_rho": 0.18226255851345297,
      "pairwise_sim_p": 0.01184075024898164,
      "p3_pass": false
    },
    "t2c_bin_factors": {
      "bin_loadings": {
        "0": {
          "dominant_component": 1,
          "loadings": [
            6.0002224641330676e-133,
            0.9215439911374956,
            0.1587442195334978,
            0.05901223816508076,
            0.7929438504977349,
            0.019392296670013343,
            1.0545447503386718e-26,
            0.028813149590771175
          ]
        },
        "1": {
          "dominant_component": 6,
          "loadings": [
            2.0067261379686328e-97,
            1.0226475606885586e-19,
            9.276710786012279e-20,
            1.4850229091064513e-20,
            3.3440905481918837e-19,
            5.0573733643576095e-20,
            9.111888903883442e-19,
            3.19829688812517e-20
          ]
        },
        "2": {
          "dominant_component": 2,
          "loadings": [
            7.152611226691486e-297,
            2.3810727474516624e-28,
            0.025081967074537574,
            4.621782219141817e-28,
            0.0,
            5.778192265195216e-45,
            1.5650410373863e-168,
            0.001917814406894841
          ]
        },
        "3": {
          "dominant_component": 4,
          "loadings": [
            8.494980820709391e-222,
            2.0668783719739063e-130,
            0.0,
            2.4122603737657207e-67,
            0.05766195149865839,
            7.395500667721362e-30,
            0.0,
            5.459967747771638e-19
          ]
        },
        "4": {
          "dominant_component": 6,
          "loadings": [
            3.6255806911762835e-62,
            1.3306764564232717e-19,
            9.842373789332979e-20,
            1.1064643052257252e-19,
            3.3093161381811346e-19,
            8.86572357367874e-20,
            4.942919257426469e-19,
            8.046585877588413e-20
          ]
        },
        "5": {
          "dominant_component": 4,
          "loadings": [
            9.553522684823841e-62,
            3.726985468623435e-20,
            7.59784248424514e-20,
            3.3240483660490694e-19,
            3.347950192766853e-19,
            2.6705449969214814e-21,
            1.2523185795385118e-19,
            1.293735429290191e-19
          ]
        },
        "6": {
          "dominant_component": 2,
          "loadings": [
            1.0740267785829734,
            2.889732417556766,
            10.642168663885574,
            6.7777039150493685,
            8.496099406973059,
            4.134324918757675,
            8.501357700999478,
            3.3369250969116653
          ]
        },
        "7": {
          "dominant_component": 4,
          "loadings": [
            1.1946606140913535e-56,
            1.526565045108596e-19,
            1.5198935414713203e-19,
            2.8991882347771537e-19,
            3.3583307610425107e-19,
            9.5455707821406e-20,
            1.0227716708340364e-19,
            5.1982159795129926e-20
          ]
        },
        "8": {
          "dominant_component": 4,
          "loadings": [
            1.2084881637562273,
            4.652164130038411e-28,
            2.4313799606171392e-61,
            1.009581958617352,
            4.829907739595457,
            9.105624018359057e-10,
            1.6619169041802122,
            0.09162053495004237
          ]
        },
        "9": {
          "dominant_component": 6,
          "loadings": [
            3.258651585729043e-20,
            0.03199287389123749,
            0.5509598784270296,
            1.202510994572173e-34,
            1.675601969507876,
            0.0006686999833438237,
            1.8781422790930893,
            0.02821951949218325
          ]
        }
      },
      "hub_stab_cosine": 0.5738105662435907,
      "p6_pass": true
    },
    "t2d_suffix_dims": {
      "participation_ratio": 2.0789953167627497,
      "svd_dims_90pct": 2,