{
  "n_programs": 82,
  "correlation_forgiveness_ch": {
    "spearman_rho": -0.24119241192411925,
    "spearman_p": 0.026221397820355374,
    "pearson_r": -0.2565301512678662,
    "pearson_p": 0.01760057339119081
  },
  "component_correlations": {
    "hazard_vs_ch": {
      "rho": -0.04304480795811974,
      "p": 0.6999694974942003
    },
    "escape_vs_ch": {
      "rho": -0.3261283616852233,
      "p": 0.002030809224072394
    },
    "safe_run_vs_ch": {
      "rho": -0.020080321285140562,
      "p": 0.8574351415741546
    }
  },
  "quartile_ch_prefs": {
    "Q1 (Brittle)": 0.7033047714899446,
    "Q2": 0.6461883406203087,
    "Q3": 0.5880340334090571,
    "Q4 (Forgiving)": 0.61876497711982
  }
}