{
  "test_1_prefix": {
    "total_b_excl_with_prefix": 569,
    "total_shared_with_prefix": 268,
    "enrichment": {
      "do": {
        "b_excl_count": 5,
        "shared_count": 1,
        "b_excl_rate": 0.008787346221441126,
        "shared_rate": 0.0037313432835820895,
        "enrichment_ratio": 2.3550087873462218
      },
      "ar": {
        "b_excl_count": 2,
        "shared_count": 2,
        "b_excl_rate": 0.0035149384885764497,
        "shared_rate": 0.007462686567164179,
        "enrichment_ratio": 0.4710017574692443
      },
      "pch": {
        "b_excl_count": 9,
        "shared_count": 8,
        "b_excl_rate": 0.015817223198594025,
        "shared_rate": 0.029850746268656716,
        "enrichment_ratio": 0.5298769771528998
      },
      "al": {
        "b_excl_count": 2,
        "shared_count": 1,
        "b_excl_rate": 0.0035149384885764497,
        "shared_rate": 0.0037313432835820895,
        "enrichment_ratio": 0.9420035149384886
      },
      "ct": {
        "b_excl_count": 5,
        "shared_count": 3,
        "b_excl_rate": 0.008787346221441126,
        "shared_rate": 0.011194029850746268,
        "enrichment_ratio": 0.7850029291154073
      },
      "ok": {
        "b_excl_count": 38,
        "shared_count": 14,
        "b_excl_rate": 0.06678383128295255,
        "shared_rate": 0.05223880597014925,
        "enrichment_ratio": 1.2784333417022347
      },
      "sch": {
        "b_excl_count": 1,
        "shared_count": 0,
        "b_excl_rate": 0.0017574692442882249,
        "shared_rate": 0.0,
        "enrichment_ratio": 999.0
      },
      "po": {
        "b_excl_count": 20,
        "shared_count": 2,
        "b_excl_rate": 0.0351493848857645,
        "shared_rate": 0.007462686567164179,
        "enrichment_ratio": 4.7100175746924435
      },
      "sa": {
        "b_excl_count": 9,
        "shared_count": 1,
        "b_excl_rate": 0.015817223198594025,
        "shared_rate": 0.0037313432835820895,
        "enrichment_ratio": 4.239015817223199
      },
      "lch": {
        "b_excl_count": 2,
        "shared_count": 1,
        "b_excl_rate": 0.0035149384885764497,
        "shared_rate": 0.0037313432835820895,
        "enrichment_ratio": 0.9420035149384886
      },
      "te": {
        "b_excl_count": 7,
        "shared_count": 0,
        "b_excl_rate": 0.012302284710017574,
        "shared_rate": 0.0,
        "enrichment_ratio": 999.0
      },
      "ch": {
        "b_excl_count": 131,
        "shared_count": 82,
        "b_excl_rate": 0.23022847100175747,
        "shared_rate": 0.30597014925373134,
        "enrichment_ratio": 0.7524540271764757
      },
      "ot": {
        "b_excl_count": 29,
        "shared_count": 18,
        "b_excl_rate": 0.050966608084358524,
        "shared_rate": 0.06716417910447761,
        "enrichment_ratio": 0.7588361648115602
      },
      "ke": {
        "b_excl_count": 6,
        "shared_count": 0,
        "b_excl_rate": 0.01054481546572935,
        "shared_rate": 0.0,
        "enrichment_ratio": 999.0
      },
      "tch": {
        "b_excl_count": 7,
        "shared_count": 0,
        "b_excl_rate": 0.012302284710017574,
        "shared_rate": 0.0,
        "enrichment_ratio": 999.0
      },
      "yk": {
        "b_excl_count": 9,
        "shared_count": 7,
        "b_excl_rate": 0.015817223198594025,
        "shared_rate": 0.026119402985074626,
        "enrichment_ratio": 0.6055736881747427
      },
      "fch": {
        "b_excl_count": 3,
        "shared_count": 1,
        "b_excl_rate": 0.005272407732864675,
        "shared_rate": 0.0037313432835820895,
        "enrichment_ratio": 1.4130052724077329
      },
      "lsh": {
        "b_excl_count": 1,
        "shared_count": 1,
        "b_excl_rate": 0.0017574692442882249,
        "shared_rate": 0.0037313432835820895,
        "enrichment_ratio": 0.4710017574692443
      },
      "ka": {
        "b_excl_count": 6,
        "shared_count": 1,
        "b_excl_rate": 0.01054481546572935,
        "shared_rate": 0.0037313432835820895,
        "enrichment_ratio": 2.8260105448154658
      },
      "or": {
        "b_excl_count": 6,
        "shared_count": 1,
        "b_excl_rate": 0.01054481546572935,
        "shared_rate": 0.0037313432835820895,
        "enrichment_ratio": 2.8260105448154658
      },
      "ol": {
        "b_excl_count": 25,
        "shared_count": 14,
        "b_excl_rate": 0.043936731107205626,
        "shared_rate": 0.05223880597014925,
        "enrichment_ratio": 0.8410745669093649
      },
      "ta": {
        "b_excl_count": 1,
        "shared_count": 2,
        "b_excl_rate": 0.0017574692442882249,
        "shared_rate": 0.007462686567164179,
        "enrichment_ratio": 0.23550087873462214
      },
      "so": {
        "b_excl_count": 6,
        "shared_count": 2,
        "b_excl_rate": 0.01054481546572935,
        "shared_rate": 0.007462686567164179,
        "enrichment_ratio": 1.4130052724077329
      },
      "kch": {
        "b_excl_count": 2,
        "shared_count": 0,
        "b_excl_rate": 0.0035149384885764497,
        "shared_rate": 0.0,
        "enrichment_ratio": 999.0
      },
      "to": {
        "b_excl_count": 7,
        "shared_count": 2,
        "b_excl_rate": 0.012302284710017574,
        "shared_rate": 0.007462686567164179,
        "enrichment_ratio": 1.648506151142355
      },
      "sh": {
        "b_excl_count": 65,
        "shared_count": 24,
        "b_excl_rate": 0.11423550087873462,
        "shared_rate": 0.08955223880597014,
        "enrichment_ratio": 1.2756297598125366
      },
      "dch": {
        "b_excl_count": 3,
        "shared_count": 2,
        "b_excl_rate": 0.005272407732864675,
        "shared_rate": 0.007462686567164179,
        "enrichment_ratio": 0.7065026362038664
      },
      "ko": {
        "b_excl_count": 2,
        "shared_count": 2,
        "b_excl_rate": 0.0035149384885764497,
        "shared_rate": 0.007462686567164179,
        "enrichment_ratio": 0.4710017574692443
      },
      "da": {
        "b_excl_count": 31,
        "shared_count": 15,
        "b_excl_rate": 0.054481546572934976,
        "shared_rate": 0.055970149253731345,
        "enrichment_ratio": 0.9734036321031049
      },
      "lk": {
        "b_excl_count": 10,
        "shared_count": 1,
        "b_excl_rate": 0.01757469244288225,
        "shared_rate": 0.0037313432835820895,
        "enrichment_ratio": 4.7100175746924435
      },
      "rch": {
        "b_excl_count": 0,
        "shared_count": 1,
        "b_excl_rate": 0.0,
        "shared_rate": 0.0037313432835820895,
        "enrichment_ratio": 0.0
      },
      "qo": {
        "b_excl_count": 119,
        "shared_count": 59,
        "b_excl_rate": 0.20913884007029876,
        "shared_rate": 0.22014925373134328,
        "enrichment_ratio": 0.9499865955735605
      }
    },
    "ol_ratio": 0.8410745669093649,
    "qo_ratio": 0.9499865955735605,
    "ct_ratio": 0.7850029291154073,
    "prediction_ol_pass": false,
    "prediction_qo_pass": false,
    "prediction_ct_pass": false
  },
  "test_2_edit_distance": {
    "total_checked": 569,
    "distance_1_count": 375,
    "distance_1_pct": 65.90509666080844,
    "distance_2_count": 145,
    "distance_2_pct": 25.48330404217926,
    "edit_types": {
      "insertion": 222,
      "substitution": 146,
      "deletion": 7
    },