{
  "probe_id": "HT_VARIANCE_DECOMPOSITION",
  "question": "Can incompatibility degree explain HT density?",
  "configuration": {
    "scope": "AZC folios only",
    "n_folios": 30,
    "features": [
      "incompatibility_density",
      "novelty",
      "tail_pressure",
      "hub_suppression"
    ]
  },
  "descriptive": {
    "ht_density_mean": 0.1844207986067876,
    "ht_density_std": 0.1095472116494492,
    "feature_means": {
      "incompatibility_density": 0.5380667100651038,
      "novelty": 0.5040938274529796,
      "tail_pressure": 0.07309899340153705,
      "hub_suppression": 0.6459183892884702
    },
    "feature_stds": {
      "incompatibility_density": 0.06882672305495584,
      "novelty": 0.21855436286453142,
      "tail_pressure": 0.050450403845852684,
      "hub_suppression": 0.10336983360051659
    }
  },
  "correlations": {
    "incompatibility_density": {
      "r": 0.17446979982671318,
      "p": 0.35647391262531825
    },
    "novelty": {
      "r": 0.15277353748682812,
      "p": 0.42026195845140124
    },
    "tail_pressure": {
      "r": 0.5040628246118791,
      "p": 0.00450999487100082
    },
    "hub_suppression": {
      "r": 0.025880082268107316,
      "p": 0.8920186759528972
    }
  },
  "regression": {
    "r2": 0.27929295856750724,
    "mse": 0.00864891085318344,
    "intercept": 0.2220717700055434,
    "coefficients": {
      "incompatibility_density": -0.2659254128363967,
      "novelty": 0.08213928422011024,
      "tail_pressure": 1.2250077970502327,
      "hub_suppression": -0.03950669752482418
    },
    "p_values": {
      "incompatibility_density": 0.5648849753110008,
      "novelty": 0.4203292274223276,
      "tail_pressure": 0.009831915744051178,
      "hub_suppression": 0.9141502407647728
    }
  },
  "ablation": {
    "full_r2": 0.27929295856750724,
    "feature_importance": {
      "incompatibility_density": {
        "ablated_r2": 0.2741995432960468,
        "r2_drop": 0.005093415271460455,
        "importance": 0.018236819494428243
      },
      "novelty": {
        "ablated_r2": 0.26169259811160606,
        "r2_drop": 0.017600360455901187,
        "importance": 0.06301755886067942
      },
      "tail_pressure": {
        "ablated_r2": 0.08875731431680478,
        "r2_drop": 0.19053564425070246,
        "importance": 0.6822071176729955
      },
      "hub_suppression": {
        "ablated_r2": 0.2789612113700961,
        "r2_drop": 0.00033174719741113634,
        "importance": 0.0011878108174035848
      }
    }
  },
  "verdict": {
    "status": "PARTIALLY_EXPLAINED",
    "r2": 0.27929295856750724,
    "interpretation": "HT is partially predictable from A metrics - coarse vigilance signal",
    "dominant_predictor": "tail_pressure"
  }
}