{
  "candidate_folio": "f43v",
  "folio_unique_middles": 37,
  "folio_shared_middles": 28,
  "folio_b_exclusive_middles": 9,
  "high_overlap_entry_count": 544,
  "ri_middles_in_candidates": 143,
  "ri_with_priors": 61,
  "ri_with_animal": [
    [
      "eom",
      {
        "animal": 0.18181818181818182,
        "cold_moist_flower": 0.14209090909090907,
        "dangerous_herb": 0.039818181818181815,
        "fruit": 0.09081818181818181,
        "herb": 0.3922727272727273,
        "hot_dry_herb": 0.08572727272727272,
        "hot_dry_root": 0.005181818181818182,
        "hot_flower": 0.024999999999999998,
        "leaf": 0.005454545454545454,
        "moderate_herb": 0.021818181818181816,
        "moist_root": 0.009999999999999998
      }
    ],
    [
      "teold",
      {
        "animal": 0.5,
        "cold_moist_flower": 0.0,
        "dangerous_herb": 0.0,
        "fruit": 0.0,
        "herb": 0.4315,
        "hot_dry_herb": 0.0,
        "hot_dry_root": 0.0,
        "hot_flower": 0.0275,
        "leaf": 0.006,
        "moderate_herb": 0.024,
        "moist_root": 0.011
      }
    ],
    [
      "chol",
      {
        "animal": 0.16071428571428573,
        "cold_moist_flower": 0.046517857142857146,
        "dangerous_herb": 0.013035714285714286,
        "fruit": 0.02973214285714286,
        "herb": 0.38526785714285716,
        "hot_dry_herb": 0.28626785714285713,
        "hot_dry_root": 0.01730357142857143,
        "hot_flower": 0.02455357142857143,
        "leaf": 0.005357142857142857,
        "moderate_herb": 0.02142857142857143,
        "moist_root": 0.009821428571428571
      }
    ],
    [
      "eyd",
      {
        "animal": 1.0,
        "cold_moist_flower": 0.0,
        "dangerous_herb": 0.0,
        "fruit": 0.0,
        "herb": 0.0,
        "hot_dry_herb": 0.0,
        "hot_dry_root": 0.0,
        "hot_flower": 0.0,
        "leaf": 0.0,
        "moderate_herb": 0.0,
        "moist_root": 0.0
      }
    ],
    [
      "olar",
      {
        "animal": 0.5,
        "cold_moist_flower": 0.0,
        "dangerous_herb": 0.0,
        "fruit": 0.0,
        "herb": 0.4315,
        "hot_dry_herb": 0.0,
        "hot_dry_root": 0.0,
        "hot_flower": 0.0275,
        "leaf": 0.006,
        "moderate_herb": 0.024,
        "moist_root": 0.011
      }
    ],
    [
      "tod",
      {
        "animal": 0.5714285714285714,
        "cold_moist_flower": 0.07442857142857143,
        "dangerous_herb": 0.020857142857142855,
        "fruit": 0.04757142857142857,
        "herb": 0.12328571428571428,
        "hot_dry_herb": 0.1347142857142857,
        "hot_dry_root": 0.008142857142857143,
        "hot_flower": 0.007857142857142856,
        "leaf": 0.0017142857142857142,
        "moderate_herb": 0.006857142857142857,
        "moist_root": 0.0031428571428571426
      }
    ],
    [
      "tchyf",
      {
        "animal": 1.0,
        "cold_moist_flower": 0.0,
        "dangerous_herb": 0.0,
        "fruit": 0.0,
        "herb": 0.0,
        "hot_dry_herb": 0.0,
        "hot_dry_root": 0.0,
        "hot_flower": 0.0,
        "leaf": 0.0,
        "moderate_herb": 0.0,
        "moist_root": 0.0
      }
    ],
    [
      "ofy",
      {
        "animal": 1.0,
        "cold_moist_flower": 0.0,
        "dangerous_herb": 0.0,
        "fruit": 0.0,
        "herb": 0.0,
        "hot_dry_herb": 0.0,
        "hot_dry_root": 0.0,
        "hot_flower": 0.0,
        "leaf": 0.0,
        "moderate_herb": 0.0,
        "moist_root": 0.0
      }
    ],
    [
      "tchy",
      {
        "animal": 0.2549019607843137,
        "cold_moist_flower": 0.061294117647058825,
        "dangerous_herb": 0.017176470588235293,
        "fruit": 0.0391764705882353,
        "herb": 0.2707450980392157,
        "hot_dry_herb": 0.29584313725490197,
        "hot_dry_root": 0.01788235294117647,
        "hot_flower": 0.017254901960784313,
        "leaf": 0.0037647058823529413,
        "moderate_herb": 0.015058823529411765,
        "moist_root": 0.006901960784313725
      }
    ],
    [
      "hol",
      {
        "animal": 0.2571428571428571,
        "cold_moist_flower": 0.02977142857142857,
        "dangerous_herb": 0.008342857142857141,
        "fruit": 0.01902857142857143,
        "herb": 0.3452,
        "hot_dry_herb": 0.2694285714285714,
        "hot_dry_root": 0.016285714285714285,
        "hot_flower": 0.022000000000000002,
        "leaf": 0.0048000000000000004,
        "moderate_herb": 0.019200000000000002,
        "moist_root": 0.0088
      }
    ],
    [
      "eey",
      {
        "animal": 0.22807017543859648,
        "cold_moist_flower": 0.05484210526315789,
        "dangerous_herb": 0.015368421052631576,
        "fruit": 0.03505263157894737,
        "herb": 0.4239298245614035,
        "hot_dry_herb": 0.16543859649122805,
        "hot_dry_root": 0.01,
        "hot_flower": 0.02701754385964912,
        "leaf": 0.005894736842105263,
        "moderate_herb": 0.023578947368421053,
        "moist_root": 0.010807017543859649
      }
    ],
    [
      "opcho",
      {
        "animal": 1.0,
        "cold_moist_flower": 0.0,
        "dangerous_herb": 0.0,
        "fruit": 0.0,
        "herb": 0.0,
        "hot_dry_herb": 0.0,
        "hot_dry_root": 0.0,
        "hot_flower": 0.0,
        "leaf": 0.0,
        "moderate_herb": 0.0,
        "moist_root": 0.0
      }
    ],
    [
      "shol",
      {
        "animal": 0.42857142857142855,
        "cold_moist_flower": 0.0,
        "dangerous_herb": 0.0,
        "fruit": 0.0,
        "herb": 0.36985714285714283,
        "hot_dry_herb": 0.1347142857142857,
        "hot_dry_root": 0.008142857142857143,
        "hot_flower": 0.02357142857142857,
        "leaf": 0.005142857142857143,
        "moderate_herb": 0.02057142857142857,
        "moist_root": 0.009428571428571427
      }
    ],
    [
      "tsho",
      {
        "animal": 0.2857142857142857,
        "cold_moist_flower": 0.22328571428571428,
        "dangerous_herb": 0.06257142857142857,
        "fruit": 0.1427142857142857,
        "herb": 0.12328571428571428,
        "hot_dry_herb": 0.1347142857142857,
        "hot_dry_root": 0.008142857142857143,
        "hot_flower": 0.007857142857142856,
        "leaf": 0.0017142857142857142,
        "moderate_herb": 0.006857142857142857,
        "moist_root": 0.0031428571428571426
      }
    ],
    [
      "eoc",
      {
        "animal": 1.0,
        "cold_moist_flower": 0.0,
        "dangerous_herb": 0.0,
        "fruit": 0.0,
        "herb": 0.0,
        "hot_dry_herb": 0.0,
        "hot_dry_root": 0.0,
        "hot_flower": 0.0,
        "leaf": 0.0,
        "moderate_herb": 0.0,
        "moist_root": 0.0
      }
    ],
    [
      "eso",
      {
        "animal": 1.0,
        "cold_moist_flower": 0.0,
        "dangerous_herb": 0.0,
        "fruit": 0.0,
        "herb": 0.0,
        "hot_dry_herb": 0.0,
        "hot_dry_root": 0.0,
        "hot_flower": 0.0,
        "leaf": 0.0,
        "moderate_herb": 0.0,
        "moist_root": 0.0
      }
    ],
    [
      "ho",
      {
        "animal": 0.21428571428571427,
        "cold_moist_flower": 0.11164285714285714,
        "dangerous_herb": 0.031285714285714285,
        "fruit": 0.07135714285714286,
        "herb": 0.24657142857142855,
        "hot_dry_herb": 0.2694285714285714,
        "hot_dry_root": 0.016285714285714285,
        "hot_flower": 0.015714285714285712,
        "leaf": 0.0034285714285714284,
        "moderate_herb": 0.013714285714285714,
        "moist_root": 0.006285714285714285
      }
    ],
    [
      "heod",
      {
        "animal": 0.5,
        "cold_moist_flower": 0.0,
        "dangerous_herb": 0.0,
        "fruit": 0.0,
        "herb": 0.0,
        "hot_dry_herb": 0.4715,
        "hot_dry_root": 0.0285,
        "hot_flower": 0.0,
        "leaf": 0.0,
        "moderate_herb": 0.0,
        "moist_root": 0.0
      }
    ],
    [
      "hor",
      {
        "animal": 0.3333333333333333,
        "cold_moist_flower": 0.05210000000000001,
        "dangerous_herb": 0.0146,