{
  "folio": "f115v",
  "metadata": {
    "total_tokens": 819,
    "family": 2,
    "priority": "LOW"
  },
  "statistics": {
    "mean_distance": 1.4761904761904763,
    "variance": 0.7256235827664367,
    "kernel_contact_count": 624,
    "kernel_contact_ratio": 0.7619047619047619,
    "longest_excursion": 9,
    "oscillation_count": 292,
    "pattern": "stable"
  },
  "trajectory": [
    1,
    1,
    1,
    3,
    3,
    3,
    3,
    1,
    3,
    3,
    3,
    1,
    1,
    1,
    3,
    3,
    3,
    3,
    3,
    3,
    3,
    3,
    3,
    1,
    1,
    1,
    1,
    3,
    1,
    1,
    1,
    1,
    1,
    1,
    1,
    1,
    1,
    1,
    3,
    1,
    3,
    1,
    1,
    1,
    1,
    1,
    1,
    1,
    1,
    3,
    1,
    1,
    1,
    1,
    1,
    1,
    1,
    1,
    3,
    1,
    1,
    3,
    1,
    1,
    1,
    1,
    1,
    3,
    3,
    3,
    1,
    1,
    1,
    1,
    1,
    3,
    1,
    1,
    3,
    3,
    3,
    1,
    1,
    1,
    1,
    3,
    1,
    1,
    3,
    1,
    1,
    3,
    1,
    1,
    3,
    1,
    1,
    1,
    3,
    1
  ]
}