{
  "folio": "f48r",
  "metadata": {
    "total_tokens": 332,
    "family": 3,
    "priority": "MEDIUM"
  },
  "statistics": {
    "mean_distance": 1.5301204819277108,
    "variance": 0.7792132384961589,
    "kernel_contact_count": 244,
    "kernel_contact_ratio": 0.7349397590361446,
    "longest_excursion": 3,
    "oscillation_count": 114,
    "pattern": "stable"
  },
  "trajectory": [
    1,
    1,
    1,
    1,
    3,
    1,
    1,
    1,
    3,
    3,
    1,
    1,
    1,
    1,
    3,
    1,
    1,
    1,
    3,
    3,
    3,
    1,
    1,
    1,
    1,
    3,
    1,
    3,
    1,
    1,
    1,
    3,
    3,
    3,
    1,
    1,
    1,
    1,
    1,
    1,
    1,
    1,
    1,
    3,
    1,
    1,
    1,
    1,
    1,
    1,
    1,
    1,
    1,
    3,
    1,
    1,
    1,
    1,
    1,
    1,
    1,
    1,
    1,
    1,
    3,
    1,
    1,
    1,
    1,
    1,
    1,
    1,
    1,
    1,
    1,
    1,
    1,
    1,
    1,
    3,
    1,
    3,
    1,
    3,
    3,
    3,
    1,
    3,
    1,
    1,
    1,
    1,
    3,
    1,
    1,
    3,
    3,
    3,
    1,
    3
  ]
}