{
  "folio": "f76r",
  "metadata": {
    "total_tokens": 2225,
    "family": 2,
    "priority": "HIGH"
  },
  "statistics": {
    "mean_distance": 1.6301123595505618,
    "variance": 0.8712730210832045,
    "kernel_contact_count": 1521,
    "kernel_contact_ratio": 0.6835955056179776,
    "longest_excursion": 30,
    "oscillation_count": 867,
    "pattern": "stable"
  },
  "trajectory": [
    3,
    3,
    3,
    3,
    3,
    3,
    3,
    3,
    3,
    3,
    3,
    3,
    3,
    3,
    3,
    3,
    3,
    3,
    3,
    3,
    3,
    3,
    3,
    3,
    3,
    3,
    3,
    3,
    3,
    3,
    0,
    0,
    0,
    0,
    0,
    3,
    0,
    3,
    3,
    3,
    3,
    3,
    3,
    3,
    3,
    1,
    1,
    1,
    3,
    1,
    1,
    1,
    1,
    1,
    3,
    3,
    1,
    1,
    1,
    3,
    1,
    1,
    1,
    1,
    1,
    3,
    3,
    1,
    1,
    1,
    1,
    3,
    3,
    1,
    1,
    1,
    3,
    1,
    1,
    1,
    1,
    3,
    3,
    3,
    1,
    3,
    1,
    1,
    3,
    1,
    1,
    1,
    3,
    3,
    1,
    1,
    1,
    3,
    1,
    1
  ]
}