{
  "metadata": {
    "phase": "A_B_FOLIO_SPECIFICITY",
    "timestamp": "2026-01-27T19:38:14.876031",
    "n_a_folios": 114,
    "n_b_folios": 82,
    "n_b_token_types": 4889,
    "seed": 42
  },
  "coverage_matrix": {
    "shape": [
      114,
      82
    ],
    "mean": 0.26127063982028914,
    "median": 0.24509803921568626,
    "std": 0.10848359402453167,
    "min": 0.025974025974025976,
    "max": 0.7926829268292683
  },
  "T1_statistics": {
    "a_mean_coverage_mean": 0.2612706398202892,
    "a_mean_coverage_std": 0.09206142975520121,
    "a_mean_coverage_range": 0.5179285303362792,
    "b_mean_coverage_mean": 0.26127063982028914,
    "b_mean_coverage_std": 0.04617979091156038,
    "b_mean_coverage_range": 0.21140386477557532
  },
  "T2_variance_decomposition": {
    "total_variance": 0.011768690172479402,
    "variance_by_a": 0.008475306848571847,
    "variance_by_b": 0.0021325730886354345,
    "residual_variance": 0.0011608102352721212,
    "pct_a": 72.01571903380551,
    "pct_b": 18.120734401032742,
    "pct_residual": 9.863546565161755
  },
  "T3_specificity": {
    "mean_a_col_var": 0.003293383323907554,
    "null_col_var": 0.0021325730886354345,
    "specificity_ratio": 1.5443237755639525,
    "verdict": "ROUTING"
  },
  "T4_clustering": {
    "mean_pairwise_correlation": 0.6482642168973514,
    "best_k": 6,
    "best_f": 19.89630132798674
  },
  "T5_best_match": {
    "mean_z_score": 3.7719096286410276,
    "max_z_score": 4.368626130195135,
    "mean_lift": 2.4306549836164244,
    "max_lift": 3.027118644067796,
    "n_specific_1_2": 82,
    "n_very_specific_1_5": 82
  },
  "T6_coverage_gap": {
    "mean_floor": 0.09419554783711294,
    "mean_ceiling": 0.6269095467746467,
    "mean_gap": 0.5327139989375337,
    "max_gap": 0.6707317073170732
  },
  "T7_union_coverage": {
    "median_a_needed_95": 115.0,
    "mean_a_needed_95": 112.39024390243902,
    "median_a_needed_100": 115.0,
    "mean_a_needed_100": 115.0
  },
  "T8_pool_size": {
    "pool_size_vs_coverage_rho": 0.8503691804652365,
    "pool_size_vs_coverage_p": 5.1636406735912505e-33,
    "pool_size_vs_variance_rho": 0.36536773132430006,
    "pool_size_vs_variance_p": 6.410392552479498e-05
  },
  "T9_shared_unique": {
    "universally_legal": 0,
    "universally_legal_pct": 0.0,
    "never_legal": 1684,
    "never_legal_pct": 34.444671712006546,
    "any_legal": 3205,
    "any_legal_pct": 65.55532828799345,
    "accessibility_mean": 13.935978727756188,
    "accessibility_median": 3.0
  },
  "verdict": {
    "specificity": "ROUTING",
    "coverage_level": "LOW",
    "description": "A folios are specific to subsets of B folios (routing architecture)"
  },
  "a_folios": [
    "f100r",
    "f100v",
    "f101r1",
    "f101v2",
    "f102r1",
    "f102r2",
    "f102v1",
    "f102v2",
    "f10r",
    "f10v",
    "f11r",
    "f11v",
    "f13r",
    "f13v",
    "f14r",
    "f14v",
    "f15r",
    "f15v",
    "f16r",
    "f16v",
    "f17r",
    "f17v",
    "f18r",
    "f18v",
    "f19r",
    "f19v",
    "f1r",
    "f1v",
    "f20r",
    "f20v",
    "f21r",
    "f21v",
    "f22r",
    "f22v",
    "f23r",
    "f23v",
    "f24r",
    "f24v",
    "f25r",
    "f25v",
    "f27r",
    "f27v",
    "f28r",
    "f28v",
    "f29r",
    "f29v",
    "f2r",
    "f2v",
    "f30r",
    "f30v",
    "f32r",
    "f32v",
    "f35r",
    "f35v",
    "f36r",
    "f36v",
    "f37r",
    "f37v",
    "f38r",
    "f38v",
    "f3r",
    "f3v",
    "f42r",
    "f42v",
    "f44r",
    "f44v",
    "f45r",
    "f45v",
    "f47r",
    "f47v",
    "f49r",
    "f49v",
    "f4r",
    "f4v",
    "f51r",
    "f51v",
    "f52r",
    "f52v",
    "f53r",
    "f53v",
    "f54r",
    "f54v",
    "f56r",
    "f56v",
    "f58r",
    "f58v",
    "f5r",
    "f5v",
    "f6r",
    "f6v",
    "f7r",
    "f7v",
    "f87r",
    "f87v",
    "f88r",
    "f88v",
    "f89r1",
    "f89r2",
    "f89v1",
    "f89v2",
    "f8r",
    "f8v",
    "f90r1",
    "f90r2",
    "f90v1",
    "f90v2",
    "f93r",
    "f93v",
    "f96r",
    "f96v",
    "f99r",
    "f99v",
    "f9r",
    "f9v"
  ],
  "b_folios": [
    "f103r",
    "f103v",
    "f104r",
    "f104v",
    "f105r",
    "f105v",
    "f106r",
    "f106v",
    "f107r",
    "f107v",
    "f108r",
    "f108v",
    "f111r",
    "f111v",
    "f112r",
    "f112v",
    "f113r",
    "f113v",
    "f114r",
    "f114v",
    "f115r",
    "f115v",
    "f116r",
    "f26r",
    "f26v",
    "f31r",
    "f31v",
    "f33r",
    "f33v",
    "f34r",
    "f34v",
    "f39r",
    "f39v",
    "f40r",
    "f40v",
    "f41r",
    "f41v",
    "f43r",
    "f43v",
    "f46r",
    "f46v",
    "f48r",
    "f48v",
    "f50r",
    "f50v",
    "f55r",
    "f55v",
    "f57r",
    "f66r",
    "f66v",
    "f75r",
    "f75v",
    "f76r",
    "f76v",
    "f77r",
    "f77v",
    "f78r",
    "f78v",
    "f79r",
    "f79v",
    "f80r",
    "f80v",
    "f81r",
    "f81v",
    "f82r",
    "f82v",
    "f83r",
    "f83v",
    "f84r",
    "f84v",
    "f85r1",
    "f85r2",
    "f86v3",
    "f86v4",
    "f86v5",
    "f86v6",
    "f94r",
    "f94v",
    "f95r1",
    "f95r2",
    "f95v1",
    "f95v2"
  ]
}