{
  "T8_section_raw": {
    "section_matrix": {
      "H": {
        "B": 0.3166504253041353,
        "C": 0.3489672714516859,
        "H": 0.3538062714897137,
        "S": 0.28662594362673477,
        "T": 0.3192653860067074
      },
      "P": {
        "B": 0.5120234839055107,
        "C": 0.4985192413347298,
        "H": 0.5184429052042956,
        "S": 0.4679236359766681,
        "T": 0.47596684830727387
      },
      "T": {
        "B": 0.6450722919762645,
        "C": 0.6477203277190298,
        "H": 0.6777087174269986,
        "S": 0.5956622936561067,
        "T": 0.5967259052365435
      }
    },
    "a_section_counts": {
      "H": 95,
      "P": 16,
      "T": 3
    },
    "b_section_counts": {
      "B": 20,
      "C": 5,
      "H": 32,
      "S": 23,
      "T": 2
    },
    "a_section_pool_means": {
      "H": 35.578947368421055,
      "P": 51.125,
      "T": 78.0
    },
    "a_section_line_means": {
      "H": 12.884210526315789,
      "P": 14.1875,
      "T": 36.0
    }
  },
  "T9_residual_specificity": {
    "regression": {
      "slope": 0.008765104361043176,
      "intercept": 0.01703198994560373,
      "r": 0.8826781163275652,
      "p": 1.5928375240069176e-38
    },
    "section_residual_matrix": {
      "H": {
        "B": -0.012234751381741436,
        "C": 0.020082094765809074,
        "H": 0.02492109480383693,
        "S": -0.04225923305914194,
        "T": -0.009619790679169321
      },
      "P": {
        "B": 0.04687553350157464,
        "C": 0.03337129093079376,
        "H": 0.05329495480035945,
        "S": 0.002775685572732048,
        "T": 0.010818897903337768
      },
      "T": {
        "B": -0.055637838130706954,
        "C": -0.052989802387941716,
        "H": -0.02300141267997279,
        "S": -0.10504783645086486,
        "T": -0.10398422487042791
      }
    },
    "unique_a_folios_used": 24,
    "same_section_matches": 27,
    "same_section_rate": 0.32926829268292684,
    "permutation_test": {
      "n_permutations": 10000,
      "null_mean": 26.712,
      "null_std": 3.427339492959517,
      "z_score": 0.08403019327137373,
      "p_value": 0.5726,
      "verdict": "NO_ROUTING"
    },
    "ah_specificity": {
      "ah_to_bh": 0.02492109480383693,
      "ah_to_brest": -0.022709729910487735,
      "t_stat": 24.645943624590714,
      "p_value": 3.286052126968691e-129
    },
    "mean_residual_gap_pp": 3.373537691114791
  },
  "T10_length_pool": {
    "overall_spearman_r": 0.5839830785427826,
    "overall_spearman_p": 9.101847661842346e-12,
    "by_section": {
      "H": {
        "n": 95,
        "pool_mean": 35.578947368421055,
        "pool_std": 6.672139950836291,
        "lines_mean": 12.884210526315789,
        "lines_std": 4.716964139414331,
        "within_section_r": 0.5874007573831221,
        "within_section_p": 3.9201652318718435e-10
      },
      "P": {
        "n": 16,
        "pool_mean": 51.125,
        "pool_std": 6.716351316004844,
        "lines_mean": 14.1875,
        "lines_std": 3.1665981352233503,
        "within_section_r": 0.10945719938842512,
        "within_section_p": 0.6865589030039192
      }
    }
  }
}