{
  "timestamp": "2025-12-30T13:08:47.885726",
  "coverage": {
    "total_words": 37940,
    "fully_decoded": 6317,
    "mostly_decoded": 21563,
    "partially_decoded": 9334,
    "not_decoded": 726,
    "effective_coverage_pct": 73.48444913020559,
    "prefix_coverage_pct": 74.38323668950976,
    "middle_coverage_pct": 49.478123352662095,
    "suffix_coverage_pct": 64.35951502372167
  },
  "uncertain_morphemes": {
    "prefixes": [
      [
        "qok",
        3105
      ],
      [
        "che",
        2757
      ],
      [
        "she",
        1884
      ],
      [
        "cho",
        1685
      ],
      [
        "dai",
        1343
      ],
      [
        "qot",
        1127
      ],
      [
        "oke",
        976
      ],
      [
        "ote",
        880
      ],
      [
        "oka",
        831
      ],
      [
        "ai",
        792
      ],
      [
        "sho",
        773
      ],
      [
        "ota",
        755
      ],
      [
        "aii",
        570
      ],
      [
        "chc",
        428
      ],
      [
        "dal",
        417
      ],
      [
        "dar",
        411
      ],
      [
        "olk",
        370
      ],
      [
        "do",
        369
      ],
      [
        "ke",
        365
      ],
      [
        "op",
        360
      ]
    ],
    "suffixes": [
      [
        "in",
        5913
      ],
      [
        "edy",
        4132
      ],
      [
        "ol",
        3589
      ],
      [
        "or",
        2255
      ],
      [
        "eey",
        1875
      ],
      [
        "hey",
        1591
      ],
      [
        "ody",
        1150
      ],
      [
        "hol",
        1008
      ],
      [
        "chy",
        959
      ],
      [
        "eol",
        854
      ],
      [
        "am",
        756
      ],
      [
        "hdy",
        728
      ],
      [
        "dar",
        689
      ],
      [
        "hor",
        688
      ],
      [
        "ir",
        590
      ],
      [
        "dal",
        525
      ],
      [
        "ly",
        513
      ],
      [
        "kar",
        509
      ],
      [
        "khy",
        475
      ],
      [
        "kal",
        458
      ]
    ]
  },
  "remaining_sequences": [
    [
      "e",
      3445
    ],
    [
      "k",
      1895
    ],
    [
      "l",
      1171
    ],
    [
      "d",
      1142
    ],
    [
      "t",
      1116
    ],
    [
      "r",
      992
    ],
    [
      "s",
      850
    ],
    [
      "o",
      804
    ],
    [
      "ch",
      539
    ],
    [
      "m",
      480
    ],
    [
      "ol",
      369
    ],
    [
      "ck",
      332
    ],
    [
      "ir",
      326
    ],
    [
      "te",
      306
    ],
    [
      "in",
      304
    ],
    [
      "c",
      238
    ],
    [
      "che",
      233
    ],
    [
      "or",
      232
    ],
    [
      "p",
      188
    ],
    [
      "ct",
      181
    ],
    [
      "ee",
      169
    ],
    [
      "kc",
      147
    ],
    [
      "od",
      144
    ],
    [
      "es",
      140
    ],
    [
      "tc",
      116
    ],
    [
      "h",
      114
    ],
    [
      "ek",
      114
    ],
    [
      "i",
      109
    ],
    [
      "os",
      109
    ],
    [
      "ych",
      106
    ],
    [
      "y",
      104
    ],
    [
      "sh",
      102
    ],
    [
      "et",
      92
    ],
    [
      "iir",
      88
    ],
    [
      "eo",
      88
    ],
    [
      "she",
      87
    ],
    [
      "eck",
      84
    ],
    [
      "n",
      75
    ],
    [
      "ksh",
      69
    ],
    [
      "yche",
      68
    ],
    [
      "yd",
      64
    ],
    [
      "ls",
      64
    ],
    [
      "lshe",
      64
    ],
    [
      "dshe",
      63
    ],
    [
      "dsh",
      63
    ],
    [
      "f",
      62
    ],
    [
      "he",
      61
    ],
    [
      "tsh",
      59
    ],
    [
      "*",
      58
    ],
    [
      "km",
      58
    ]
  ],
  "section_coverage": {
    "HERBAL": {
      "words": 11475,
      "decoded": 8095,
      "pct": 70.54466230936819
    },
    "RECIPES": {
      "words": 18841,
      "decoded": 14158,
      "pct": 75.1446313889921
    },
    "ZODIAC": {
      "words": 686,
      "decoded": 500,
      "pct": 72.8862973760933
    },
    "BIOLOGICAL": {
      "words": 6938,
      "decoded": 5127,
      "pct": 73.89737676563851
    }
  },
  "resistant_folios": [
    {
      "folio": "f57v",
      "section": "HERBAL",
      "word_count": 194,
      "coverage_pct": 20.103092783505154
    },
    {
      "folio": "f54r",
      "section": "HERBAL",
      "word_count": 111,
      "coverage_pct": 45.94594594594595
    }
  ],
  "limitations": [
    {
      "category": "LEXICAL",
      "issue": "Specific plant names unknown",
      "impact": "Cannot identify exact herbs in illustrations",
      "resolution": "Cross-reference with medieval herbal illustrations; botanical expert review"
    },
    {
      "category": "LEXICAL",
      "issue": "Single-character middles undefined",
      "impact": "Many common words have unknown middle elements (e.g., \"k\", \"m\", \"i\")",
      "resolution": "Statistical analysis of single-char distributions; context pattern analysis"
    },
    {
      "category": "STRUCTURAL",
      "issue": "Currier A/B distinction not incorporated",
      "impact": "May be missing dialect/scribal variations",
      "resolution": "Analyze if morpheme distributions differ between A and B"
    },
    {
      "category": "STRUCTURAL",
      "issue": "Word order transformation unknown",
      "impact": "Cannot reconstruct sentence word order",
      "resolution": "Compare with Latin recipe word order; may need external key"
    },
    {
      "category": "SEMANTIC",
      "issue": "Dosage/quantity terms unidentified",
      "impact": "Cannot extract precise medical instructions",
      "resolution": "Look for numeric patterns; compare with recipe unit terminology"
    },
    {
      "category": "SEMANTIC",
      "issue": "Celestial/timing specifics unclear",
      "impact": "Cannot identify exact zodiac signs or months",
      "resolution": "Focus on zodiac section illustrations; month name pattern analysis"
    },
    {
      "category": "VALIDATION",
      "issue": "No single confirmed external word",
      "impact": "Framework is internally consistent but not externally proven",
      "resolution": "Find zodiac labels (Taurus, Aries, etc.) or month names"
    },
    {
      "category": "VALIDATION",
      "issue": "Alternative interpretations not ruled out",
      "impact": "Alchemical or other readings remain possible",
      "resolution": "Test framework against alchemical terminology systematically"
    }
  ],
  "resolutions": [
    {
      "priority": "HIGH",
      "action": "Decode single-character middle elements",
      "method": "Statistical analysis of position-specific distributions",
      "expected_gain": "+10-15% coverage"
    },
    {
      "priority": "HIGH",
      "action": "Identify one confirmed external word",
      "method": "Focus on zodiac labels in f71 (Taurus illustration)",
      "expected_gain": "External validation of framework"
    },
    {
      "priority": "MEDIUM",
      "action": "Map remaining prefix variants",
      "method": "Cluster analysis of words starting with unknown sequences",
      "expected_gain": "+5% coverage"
    },
    {
      "priority": "MEDIUM",
      "action": "Analyze Currier A/B systematically",
      "method": "Compare morpheme distributions between dialects",
      "expected_gain": "May reveal scribal conventions"
    },
    {
      "priority": "LOW",
      "action": "Identify specific plant names",
      "method": "Cross-reference illustrations with emmenagogue plants",
      "expected_gain": "Lexical enrichment, illustration validation"
    },
    {
      "priority": "LOW",
      "action": "Reconstruct word order",
      "method": "Compare with Latin recipe syntax patterns",