{
  "class_position_stats": {
    "1": {
      "mean_position": 0.5215776182881445,
      "std_position": 0.34854437803697114,
      "initial_rate": 0.18421052631578946,
      "final_rate": 0.15789473684210525,
      "count": 38
    },
    "2": {
      "mean_position": 0.5487449471824472,
      "std_position": 0.305016191813965,
      "initial_rate": 0.125,
      "final_rate": 0.14583333333333334,
      "count": 48
    },
    "3": {
      "mean_position": 0.552138571810703,
      "std_position": 0.3243725988110492,
      "initial_rate": 0.11475409836065574,
      "final_rate": 0.16393442622950818,
      "count": 61
    },
    "4": {
      "mean_position": 0.3225239434478565,
      "std_position": 0.35573263072779227,
      "initial_rate": 0.427536231884058,
      "final_rate": 0.10144927536231885,
      "count": 138
    },
    "5": {
      "mean_position": 0.40177905177905177,
      "std_position": 0.3934189622081718,
      "initial_rate": 0.3783783783783784,
      "final_rate": 0.14414414414414414,
      "count": 111
    },
    "6": {
      "mean_position": 0.4578500743475363,
      "std_position": 0.37265400498090145,
      "initial_rate": 0.26903553299492383,
      "final_rate": 0.15228426395939088,
      "count": 197
    },
    "7": {
      "mean_position": 0.5659968687970998,
      "std_position": 0.3338178630689517,
      "initial_rate": 0.08083140877598152,
      "final_rate": 0.18937644341801385,
      "count": 433
    },
    "8": {
      "mean_position": 0.5167911950314743,
      "std_position": 0.30615212867338115,
      "initial_rate": 0.08075772681954138,
      "final_rate": 0.1106679960119641,
      "count": 1003
    },
    "9": {
      "mean_position": 0.5007988259381572,
      "std_position": 0.32227629870286745,
      "initial_rate": 0.10668789808917198,
      "final_rate": 0.11464968152866242,
      "count": 628
    },
    "10": {
      "mean_position": 0.39995551129736434,
      "std_position": 0.37101173407002946,
      "initial_rate": 0.3514376996805112,
      "final_rate": 0.1182108626198083,
      "count": 313
    },
    "11": {
      "mean_position": 0.5086618932224632,
      "std_position": 0.33077497238239506,
      "initial_rate": 0.11163895486935867,
      "final_rate": 0.15676959619952494,
      "count": 421
    },
    "13": {
      "mean_position": 0.5185312271761852,
      "std_position": 0.3143462828130171,
      "initial_rate": 0.10504201680672269,
      "final_rate": 0.12773109243697478,
      "count": 1190
    },
    "14": {
      "mean_position": 0.6137544466864581,
      "std_position": 0.3004849356105358,
      "initial_rate": 0.06232294617563739,
      "final_rate": 0.18696883852691218,
      "count": 706
    },
    "15": {
      "mean_position": 0.7537003437738732,
      "std_position": 0.33249642145785485,
      "initial_rate": 0.07352941176470588,
      "final_rate": 0.5588235294117647,
      "count": 68
    },
    "16": {
      "mean_position": 0.5493267259056732,
      "std_position": 0.33358241469645533,
      "initial_rate": 0.10526315789473684,
      "final_rate": 0.2,
      "count": 95
    },
    "17": {
      "mean_position": 0.5070254240708786,
      "std_position": 0.34116991923721385,
      "initial_rate": 0.15384615384615385,
      "final_rate": 0.15734265734265734,
      "count": 286
    },
    "18": {
      "mean_position": 0.4929019320787613,
      "std_position": 0.32630396688524516,
      "initial_rate": 0.12195121951219512,
      "final_rate": 0.1402439024390244,
      "count": 164
    },
    "19": {
      "mean_position": 0.61750078000078,
      "std_position": 0.3538851172710969,
      "initial_rate": 0.14864864864864866,
      "final_rate": 0.2702702702702703,
      "count": 74
    },
    "20": {
      "mean_position": 0.579171039398312,
      "std_position": 0.3815283402456453,
      "initial_rate": 0.16666666666666666,
      "final_rate": 0.30808080808080807,
      "count": 198
    },
    "21": {
      "mean_position": 0.6974858979404434,
      "std_position": 0.352384989202494,
      "initial_rate": 0.07272727272727272,
      "final_rate": 0.4909090909090909,
      "count": 110
    },
    "22": {
      "mean_position": 0.8047089947089948,
      "std_position": 0.30241039167396505,
      "initial_rate": 0.044444444444444446,
      "final_rate": 0.6222222222222222,
      "count": 45
    },
    "23": {
      "mean_position": 0.6291468639385307,
      "std_position": 0.3640831076041853,
      "initial_rate": 0.13333333333333333,
      "final_rate": 0.3527777777777778,
      "count": 360
    },
    "24": {
      "mean_position": 0.44514786443852195,
      "std_position": 0.3750791987296905,
      "initial_rate": 0.2698961937716263,
      "final_rate": 0.157439446366782,
      "count": 578
    },
    "25": {
      "mean_position": 0.6923371767121768,
      "std_position": 0.30615166608449995,
      "initial_rate": 0.028846153846153848,
      "final_rate": 0.3557692307692308,
      "count": 104
    },
    "26": {
      "mean_position": 0.34307602966139555,
      "std_position": 0.35588417015223206,
      "initial_rate": 0.40853658536585363,
      "final_rate": 0.10365853658536585,
      "count": 164
    },
    "27": {
      "mean_position": 0.47907265690284556,
      "std_position": 0.3328140231099851,
      "initial_rate": 0.18867924528301888,
      "final_rate": 0.10849056603773585,
      "count": 212
    },
    "28": {
      "mean_position": 0.47347392784091497,
      "std_position": 0.33799945735527803,
      "initial_rate": 0.1794871794871795,
      "final_rate": 0.11538461538461539,
      "count": 624
    },
    "29": {
      "mean_position": 0.4568818263520865,
      "std_position": 0.3579615272115364,
      "initial_rate": 0.23667905824039653,
      "final_rate": 0.13506815365551425,
      "count": 807
    },
    "30": {
      "mean_position": 0.5329515476348491,
      "std_position": 0.36818857511159464,
      "initial_rate": 0.19577735124760076,
      "final_rate": 0.2092130518234165,
      "count": 521
    },
    "31": {
      "mean_position": 0.4552138822732141,
      "std_position": 0.3124964765812921,
      "initial_rate": 0.12096774193548387,
      "final_rate": 0.0967741935483871,
      "count": 868
    },
    "32": {
      "mean_position": 0.5022914643151174,
      "std_position": 0.3181661729592462,
      "initial_rate": 0.1116951379763469,
      "final_rate": 0.1314060446780552,
      "count": 761
    },
    "33": {
      "mean_position": 0.4649794665570675,
      "std_position": 0.3190437519200552,
      "initial_rate": 0.16543490619670267,
      "final_rate": 0.0977828311540648,
      "count": 1759
    },
    "34": {
      "mean_position": 0.4605212871167876,
      "std_position": 0.31120867731219676,
      "initial_rate": 0.10560146923783287,
      "final_rate": 0.09917355371900827,
      "count": 1089
    },
    "35": {
      "mean_position": 0.46083122606560106,
      "std_position": 0.31302213869553686,
      "initial_rate": 0.1171875,
      "final_rate": 0.0859375,
      "count": 256
    },
    "36": {
      "mean_position": 0.5372811547604078,
      "std_position": 0.32504604742268,
      "initial_rate": 0.0912863070539419,
      "final_rate": 0.17427385892116182,
      "count": 241
    },
    "37": {
      "mean_position": 0.5033927038828999,
      "std_position": 0.3499563473898109,
      "initial_rate": 0.1568627450980392,
      "final_rate": 0.17647058823529413,
      "count": 51
    },
    "38": {
      "mean_position": 0.782094017094017,
      "std_position": 0.31355173623883975,
      "initial_rate": 0.06,
      "final_rate": 0.58,
      "count": 50
    },
    "39": {
      "mean_position": 0.4950317530027675,
      "std_position": 0.33124476640494543,
      "initial_rate": 0.13043478260869565,
      "final_rate": 0.13043478260869565,
      "count": 207
    },
    "40": {
      "mean_position": 0.8495076519724407,
      "std_position": 0.2738526874155841,
      "initial_rate": 0.056338028169014086,
      "final_rate": 0.6901408450704225,