{
  "folio": "f105r",
  "metadata": {
    "total_tokens": 748,
    "family": 2,
    "priority": "LOW"
  },
  "statistics": {
    "mean_distance": 1.7352941176470589,
    "variance": 0.9299307958477502,
    "kernel_contact_count": 473,
    "kernel_contact_ratio": 0.6323529411764706,
    "longest_excursion": 5,
    "oscillation_count": 340,
    "pattern": "stable"
  },
  "trajectory": [
    3,
    3,
    1,
    1,
    3,
    1,
    3,
    3,
    1,
    1,
    3,
    1,
    3,
    3,
    1,
    1,
    3,
    3,
    3,
    1,
    1,
    3,
    1,
    3,
    3,
    1,
    1,
    3,
    1,
    1,
    1,
    3,
    1,
    3,
    1,
    3,
    1,
    1,
    3,
    1,
    3,
    1,
    1,
    1,
    3,
    1,
    3,
    1,
    3,
    1,
    1,
    3,
    1,
    3,
    1,
    3,
    1,
    1,
    1,
    3,
    1,
    1,
    1,
    1,
    1,
    3,
    1,
    3,
    1,
    1,
    1,
    3,
    1,
    1,
    1,
    1,
    1,
    3,
    1,
    1,
    3,
    1,
    1,
    1,
    1,
    1,
    3,
    1,
    3,
    1,
    1,
    3,
    1,
    1,
    1,
    1,
    1,
    3,
    1,
    3
  ]
}