{
  "folio": "f105v",
  "metadata": {
    "total_tokens": 1170,
    "family": 3,
    "priority": "LOW"
  },
  "statistics": {
    "mean_distance": 1.8854700854700854,
    "variance": 0.9868828986777645,
    "kernel_contact_count": 652,
    "kernel_contact_ratio": 0.5572649572649573,
    "longest_excursion": 9,
    "oscillation_count": 551,
    "pattern": "stable"
  },
  "trajectory": [
    3,
    3,
    1,
    1,
    1,
    1,
    3,
    1,
    3,
    3,
    3,
    1,
    1,
    1,
    1,
    3,
    1,
    3,
    3,
    3,
    1,
    1,
    1,
    1,
    3,
    1,
    3,
    1,
    1,
    1,
    3,
    1,
    3,
    1,
    3,
    1,
    3,
    1,
    3,
    1,
    1,
    1,
    3,
    1,
    3,
    1,
    3,
    1,
    3,
    1,
    3,
    1,
    1,
    1,
    3,
    1,
    3,
    1,
    3,
    1,
    3,
    1,
    3,
    1,
    1,
    3,
    1,
    3,
    3,
    1,
    1,
    1,
    1,
    3,
    1,
    1,
    3,
    1,
    3,
    3,
    1,
    1,
    1,
    1,
    3,
    1,
    1,
    3,
    1,
    3,
    3,
    1,
    1,
    1,
    1,
    3,
    1,
    1,
    1,
    1
  ]
}