{
  "folio": "f33r",
  "metadata": {
    "total_tokens": 216,
    "family": 4,
    "priority": "MEDIUM"
  },
  "statistics": {
    "mean_distance": 1.8981481481481481,
    "variance": 0.9896262002743491,
    "kernel_contact_count": 119,
    "kernel_contact_ratio": 0.5509259259259259,
    "longest_excursion": 8,
    "oscillation_count": 94,
    "pattern": "stable"
  },
  "trajectory": [
    1,
    1,
    1,
    1,
    3,
    1,
    1,
    1,
    3,
    1,
    1,
    1,
    1,
    3,
    1,
    1,
    1,
    3,
    1,
    1,
    1,
    1,
    3,
    1,
    1,
    1,
    3,
    1,
    1,
    1,
    1,
    1,
    3,
    3,
    3,
    3,
    3,
    1,
    1,
    1,
    1,
    1,
    3,
    3,
    3,
    3,
    3,
    3,
    1,
    1,
    1,
    1,
    1,
    3,
    3,
    3,
    3,
    3,
    3,
    3,
    1,
    1,
    1,
    1,
    1,
    1,
    3,
    1,
    1,
    3,
    3,
    1,
    1,
    1,
    1,
    1,
    1,
    3,
    1,
    1,
    3,
    3,
    1,
    1,
    1,
    1,
    1,
    3,
    1,
    3,
    1,
    1,
    3,
    1,
    3,
    3,
    3,
    1,
    3,
    1
  ]
}