{
  "folio": "f83v",
  "metadata": {
    "total_tokens": 1022,
    "family": 2,
    "priority": "MEDIUM"
  },
  "statistics": {
    "mean_distance": 1.471624266144814,
    "variance": 0.7208190838729902,
    "kernel_contact_count": 781,
    "kernel_contact_ratio": 0.764187866927593,
    "longest_excursion": 3,
    "oscillation_count": 364,
    "pattern": "stable"
  },
  "trajectory": [
    1,
    3,
    1,
    1,
    1,
    3,
    1,
    1,
    1,
    1,
    3,
    1,
    1,
    1,
    3,
    3,
    1,
    1,
    1,
    1,
    3,
    1,
    1,
    1,
    3,
    1,
    1,
    1,
    1,
    3,
    1,
    1,
    1,
    3,
    1,
    1,
    1,
    3,
    1,
    1,
    1,
    1,
    1,
    1,
    3,
    1,
    3,
    3,
    1,
    1,
    1,
    1,
    1,
    1,
    3,
    1,
    3,
    3,
    1,
    1,
    1,
    1,
    1,
    1,
    3,
    1,
    3,
    3,
    1,
    1,
    1,
    1,
    1,
    1,
    3,
    1,
    3,
    3,
    1,
    3,
    1,
    1,
    3,
    1,
    3,
    1,
    1,
    3,
    1,
    1,
    1,
    3,
    1,
    3,
    1,
    1,
    3,
    1,
    3,
    1
  ]
}