{
  "folio": "f85v2",
  "metadata": {
    "total_tokens": 398,
    "family": 4,
    "priority": "HIGH"
  },
  "statistics": {
    "mean_distance": 2.0452261306532664,
    "variance": 1.0130299739905524,
    "kernel_contact_count": 189,
    "kernel_contact_ratio": 0.4748743718592965,
    "longest_excursion": 11,
    "oscillation_count": 153,
    "pattern": "oscillating"
  },
  "trajectory": [
    3,
    3,
    3,
    1,
    1,
    3,
    3,
    1,
    3,
    1,
    3,
    3,
    3,
    3,
    3,
    3,
    3,
    3,
    3,
    1,
    3,
    3,
    1,
    3,
    1,
    1,
    3,
    3,
    1,
    1,
    1,
    1,
    3,
    1,
    3,
    3,
    3,
    3,
    3,
    1,
    1,
    1,
    1,
    3,
    3,
    1,
    1,
    1,
    1,
    3,
    3,
    3,
    3,
    1,
    1,
    3,
    3,
    3,
    1,
    3,
    3,
    3,
    3,
    3,
    1,
    1,
    1,
    1,
    3,
    1,
    1,
    0,
    1,
    3,
    3,
    3,
    3,
    3,
    1,
    1,
    1,
    3,
    3,
    3,
    3,
    3,
    3,
    1,
    3,
    3,
    3,
    3,
    1,
    3,
    3,
    3,
    3,
    3,
    1,
    1
  ]
}