{
  "folio": "f86v4",
  "metadata": {
    "total_tokens": 428,
    "family": 8,
    "priority": "MEDIUM"
  },
  "statistics": {
    "mean_distance": 1.8224299065420562,
    "variance": 0.9684688619093332,
    "kernel_contact_count": 252,
    "kernel_contact_ratio": 0.5887850467289719,
    "longest_excursion": 6,
    "oscillation_count": 190,
    "pattern": "stable"
  },
  "trajectory": [
    3,
    3,
    1,
    1,
    1,
    3,
    1,
    1,
    1,
    1,
    1,
    1,
    1,
    1,
    3,
    1,
    1,
    1,
    1,
    1,
    1,
    1,
    1,
    3,
    1,
    3,
    1,
    1,
    3,
    1,
    1,
    1,
    3,
    1,
    1,
    3,
    3,
    3,
    3,
    3,
    3,
    1,
    1,
    1,
    3,
    1,
    1,
    1,
    1,
    1,
    1,
    1,
    3,
    1,
    3,
    1,
    1,
    3,
    1,
    1,
    1,
    1,
    1,
    1,
    3,
    1,
    3,
    1,
    1,
    3,
    1,
    1,
    1,
    3,
    1,
    1,
    3,
    3,
    3,
    3,
    1,
    3,
    1,
    1,
    1,
    1,
    1,
    1,
    1,
    1,
    3,
    1,
    3,
    1,
    1,
    3,
    1,
    1,
    1,
    1
  ]
}