{
  "folio": "f94v",
  "metadata": {
    "total_tokens": 196,
    "family": 4,
    "priority": "MEDIUM"
  },
  "statistics": {
    "mean_distance": 1.7244897959183674,
    "variance": 0.9240941274468942,
    "kernel_contact_count": 125,
    "kernel_contact_ratio": 0.6377551020408163,
    "longest_excursion": 5,
    "oscillation_count": 76,
    "pattern": "stable"
  },
  "trajectory": [
    1,
    1,
    1,
    1,
    1,
    3,
    1,
    1,
    1,
    1,
    1,
    1,
    1,
    3,
    1,
    1,
    3,
    1,
    1,
    1,
    1,
    1,
    1,
    3,
    3,
    3,
    1,
    1,
    1,
    1,
    1,
    1,
    3,
    3,
    1,
    1,
    1,
    3,
    3,
    3,
    1,
    1,
    3,
    1,
    1,
    1,
    3,
    3,
    1,
    1,
    3,
    1,
    3,
    1,
    1,
    1,
    3,
    1,
    1,
    3,
    1,
    1,
    1,
    3,
    1,
    1,
    1,
    1,
    1,
    1,
    1,
    1,
    3,
    1,
    1,
    1,
    1,
    1,
    1,
    1,
    3,
    1,
    1,
    3,
    1,
    3,
    3,
    3,
    1,
    3,
    3,
    1,
    1,
    3,
    1,
    3,
    3,
    3,
    1,
    3
  ]
}