{
  "folio": "f95r2",
  "metadata": {
    "total_tokens": 240,
    "family": 4,
    "priority": "MEDIUM"
  },
  "statistics": {
    "mean_distance": 1.6666666666666667,
    "variance": 0.8888888888888911,
    "kernel_contact_count": 160,
    "kernel_contact_ratio": 0.6666666666666666,
    "longest_excursion": 3,
    "oscillation_count": 110,
    "pattern": "stable"
  },
  "trajectory": [
    1,
    3,
    1,
    1,
    3,
    1,
    3,
    3,
    1,
    3,
    1,
    1,
    3,
    1,
    1,
    3,
    3,
    1,
    3,
    1,
    1,
    3,
    1,
    1,
    3,
    3,
    3,
    1,
    1,
    1,
    1,
    3,
    3,
    1,
    1,
    1,
    3,
    1,
    1,
    1,
    1,
    3,
    3,
    1,
    1,
    1,
    3,
    1,
    1,
    1,
    1,
    3,
    3,
    1,
    1,
    1,
    3,
    1,
    1,
    1,
    1,
    3,
    3,
    3,
    1,
    3,
    3,
    1,
    1,
    1,
    1,
    3,
    3,
    3,
    1,
    3,
    3,
    1,
    1,
    1,
    1,
    3,
    3,
    3,
    1,
    3,
    3,
    1,
    3,
    3,
    1,
    1,
    3,
    1,
    3,
    3,
    1,
    1,
    3,
    1
  ]
}