{
  "folio": "f95v2",
  "metadata": {
    "total_tokens": 189,
    "family": 4,
    "priority": "MEDIUM"
  },
  "statistics": {
    "mean_distance": 1.91005291005291,
    "variance": 0.9919095210100477,
    "kernel_contact_count": 103,
    "kernel_contact_ratio": 0.544973544973545,
    "longest_excursion": 4,
    "oscillation_count": 113,
    "pattern": "stable"
  },
  "trajectory": [
    1,
    3,
    1,
    3,
    1,
    1,
    1,
    1,
    3,
    1,
    3,
    1,
    3,
    1,
    1,
    1,
    1,
    3,
    1,
    3,
    1,
    3,
    1,
    1,
    1,
    1,
    3,
    3,
    1,
    1,
    3,
    1,
    3,
    3,
    1,
    1,
    3,
    1,
    3,
    1,
    1,
    3,
    1,
    3,
    3,
    1,
    3,
    1,
    1,
    3,
    1,
    3,
    3,
    1,
    1,
    3,
    3,
    1,
    3,
    3,
    1,
    1,
    3,
    3,
    1,
    1,
    3,
    1,
    3,
    1,
    1,
    3,
    3,
    1,
    1,
    3,
    1,
    3,
    1,
    3,
    1,
    1,
    3,
    3,
    1,
    1,
    3,
    1,
    3,
    3,
    1,
    1,
    1,
    1,
    3,
    1,
    1,
    3,
    3,
    3
  ]
}