{
  "ht_fl_count_correlation": {
    "spearman_rho": 0.7965822277598632,
    "spearman_p": 3.6161556542353284e-19,
    "partial_rho": 0.1940237591247758,
    "partial_p": 0.08070216790071119
  },
  "ht_fl_rate_correlation": {
    "spearman_rho": 0.3769890508986283,
    "spearman_p": 0.00048099802041006985
  },
  "path_analysis": {
    "azc_fl": {
      "rho": -0.022726406931455286,
      "p": 0.8393983286693896
    },
    "azc_ht": {
      "rho": -0.35159476930901734,
      "p": 0.0011993841302891234
    },
    "fl_ht": {
      "rho": 0.37698905089862833,
      "p": 0.0004809980204100676
    },
    "azc_ht_controlling_fl": {
      "rho": -0.38398580772956326,
      "p": 0.000369001837355479
    }
  },
  "quadrants": {
    "low_azc_low_fl": {
      "n": 21,
      "mean_ht": 31.441783974021217
    },
    "low_azc_high_fl": {
      "n": 20,
      "mean_ht": 37.04357299221299
    },
    "high_azc_low_fl": {
      "n": 20,
      "mean_ht": 25.17367369687023
    },
    "high_azc_high_fl": {
      "n": 21,
      "mean_ht": 30.220418267044753
    }
  }
}