{
  "test": "T3_material_class_alignment",
  "a_sections": [
    "H",
    "P",
    "T"
  ],
  "b_sections": [
    "B",
    "C",
    "H",
    "S",
    "T"
  ],
  "a_exclusive_counts": {
    "H": 513,
    "P": 171,
    "T": 93
  },
  "contingency_matrix": [
    [
      42.0,
      24.0,
      48.0,
      89.0,
      10.0
    ],
    [
      12.0,
      5.0,
      13.0,
      35.0,
      2.0
    ],
    [
      13.0,
      2.0,
      12.0,
      27.0,
      7.0
    ]
  ],
  "chi_square": {
    "chi2": 10.272052409687227,
    "p": 0.24644825470941875,
    "cramers_v": 0.12272595660560699
  },
  "h_exclusive_test": {
    "binom_p": 3.9430193551855555e-06
  },
  "threshold": {
    "cramers_v": 0.2,
    "p": 0.01
  },
  "verdict": "WEAK_ALIGNMENT",
  "explanation": "Cramer's V=0.123 shows weak section alignment"
}