{
  "baseline_zone_distribution": {
    "C": {
      "count": 489,
      "pct": 17.74310595065312
    },
    "P": {
      "count": 317,
      "pct": 11.502177068214804
    },
    "R": {
      "count": 1130,
      "pct": 41.00145137880987
    },
    "S": {
      "count": 494,
      "pct": 17.92452830188679
    },
    "L": {
      "count": 31,
      "pct": 1.1248185776487662
    },
    "OTHER": {
      "count": 295,
      "pct": 10.703918722786646
    }
  },
  "section_t_zone_distribution": {
    "C": {
      "count": 287,
      "pct": 16.852613035819143
    },
    "P": {
      "count": 219,
      "pct": 12.859659424544919
    },
    "R": {
      "count": 748,
      "pct": 43.92248972401644
    },
    "S": {
      "count": 257,
      "pct": 15.091015854374634
    },
    "L": {
      "count": 10,
      "pct": 0.5871990604815032
    },
    "OTHER": {
      "count": 182,
      "pct": 10.687022900763358
    }
  },
  "s_zone_test": {
    "odds_ratio": 0.8138239790347237,
    "p_value": 0.01507384158250414,
    "enriched": "False"
  },
  "l_zone_test": {
    "odds_ratio": 0.5192157460511022,
    "p_value": 0.07597567237648932,
    "enriched": "False"
  },
  "boundary_test": {
    "odds_ratio": 0.7901273378432153,
    "p_value": 0.0041928527736955126,
    "enriched": "False",
    "t_boundary_pct": 15.678214914856136,
    "baseline_boundary_pct": 19.04934687953556
  },
  "per_middle_profiles": {
    "lol": {
      "total": 1,
      "zones": {
        "S": 1
      },
      "s_pct": 100.0,
      "l_pct": 0.0,
      "boundary_pct": 100.0
    },
    "old": {
      "total": 1,
      "zones": {
        "S": 1
      },
      "s_pct": 100.0,
      "l_pct": 0.0,
      "boundary_pct": 100.0
    },
    "ld": {
      "total": 1,
      "zones": {
        "S": 1
      },
      "s_pct": 100.0,
      "l_pct": 0.0,
      "boundary_pct": 100.0
    },
    "ar": {
      "total": 9,
      "zones": {
        "S": 6,
        "OTHER": 2,
        "R": 1
      },
      "s_pct": 66.66666666666666,
      "l_pct": 0.0,
      "boundary_pct": 66.66666666666666
    },
    "ol": {
      "total": 18,
      "zones": {
        "S": 10,
        "R": 5,
        "OTHER": 2,
        "P": 1
      },
      "s_pct": 55.55555555555556,
      "l_pct": 0.0,
      "boundary_pct": 55.55555555555556
    },
    "ock": {
      "total": 2,
      "zones": {
        "R": 1,
        "S": 1
      },
      "s_pct": 50.0,
      "l_pct": 0.0,
      "boundary_pct": 50.0
    },
    "ara": {
      "total": 2,
      "zones": {
        "R": 1,
        "S": 1
      },
      "s_pct": 50.0,
      "l_pct": 0.0,
      "boundary_pct": 50.0
    },
    "kal": {
      "total": 2,
      "zones": {
        "S": 1,
        "R": 1
      },
      "s_pct": 50.0,
      "l_pct": 0.0,
      "boundary_pct": 50.0
    },
    "la": {
      "total": 2,
      "zones": {
        "S": 1,
        "P": 1
      },
      "s_pct": 50.0,
      "l_pct": 0.0,
      "boundary_pct": 50.0
    },
    "alo": {
      "total": 4,
      "zones": {
        "R": 2,
        "S": 2
      },
      "s_pct": 50.0,
      "l_pct": 0.0,
      "boundary_pct": 50.0
    },
    "a": {
      "total": 25,
      "zones": {
        "S": 12,
        "R": 8,
        "OTHER": 4,
        "C": 1
      },
      "s_pct": 48.0,
      "l_pct": 0.0,
      "boundary_pct": 48.0
    },
    "al": {
      "total": 25,
      "zones": {
        "S": 12,
        "R": 11,
        "P": 1,
        "C": 1
      },
      "s_pct": 48.0,
      "l_pct": 0.0,
      "boundary_pct": 48.0
    },
    "keo": {
      "total": 5,
      "zones": {
        "S": 2,
        "P": 1,
        "C": 1,
        "R": 1
      },
      "s_pct": 40.0,
      "l_pct": 0.0,
      "boundary_pct": 40.0
    },
    "ai": {
      "total": 5,
      "zones": {
        "S": 2,
        "R": 2,
        "OTHER": 1
      },
      "s_pct": 40.0,
      "l_pct": 0.0,
      "boundary_pct": 40.0
    },
    "ek": {
      "total": 10,
      "zones": {
        "R": 4,
        "S": 4,
        "OTHER": 1,
        "C": 1
      },
      "s_pct": 40.0,
      "l_pct": 0.0,
      "boundary_pct": 40.0
    },
    "oda": {
      "total": 3,
      "zones": {
        "OTHER": 1,
        "S": 1,
        "R": 1
      },
      "s_pct": 33.33333333333333,
      "l_pct": 0.0,
      "boundary_pct": 33.33333333333333
    },
    "*": {
      "total": 3,
      "zones": {
        "OTHER": 1,
        "R": 1,
        "S": 1
      },
      "s_pct": 33.33333333333333,
      "l_pct": 0.0,
      "boundary_pct": 33.33333333333333
    },
    "ck": {
      "total": 3,
      "zones": {
        "P": 1,
        "S": 1,
        "R": 1
      },
      "s_pct": 33.33333333333333,
      "l_pct": 0.0,
      "boundary_pct": 33.33333333333333
    },
    "l": {
      "total": 19,
      "zones": {
        "S": 5,
        "P": 4,
        "R": 4,
        "C": 3,
        "OTHER": 3
      },
      "s_pct": 26.31578947368421,
      "l_pct": 0.0,
      "boundary_pct": 26.31578947368421
    },
    "eol": {
      "total": 16,
      "zones": {
        "R": 12,
        "S": 4
      },
      "s_pct": 25.0,
      "l_pct": 0.0,
      "boundary_pct": 25.0
    },
    "air": {
      "total": 4,
      "zones": {
        "R": 1,
        "OTHER": 1,
        "C": 1,
        "S": 1
      },
      "s_pct": 25.0,
      "l_pct": 0.0,
      "boundary_pct": 25.0
    },
    "ckh": {
      "total": 4,
      "zones": {
        "P": 2,
        "S": 1,
        "R": 1
      },
      "s_pct": 25.0,
      "l_pct": 0.0,
      "boundary_pct": 25.0
    },
    "eo": {
      "total": 142,
      "zones": {
        "R": 65,
        "S": 24,
        "C": 21,
        "P": 18,
        "OTHER": 12,
        "L": 2
      },
      "s_pct": 16.901408450704224,
      "l_pct": 1.4084507042253522,
      "boundary_pct": 18.30985915492958
    },
    "od": {
      "total": 12,
      "zones": {
        "R": 4,
        "OTHER": 2,
        "P": 2,
        "C": 2,
        "S": 1,
        "L": 1
      },
      "s_pct": 8.333333333333332,
      "l_pct": 8.333333333333332,
      "boundary_pct": 16.666666666666664
    },
    "cth": {
      "total": 6,
      "zones": {
        "P": 2,
        "R": 2,
        "OTHER": 1,
        "S": 1
      },
      "s_pct": 16.666666666666664,
      "l_pct": 0.0,
      "boundary_pct": 16.666666666666664
    },
    "k": {
      "total": 18,
      "zones": {
        "P": 7,
        "C": 4,
        "S": 3,
        "OTHER": 2,
        "R": 2
      },
      "s_pct": 16.666666666666664,
      "l_pct": 0.0,
      "boundary_pct": 16.666666666666664
    },
    "ed": {
      "total": 13,
      "zones": {
        "R": 9,
        "S": 2,
        "OTHER": 1,
        "C": 1
      },
      "s_pct": 15.384615384615385,
      "l_pct": 0.0,
      "boundary_pct": 15.384615384615385
    },
    "eod": {
      "total": 20,
      "zones": {
        "R": 10,
        "S": 3,
        "OTHER": 3,
        "P": 2,
        "C": 2
      },
      "s_pct": 15.0,
      "l_pct": 0.0,
      "boundary_pct": 15.0
    },
    "d": {
      "total": 7,
      "zones": {
        "R": 4,
        "C": 1,
        "S": 1,
        "OTHER": 1
      },
      "s_pct": 14.285714285714285,
      "l_pct": 0.0,
      "boundary_pct": 14.285714285714285
    },
    "o": {
      "total": 108,
      "zones": {
        "R": 45,
        "C": 28,
        "S": 14,
        "OTHER": 11,
        "P": 9,
        "L": 1
      },
      "s_pct": 12.962962962962962,
      "l_pct": 0.9259259259259258,
      "boundary_pct": 13.88888888888889
    },
    "eeo": {
      "total": 37,
      "zones": {
        "R": 17,
        "C": 11,
        "S": 5,
        "P": 2,
        "OTHER": 2
      },
      "s_pct": 13.513513513513514,
      "l_pct": 0.0,
      "boundary_pct": 13.513513513513514
    },
    "_EMPTY_": {
      "total": 862,
      "zones": {
        "R": 377,
        "C": 152,
        "P": 120,
        "S": 107,
        "OTHER": 100,
        "L": 6
      },
      "s_pct": 12.412993039443156,
      "l_pct": 0.6960556844547563,
      "boundary_pct": 13.109048723897912
    },