{
  "probe_id": "A_BUNDLE_GENERATOR",
  "goal": "See where and how the generator fails (failure modes = structure)",
  "constraints_included": [
    "MIDDLE atomic incompatibility (C475)",
    "Line length distribution (C233, C250-C252)",
    "PREFIX priors (empirical frequencies)",
    "LINE as specification context"
  ],
  "constraints_excluded": [
    "Marker exclusivity rules",
    "Section conditioning",
    "AZC family information",
    "HT correlations",
    "Suffix preferences",
    "Adjacency coherence (C424)"
  ],
  "corpus_size": {
    "real_lines": 441,
    "synthetic_lines": 441,
    "unique_middles": 1187
  },
  "real_diagnostics": {
    "line_length_mean": 19.244897959183675,
    "line_length_std": 36.756524125737386,
    "line_length_median": 8.0,
    "unique_middles": 1187,
    "middle_entropy": 7.399583754114284,
    "prefixes_per_line_mean": 1.784580498866213,
    "prefixes_per_line_std": 1.6986957431061387,
    "lines_zero_mixing": 0.6145124716553289,
    "lines_low_mixing": 0.7845804988662132,
    "lines_high_mixing": 0.14512471655328799,
    "lines_with_repetition_frac": 0.963718820861678,
    "avg_repetitions_per_line": 11.920634920634921,
    "pure_block_frac": 0.46938775510204084,
    "universal_middle_frac": 0.31589489807941556
  },
  "synthetic_diagnostics": {
    "line_length_mean": 20.02267573696145,
    "line_length_std": 40.64853429935988,
    "line_length_median": 8.0,
    "unique_middles": 330,
    "middle_entropy": 4.704519191123018,
    "prefixes_per_line_mean": 4.639455782312925,
    "prefixes_per_line_std": 2.002081382600934,
    "lines_zero_mixing": 0.027210884353741496,
    "lines_low_mixing": 0.16099773242630386,
    "lines_high_mixing": 0.6394557823129252,
    "lines_with_repetition_frac": 0.6394557823129252,
    "avg_repetitions_per_line": 12.467120181405896,
    "pure_block_frac": 0.027210884353741496,
    "universal_middle_frac": 0.5674971687429219
  },
  "comparison": {
    "line_length_mean": {
      "real": 19.2449,
      "synthetic": 20.0227,
      "difference": 0.7778,
      "relative_diff": 0.0404
    },
    "line_length_std": {
      "real": 36.7565,
      "synthetic": 40.6485,
      "difference": 3.892,
      "relative_diff": 0.1059
    },
    "line_length_median": {
      "real": 8.0,
      "synthetic": 8.0,
      "difference": 0.0,
      "relative_diff": 0.0
    },
    "unique_middles": {
      "real": 1187,
      "synthetic": 330,
      "difference": -857,
      "relative_diff": -0.722
    },
    "middle_entropy": {
      "real": 7.3996,
      "synthetic": 4.7045,
      "difference": -2.6951,
      "relative_diff": -0.3642
    },
    "prefixes_per_line_mean": {
      "real": 1.7846,
      "synthetic": 4.6395,
      "difference": 2.8549,
      "relative_diff": 1.5997
    },
    "prefixes_per_line_std": {
      "real": 1.6987,
      "synthetic": 2.0021,
      "difference": 0.3034,
      "relative_diff": 0.1786
    },
    "lines_zero_mixing": {
      "real": 0.6145,
      "synthetic": 0.0272,
      "difference": -0.5873,
      "relative_diff": -0.9557
    },
    "lines_low_mixing": {
      "real": 0.7846,
      "synthetic": 0.161,
      "difference": -0.6236,
      "relative_diff": -0.7948
    },
    "lines_high_mixing": {
      "real": 0.1451,
      "synthetic": 0.6395,
      "difference": 0.4943,
      "relative_diff": 3.4062
    },
    "lines_with_repetition_frac": {
      "real": 0.9637,
      "synthetic": 0.6395,
      "difference": -0.3243,
      "relative_diff": -0.3365
    },
    "avg_repetitions_per_line": {
      "real": 11.9206,
      "synthetic": 12.4671,
      "difference": 0.5465,
      "relative_diff": 0.0458
    },
    "pure_block_frac": {
      "real": 0.4694,
      "synthetic": 0.0272,
      "difference": -0.4422,
      "relative_diff": -0.942
    },
    "universal_middle_frac": {
      "real": 0.3159,
      "synthetic": 0.5675,
      "difference": 0.2516,
      "relative_diff": 0.7965
    }
  },
  "failures": [
    [
      "lines_high_mixing",
      {
        "real": 0.1451,
        "synthetic": 0.6395,
        "difference": 0.4943,
        "relative_diff": 3.4062
      }
    ],
    [
      "prefixes_per_line_mean",
      {
        "real": 1.7846,
        "synthetic": 4.6395,
        "difference": 2.8549,
        "relative_diff": 1.5997
      }
    ],
    [
      "lines_zero_mixing",
      {
        "real": 0.6145,
        "synthetic": 0.0272,
        "difference": -0.5873,
        "relative_diff": -0.9557
      }
    ],
    [
      "pure_block_frac",
      {
        "real": 0.4694,
        "synthetic": 0.0272,
        "difference": -0.4422,
        "relative_diff": -0.942
      }
    ],
    [
      "universal_middle_frac",
      {
        "real": 0.3159,
        "synthetic": 0.5675,
        "difference": 0.2516,
        "relative_diff": 0.7965
      }
    ],
    [
      "lines_low_mixing",
      {
        "real": 0.7846,
        "synthetic": 0.161,
        "difference": -0.6236,
        "relative_diff": -0.7948
      }
    ],
    [
      "unique_middles",
      {
        "real": 1187,
        "synthetic": 330,
        "difference": -857,
        "relative_diff": -0.722
      }
    ],
    [
      "middle_entropy",
      {
        "real": 7.3996,
        "synthetic": 4.7045,
        "difference": -2.6951,
        "relative_diff": -0.3642
      }
    ],
    [
      "lines_with_repetition_frac",
      {
        "real": 0.9637,
        "synthetic": 0.6395,
        "difference": -0.3243,
        "relative_diff": -0.3365
      }
    ]
  ],
  "verdict": {
    "status": "EXPECTED FAILURE",
    "n_failures": 9,
    "n_total": 14,
    "interpretation": "Generator fails on multiple dimensions - structure exists beyond constraints"
  }
}