{
  "track_0": {
    "track": 0,
    "name": "Folio Atomicity",
    "verdict": "AMBIGUOUS",
    "a_folios": 114,
    "b_folios": 82,
    "a_mean_size": 100.13157894736842,
    "b_mean_size": 283.2439024390244,
    "a_overlap": 0.09119949643139147,
    "b_overlap": 0.1383171105020791,
    "overlap_ratio": 0.6593507925400207,
    "hapax_rate": 0.7071967498549042,
    "reasoning": "Metrics in intermediate range"
  },
  "track_1_2": {
    "track": "1-2",
    "name": "Grammar Coverage & Transition Validity",
    "verdict": "DISJOINT",
    "t1_coverage": 0.13569864213753832,
    "t1_verdict": "FAIL",
    "t2_validity": 0.020971595434032386,
    "t2_verdict": "FAIL",
    "a_tokens": 11415,
    "a_unique": 3446,
    "novel_rate": 0.667730702263494,
    "missing_rate": 0.14,
    "low_validity_rate": 1.0,
    "reasoning": "Low grammar coverage -> different vocabulary system"
  },
  "track_3": {
    "track": 3,
    "name": "Hazard Topology",
    "verdict": "FAIL",
    "hazard_verdict": "DISJOINT",
    "violations": 5,
    "violation_rate": 0.0004424387222369702,
    "approaches": 2570,
    "approach_rate": 0.22741350322980267,
    "hazard_presence": 0.12203241349102059,
    "reasoning": "5 forbidden transitions occur -> A operates under different rules"
  },
  "track_4": {
    "track": 4,
    "name": "HT vs System-Track Classification",
    "verdict": "SYSTEM_TRACK",
    "operational_rate": 0.2589575120455541,
    "hazard_rate": 0.12203241349102059,
    "morphology_rate": 0.8308366184844503,
    "seam_presence": 5,
    "near_hazard_rate": 0.22785594195203965,
    "conditions_met": 2,
    "reasoning": "Meets multiple system-track conditions -> likely executable"
  },
  "track_5": {
    "track": 5,
    "name": "Morphological Independence",
    "verdict": "DIVERGENT",
    "a_only_prefixes": 21,
    "a_only_suffixes": 35,
    "b_only_prefixes": 61,
    "b_only_suffixes": 40,
    "prefix_overlap": 0.5920398009950248,
    "suffix_overlap": 0.5879120879120879,
    "divergence": 0.41002405554644367,
    "reasoning": "Significant morphological independence (41.0% divergence)"
  },
  "track_6": {
    "track": 6,
    "name": "LINK/Kernel Contact",
    "verdict": "DIFFERENT",
    "a_link_density": 0.030048182216381954,
    "b_link_density": 0.06608972703005253,
    "link_ratio": 0.4546573812102197,
    "a_kernel_density": 0.024178712220762157,
    "b_kernel_density": 0.007491604236631361,
    "a_contact": 0.9812527376259308,
    "b_contact": 0.9721002324980625,
    "contact_ratio": 1.009415186646287,
    "reasoning": "LINK density diverges significantly (ratio 0.45x)"
  },
  "track_7": {
    "track": 7,
    "name": "Structural Density",
    "verdict": "SPARSE",
    "a_mean_size": 100.13157894736842,
    "b_mean_size": 283.2439024390244,
    "density_ratio": 0.3535171563628783,
    "a_diversity": 0.30188348664038545,
    "b_diversity": 0.21295100318608456,
    "a_mean_length": 4.890670170827858,
    "b_mean_length": 5.151812623783691,
    "reasoning": "A is much sparser than B (ratio 0.35x) - label-like"
  },
  "track_8": {
    "track": 8,
    "name": "Execution Simulation",
    "verdict": "FAIL",
    "total_tokens": 11415,
    "stalls": 9866,
    "stall_rate": 0.8643013578624616,
    "dead_ends": 7255,
    "dead_end_rate": 63.64035087719298,
    "high_stall_folios": 114,
    "high_stall_rate": 1.0,
    "reasoning": "High stall rate (86.4%) - execution would fail"
  },
  "final_verdict": "DISJOINT",
  "final_reasoning": "Low grammar coverage - different vocabulary system"
}