{
  "grammar": {
    "ttr": 0.13707206965120652,
    "top_10_pct": 1.3315363881401616,
    "hapax_pct": 36.44383454224662,
    "verdict": "PARTIAL_STRUCTURE",
    "unique_tokens": 5101,
    "unique_transitions": 17797
  },
  "section": {
    "a_dominant": [
      "H",
      "P"
    ],
    "b_dominant": [
      "A",
      "B",
      "C",
      "S",
      "Z"
    ],
    "mixed": [
      "T"
    ],
    "interpretation": "SECTIONALLY_SEGREGATED"
  },
  "vocabulary": {
    "overall_exclusivity": 84.45402862183886,
    "section_exclusive_counts": {
      "H": 2789,
      "P": 1144,
      "T": 375
    }
  },
  "position": {
    "a_positions": [
      0,
      1,
      2,
      3,
      4,
      5,
      6,
      7,
      8,
      9,
      10,
      11,
      12,
      13,
      14,
      15,
      16,
      17,
      18,
      19,
      20,
      21,
      22,
      23,
      24,
      25,
      26,
      27,
      28,
      29,
      30,
      31,
      32,
      33,
      34,
      35,
      36,
      37,
      38,
      39,
      40,
      41,
      42,
      43,
      44,
      45,
      46,
      47,
      50,
      51,
      52,
      53,
      54,
      55,
      56,
      57,
      60,
      61,
      66,
      67,
      68,
      69,
      70,
      71,
      72,
      73,
      80,
      81,
      84,
      85,
      86,
      87,
      90,
      91,
      94,
      95,
      98,
      99,
      100,
      101,
      102,
      103,
      104,
      105,
      108,
      109,
      112,
      113,
      171,
      172,
      173,
      174,
      175,
      176,
      177,
      178,
      179,
      180,
      181,
      182,
      183,
      184,
      191,
      192,
      193,
      194,
      195,
      196,
      197,
      198,
      199,
      200,
      201,
      202
    ],
    "b_positions": [
      48,
      49,
      58,
      59,
      62,
      63,
      64,
      65,
      74,
      75,
      76,
      77,
      78,
      79,
      82,
      83,
      88,
      89,
      92,
      93,
      96,
      97,
      106,
      107,
      110,
      116,
      117,
      144,
      145,
      146,
      147,
      148,
      149,
      150,
      151,
      152,
      153,
      154,
      155,
      156,
      157,
      158,
      159,
      160,
      161,
      162,
      163,
      164,
      165,
      166,
      167,
      168,
      169,
      170,
      185,
      186,
      187,
      188,
      189,
      190,
      203,
      204,
      205,
      206,
      207,
      208,
      209,
      210,
      211,
      212,
      213,
      214,
      215,
      216,
      217,
      218,
      219,
      220,
      221,
      222,
      223,
      224,
      225
    ],
    "ordering": "A_BEFORE_B"
  },
  "morphology": {
    "pref_overlap": 0.35135135135135137,
    "suff_overlap": 0.6129032258064516,
    "verdict": "PARTIAL_OVERLAP"
  },
  "hypotheses": {
    "scores": {
      "H1_PREPARATION": 0.8,
      "H2_ALTERNATE_PRODUCTS": 0.8,
      "H3_POST_PROCESSING": 0.6,
      "H4_DEFINITIONAL": 0.2,
      "H5_DIFFERENT_AUTHOR": 0.8,
      "H6_ANNOTATIONS": 0.0
    },
    "ranked": [
      [
        "H1_PREPARATION",
        0.8
      ],
      [
        "H2_ALTERNATE_PRODUCTS",
        0.8
      ],
      [
        "H5_DIFFERENT_AUTHOR",
        0.8
      ],
      [
        "H3_POST_PROCESSING",
        0.6
      ],
      [
        "H4_DEFINITIONAL",
        0.2
      ],
      [
        "H6_ANNOTATIONS",
        0.0
      ]
    ],
    "best": "H1_PREPARATION",
    "confidence": "HIGH"
  }
}