{
  "f26r": {
    "folio": "f26r",
    "total": 85,
    "l_rate": 1.1764705882352942,
    "late_rate": 1.1764705882352942,
    "energy_rate": 41.17647058823529
  },
  "f26v": {
    "folio": "f26v",
    "total": 89,
    "l_rate": 0.0,
    "late_rate": 4.49438202247191,
    "energy_rate": 43.82022471910113
  },
  "f31r": {
    "folio": "f31r",
    "total": 100,
    "l_rate": 1.0,
    "late_rate": 0.0,
    "energy_rate": 50.0
  },
  "f31v": {
    "folio": "f31v",
    "total": 108,
    "l_rate": 0.0,
    "late_rate": 4.62962962962963,
    "energy_rate": 28.703703703703702
  },
  "f33r": {
    "folio": "f33r",
    "total": 72,
    "l_rate": 0.0,
    "late_rate": 1.3888888888888888,
    "energy_rate": 36.11111111111111
  },
  "f33v": {
    "folio": "f33v",
    "total": 109,
    "l_rate": 0.0,
    "late_rate": 2.7522935779816518,
    "energy_rate": 25.688073394495415
  },
  "f34r": {
    "folio": "f34r",
    "total": 144,
    "l_rate": 1.3888888888888888,
    "late_rate": 0.6944444444444444,
    "energy_rate": 36.80555555555556
  },
  "f34v": {
    "folio": "f34v",
    "total": 115,
    "l_rate": 0.8695652173913043,
    "late_rate": 0.8695652173913043,
    "energy_rate": 49.56521739130435
  },
  "f39r": {
    "folio": "f39r",
    "total": 154,
    "l_rate": 1.948051948051948,
    "late_rate": 1.948051948051948,
    "energy_rate": 45.45454545454545
  },
  "f39v": {
    "folio": "f39v",
    "total": 142,
    "l_rate": 0.0,
    "late_rate": 3.5211267605633805,
    "energy_rate": 26.76056338028169
  },
  "f40r": {
    "folio": "f40r",
    "total": 97,
    "l_rate": 0.0,
    "late_rate": 6.185567010309279,
    "energy_rate": 24.742268041237114
  },
  "f40v": {
    "folio": "f40v",
    "total": 106,
    "l_rate": 0.0,
    "late_rate": 3.7735849056603774,
    "energy_rate": 36.79245283018868
  },
  "f41r": {
    "folio": "f41r",
    "total": 97,
    "l_rate": 1.0309278350515463,
    "late_rate": 2.0618556701030926,
    "energy_rate": 57.73195876288659
  },
  "f41v": {
    "folio": "f41v",
    "total": 68,
    "l_rate": 0.0,
    "late_rate": 1.4705882352941175,
    "energy_rate": 32.35294117647059
  },
  "f43r": {
    "folio": "f43r",
    "total": 150,
    "l_rate": 0.0,
    "late_rate": 0.0,
    "energy_rate": 42.66666666666667
  },
  "f43v": {
    "folio": "f43v",
    "total": 153,
    "l_rate": 2.6143790849673203,
    "late_rate": 2.6143790849673203,
    "energy_rate": 39.21568627450981
  },
  "f46r": {
    "folio": "f46r",
    "total": 157,
    "l_rate": 0.6369426751592357,
    "late_rate": 1.2738853503184715,
    "energy_rate": 56.05095541401274
  },
  "f46v": {
    "folio": "f46v",
    "total": 111,
    "l_rate": 0.9009009009009009,
    "late_rate": 0.9009009009009009,
    "energy_rate": 39.63963963963964
  },
  "f48r": {
    "folio": "f48r",
    "total": 89,
    "l_rate": 2.247191011235955,
    "late_rate": 2.247191011235955,
    "energy_rate": 28.08988764044944
  },
  "f48v": {
    "folio": "f48v",
    "total": 126,
    "l_rate": 0.7936507936507936,
    "late_rate": 2.380952380952381,
    "energy_rate": 30.952380952380953
  },
  "f50r": {
    "folio": "f50r",
    "total": 89,
    "l_rate": 2.247191011235955,
    "late_rate": 6.741573033707865,
    "energy_rate": 33.70786516853933
  },
  "f50v": {
    "folio": "f50v",
    "total": 98,
    "l_rate": 0.0,
    "late_rate": 2.0408163265306123,
    "energy_rate": 31.63265306122449
  },
  "f55r": {
    "folio": "f55r",
    "total": 124,
    "l_rate": 0.0,
    "late_rate": 2.4193548387096775,
    "energy_rate": 32.25806451612903
  },
  "f55v": {
    "folio": "f55v",
    "total": 104,
    "l_rate": 0.0,
    "late_rate": 1.9230769230769231,
    "energy_rate": 21.153846153846153
  },
  "f57r": {
    "folio": "f57r",
    "total": 87,
    "l_rate": 0.0,
    "late_rate": 0.0,
    "energy_rate": 47.12643678160919
  },
  "f66r": {
    "folio": "f66r",
    "total": 329,
    "l_rate": 1.21580547112462,
    "late_rate": 0.911854103343465,
    "energy_rate": 46.808510638297875
  },
  "f66v": {
    "folio": "f66v",
    "total": 113,
    "l_rate": 1.7699115044247788,
    "late_rate": 0.0,
    "energy_rate": 47.78761061946903
  },
  "f75r": {
    "folio": "f75r",
    "total": 412,
    "l_rate": 1.4563106796116505,
    "late_rate": 0.48543689320388345,
    "energy_rate": 54.61165048543689
  },
  "f75v": {
    "folio": "f75v",
    "total": 339,
    "l_rate": 2.949852507374631,
    "late_rate": 0.5899705014749262,
    "energy_rate": 48.67256637168141
  },
  "f76r": {
    "folio": "f76r",
    "total": 546,
    "l_rate": 2.564102564102564,
    "late_rate": 1.6483516483516485,
    "energy_rate": 52.56410256410257
  },
  "f76v": {
    "folio": "f76v",
    "total": 400,
    "l_rate": 1.5,
    "late_rate": 1.0,
    "energy_rate": 51.5
  },
  "f77r": {
    "folio": "f77r",
    "total": 325,
    "l_rate": 3.3846153846153846,
    "late_rate": 0.6153846153846154,
    "energy_rate": 64.0
  },
  "f77v": {
    "folio": "f77v",
    "total": 331,
    "l_rate": 2.416918429003021,
    "late_rate": 0.3021148036253776,
    "energy_rate": 59.516616314199396
  },
  "f78r": {
    "folio": "f78r",
    "total": 294,
    "l_rate": 0.6802721088435374,
    "late_rate": 1.3605442176870748,
    "energy_rate": 39.455782312925166
  },
  "f78v": {
    "folio": "f78v",
    "total": 292,
    "l_rate": 1.36986301369863,
    "late_rate": 1.36986301369863,
    "energy_rate": 42.465753424657535
  },
  "f79r": {
    "folio": "f79r",
    "total": 389,
    "l_rate": 2.056555269922879,
    "late_rate": 1.2853470437017995,
    "energy_rate": 52.95629820051414
  },
  "f79v": {
    "folio": "f79v",
    "total": 354,
    "l_rate": 1.694915254237288,
    "late_rate": 2.5423728813559325,
    "energy_rate": 43.22033898305085
  },
  "f80r": {
    "folio": "f80r",
    "total": 441,
    "l_rate": 2.494331065759637,
    "late_rate": 2.2675736961451247,
    "energy_rate": 51.02040816326531
  },
  "f80v": {
    "folio": "f80v",
    "total": 378,
    "l_rate": 3.439153439153439,
    "late_rate": 1.3227513227513228,
    "energy_rate": 49.47089947089947
  },
  "f81r": {
    "folio": "f81r",
    "total": 207,
    "l_rate": 0.966183574879227,
    "late_rate": 3.3816425120772946,
    "energy_rate": 45.893719806763286
  },
  "f81v": {
    "folio": "f81v",
    "total": 258,
    "l_rate": 1.937984496124031,
    "late_rate": 0.0,
    "energy_rate": 43.41085271317829
  },
  "f82r": {
    "folio": "f82r",
    "total": 275,
    "l_rate": 1.8181818181818181,
    "late_rate": 1.090909090909091,
    "energy_rate": 59.27272727272728
  },
  "f82v": {
    "folio": "f82v",
    "total": 298,
    "l_rate": 4.697986577181208,
    "late_rate": 2.013422818791946,
    "energy_rate": 60.40268456375839
  },
  "f83r": {
    "folio": "f83r",
    "total": 340,
    "l_rate": 4.411764705882353,
    "late_rate": 0.29411764705882354,
    "energy_rate": 55.294117647058826
  },
  "f83v": {
    "folio": "f83v",
    "total": 263,
    "l_rate": 4.942965779467681,
    "late_rate": 0.0,
    "energy_rate": 66.53992395437263
  },
  "f84r": {
    "folio": "f84r",
    "total": 361,
    "l_rate": 1.10803324099723,
    "late_rate": 3.8781163434903045,
    "energy_rate": 44.59833795013851
  },
  "f84v": {
    "folio": "f84v",
    "total": 347,
    "l_rate": 2.0172910662824206,
    "late_rate": 0.8645533141210375,
    "energy_rate": 38.61671469740634
  },
  "f85r1": {
    "folio": "f85r1",
    "total": 333,
    "l_rate": 0.9009009009009009,
    "late_rate": 3.6036036036036037,
    "energy_rate": 40.84084084084084
  },
  "f85r2": {
    "folio": "f85r2",
    "total": 155,
    "l_rate": 0.0,
    "late_rate": 3.225806451612903,
    "energy_rate": 32.903225806451616
  },
  "f86v4": {
    "folio": "f86v4",
    "total": 188,
    "l_rate": 0.0,
    "late_rate": 3.1914893617021276,
    "energy_rate": 35.638297872340424
  },
  "f86v6": {
    "folio": "f86v6",
    "total": 479,
    "l_rate": 1.2526096033402923,
    "late_rate": 3.7578288100208765,
    "energy_rate": 38.20459290187891
  },
  "f86v5": {
    "folio": "f86v5",
    "total": 381,