{
  "metadata": {
    "phase": 348,
    "name": "GENERATIVE_SUFFICIENCY",
    "n_instantiations": 20,
    "n_tests": 15,
    "test_names": [
      "A1",
      "A2",
      "A3",
      "A4",
      "B1",
      "B2",
      "B3",
      "B4",
      "B5",
      "C1",
      "C2",
      "C3",
      "D1",
      "D2",
      "D3"
    ]
  },
  "real_metrics": {
    "A1_class_kl": 0.0,
    "A2_hapax_rate": 0.02564102564102564,
    "A3_active_classes": 48,
    "A4_type_count": 468,
    "B1_spectral_gap": 0.8938110932033912,
    "B2_axm_self": 0.6975552471442298,
    "B3_forbidden": 13,
    "B4_role_rank": false,
    "B5_fwd_rev_jsd": 0.09006101453424803,
    "C1_suffix_rate": 0.36937834807524605,
    "C2_cc_suffix_free": 0.833822091886608,
    "C3_prefix_entropy_red": 0.59239533201213,
    "D1_stationary": {
      "AXM": 0.676653793447116,
      "AXm": 0.03039740874548399,
      "FQ": 0.18001744113616544,
      "CC": 0.04578298243428429,
      "FL_HAZ": 0.0595490220505793,
      "FL_SAFE": 0.007599352186370998
    },
    "D2_axm_dwell": 2.5093555093555096,
    "D3_cross_line_mi": 0.5212017615178705,
    "hallucination_rate": 0.0
  },
  "models": {
    "M0": {
      "mean_pass": 11.0,
      "std_pass": 0.0,
      "mean_pass_rate": 0.7333333333333333,
      "per_test_pass_rate": {
        "A1": 1.0,
        "A2": 1.0,
        "A3": 1.0,
        "A4": 1.0,
        "B1": 0.0,
        "B2": 1.0,
        "B3": 0.0,
        "B4": 0.0,
        "B5": 1.0,
        "C1": 1.0,
        "C2": 0.0,
        "C3": 1.0,
        "D1": 1.0,
        "D2": 1.0,
        "D3": 1.0
      },
      "hallucination_rate": 0.0,
      "metric_means": {
        "A1_class_kl": {
          "mean": 0.002177505779126595,
          "std": 0.0002914567700813713
        },
        "A2_hapax_rate": {
          "mean": 0.02971193210433932,
          "std": 0.004650889589068999
        },
        "A3_active_classes": {
          "mean": 48.0,
          "std": 0.0
        },
        "A4_type_count": {
          "mean": 460.95,
          "std": 1.9358460682605938
        },
        "B1_spectral_gap": {
          "mean": 0.9811245989611725,
          "std": 0.004545476240773451
        },
        "B2_axm_self": {
          "mean": 0.6749238821797745,
          "std": 0.0033614548404494846
        },
        "B3_forbidden": {
          "mean": 22.8,
          "std": 4.621688003316537
        },
        "B5_fwd_rev_jsd": {
          "mean": 0.057033662691199125,
          "std": 0.002134436106691747
        },
        "C1_suffix_rate": {
          "mean": 0.3704416561577224,
          "std": 0.0034121368000243246
        },
        "C3_prefix_entropy_red": {
          "mean": 0.5925170250129632,
          "std": 0.004577899998824027
        },
        "D2_axm_dwell": {
          "mean": 2.3273689193689893,
          "std": 0.01954262894864493
        },
        "D3_cross_line_mi": {
          "mean": 0.5050716694984108,
          "std": 0.009858282167350768
        }
      }
    },
    "M1": {
      "mean_pass": 11.9,
      "std_pass": 0.30000000000000004,
      "mean_pass_rate": 0.7933333333333333,
      "per_test_pass_rate": {
        "A1": 1.0,
        "A2": 1.0,
        "A3": 1.0,
        "A4": 1.0,
        "B1": 1.0,
        "B2": 1.0,
        "B3": 0.0,
        "B4": 0.0,
        "B5": 0.9,
        "C1": 1.0,
        "C2": 0.0,
        "C3": 1.0,
        "D1": 1.0,
        "D2": 1.0,
        "D3": 1.0
      },
      "hallucination_rate": 0.0,
      "metric_means": {
        "A1_class_kl": {
          "mean": 0.0023545560650299153,
          "std": 0.0003402746957348861
        },
        "A2_hapax_rate": {
          "mean": 0.027781605391196822,
          "std": 0.006598371242039581
        },
        "A3_active_classes": {
          "mean": 48.0,
          "std": 0.0
        },
        "A4_type_count": {
          "mean": 460.6,
          "std": 2.0591260281974
        },
        "B1_spectral_gap": {
          "mean": 0.8979279421471651,
          "std": 0.008684388091074656
        },
        "B2_axm_self": {
          "mean": 0.6946382113713918,
          "std": 0.004258143868852006
        },
        "B3_forbidden": {
          "mean": 27.8,
          "std": 5.025932749251625
        },
        "B5_fwd_rev_jsd": {
          "mean": 0.12957615460476188,
          "std": 0.005195400058157858
        },
        "C1_suffix_rate": {
          "mean": 0.3660195560132322,
          "std": 0.0030283620215142333
        },
        "C3_prefix_entropy_red": {
          "mean": 0.5900424867509486,
          "std": 0.004589061241852049
        },
        "D2_axm_dwell": {
          "mean": 2.4283248037976874,
          "std": 0.021012504126341532
        },
        "D3_cross_line_mi": {
          "mean": 0.4901575135116644,
          "std": 0.010068370539150676
        }
      }
    },
    "M2": {
      "mean_pass": 12.0,
      "std_pass": 0.0,
      "mean_pass_rate": 0.8,
      "per_test_pass_rate": {
        "A1": 1.0,
        "A2": 1.0,
        "A3": 1.0,
        "A4": 1.0,
        "B1": 1.0,
        "B2": 1.0,
        "B3": 1.0,
        "B4": 0.0,
        "B5": 0.0,
        "C1": 1.0,
        "C2": 0.0,
        "C3": 1.0,
        "D1": 1.0,
        "D2": 1.0,
        "D3": 1.0
      },
      "hallucination_rate": 0.0,
      "metric_means": {
        "A1_class_kl": {
          "mean": 0.012289003879132678,
          "std": 0.0017594825475660734
        },
        "A2_hapax_rate": {
          "mean": 0.02591574971610925,
          "std": 0.006174916244382832
        },
        "A3_active_classes": {
          "mean": 48.0,
          "std": 0.0
        },
        "A4_type_count": {
          "mean": 460.85,
          "std": 1.9817921182606415
        },
        "B1_spectral_gap": {
          "mean": 0.8890317505010781,
          "std": 0.009322983446007056
        },
        "B2_axm_self": {
          "mean": 0.706022948164448,
          "std": 0.00410984239084317
        },
        "B3_forbidden": {
          "mean": 0.0,
          "std": 0.0
        },
        "B5_fwd_rev_jsd": {
          "mean": 0.17782640153060597,
          "std": 0.004899794023713929
        },
        "C1_suffix_rate": {
          "mean": 0.36807422547768204,
          "std": 0.003754772187005327
        },
        "C3_prefix_entropy_red": {
          "mean": 0.5853159674690898,
          "std": 0.00480433285982648
        },
        "D2_axm_dwell": {
          "mean": 2.488352428940819,
          "std": 0.018864319215752316
        },
        "D3_cross_line_mi": {
          "mean": 0.4898230449726834,
          "std": 0.01564923792239516
        }
      }
    },
    "M3": {
      "mean_pass": 12.0,
      "std_pass": 0.0,
      "mean_pass_rate": 0.8,
      "per_test_pass_rate": {
        "A1": 1.0,
        "A2": 1.0,
        "A3": 1.0,
        "A4": 1.0,
        "B1": 1.0,
        "B2": 1.0,
        "B3": 0.0,
        "B4": 0.0,
        "B5": 1.0,
        "C1": 1.0,
        "C2": 0.0,
        "C3": 1.0,
        "D1": 1.0,
        "D2": 1.0,
        "D3": 1.0
      },
      "hallucination_rate": 0.0,
      "metric_means": {
        "A1_class_kl": {
          "mean": 0.0021261295117918047,
          "std": 0.0004027895359858313
        },
        "A2_hapax_rate": {
          "mean": 0.026076670673193258,
          "std": 0.0066655261892385985
        },
        "A3_active_classes": {
          "mean": 48.0,
          "std": 0.0
        },
        "A4_type_count": {
          "mean": 459.8,
          "std": 2.8390139133156778
        },
        "B1_spectral_gap": {
          "mean": 0.8958160598747449,
          "std": 0.0065097574598999616
        },
        "B2_axm_self": {
          "mean": 0.6953647520224242,
          "std": 0.00410592628328446
        },
        "B3_forbidden": {
          "mean": 23.0,
          "std": 4.722287581247038
        },
        "B5_fwd_rev_jsd": {
          "mean": 0.058301012428323626,
          "std": 0.0020968151006049186
        },
        "C1_suffix_rate": {
          "mean": 0.3688918791319654,