{
  "phase_name": "AXM_CLASS_COMPOSITION",
  "phase_number": 359,
  "n_folios": 72,
  "n_axm_classes": 32,
  "s1_class_profiles": {
    "corpus_proportions": {
      "1": 0.003508,
      "2": 0.004171,
      "4": 0.012325,
      "6": 0.017823,
      "8": 0.093193,
      "15": 0.006257,
      "16": 0.008532,
      "17": 0.026261,
      "20": 0.018392,
      "21": 0.010239,
      "22": 0.004077,
      "24": 0.052901,
      "25": 0.00967,
      "26": 0.014505,
      "27": 0.018961,
      "28": 0.056978,
      "29": 0.075085,
      "31": 0.080963,
      "32": 0.071293,
      "33": 0.162685,
      "34": 0.100683,
      "35": 0.023322,
      "36": 0.022374,
      "37": 0.004835,
      "39": 0.018961,
      "41": 0.006447,
      "43": 0.009954,
      "44": 0.004077,
      "46": 0.019056,
      "47": 0.021995,
      "48": 0.009006,
      "49": 0.011471
    },
    "n_zero_cells": 605,
    "active_classes_per_folio": {
      "mean": 23.6,
      "min": 14,
      "max": 32
    },
    "hazard_adjacent_classes": [
      1,
      2,
      6,
      8,
      15,
      16,
      17,
      20,
      21,
      22,
      24,
      25,
      27,
      28,
      29,
      31,
      32,
      33,
      35,
      36,
      37,
      41
    ],
    "class_hazard_fracs": {
      "1": 0.375,
      "2": 0.375,
      "4": 0.176,
      "6": 0.522,
      "8": 0.333,
      "15": 0.0,
      "16": 0.4,
      "17": 0.222,
      "20": 0.6,
      "21": 0.5,
      "22": 0.143,
      "24": 0.867,
      "25": 0.333,
      "26": 0.0,
      "27": 0.571,
      "28": 0.44,
      "29": 0.235,
      "31": 0.75,
      "32": 0.286,
      "33": 0.231,
      "34": 0.158,
      "35": 0.417,
      "36": 0.75,
      "37": 0.375,
      "39": 0.176,
      "41": 0.333,
      "43": 0.133,
      "44": 0.0,
      "46": 0.0,
      "47": 0.091,
      "48": 0.0,
      "49": 0.091
    }
  },
  "s2_pca": {
    "n_components_clr": "5",
    "explained_variance_clr": [
      0.1764,
      0.1266,
      0.0769,
      0.0652,
      0.0503,
      0.049,
      0.0446,
      0.0408,
      0.0366,
      0.0333
    ],
    "cumulative_variance_clr": [
      0.1764,
      0.3031,
      0.38,
      0.4452,
      0.4955,
      0.5445,
      0.5891,
      0.6299,
      0.6665,
      0.6998
    ],
    "n_components_raw": "6",
    "explained_variance_raw": [
      0.3369,
      0.1302,
      0.0962,
      0.0741,
      0.0646,
      0.0577,
      0.0465,
      0.0262,
      0.0232,
      0.0217
    ]
  },
  "s3_overdispersion": {
    "overdispersion_ratios": {
      "2": 4.75,
      "33": 3.77,
      "37": 2.97,
      "32": 2.82,
      "48": 2.32,
      "43": 2.09,
      "17": 2.04,
      "46": 1.96,
      "35": 1.93,
      "27": 1.92,
      "16": 1.91,
      "31": 1.89,
      "4": 1.78,
      "8": 1.71,
      "34": 1.7,
      "29": 1.69,
      "15": 1.68,
      "6": 1.68,
      "20": 1.58,
      "26": 1.51,
      "1": 1.39,
      "25": 1.36,
      "28": 1.29,
      "47": 1.27,
      "24": 1.26,
      "21": 1.26,
      "39": 1.17,
      "44": 1.07,
      "49": 1.06,
      "36": 0.94,
      "41": 0.83,
      "22": 0.81
    },
    "n_overdispersed": 7,
    "n_tested": 32,
    "chi2_total": 4365.4,
    "chi2_df": 2232,
    "chi2_p": 0.0
  },
  "s4_residual_prediction": {
    "best_loo_r2": -0.0705,
    "best_k": 2,
    "r2_baseline": 0.5642,
    "r2_loo_baseline": 0.4325,
    "r2_combined": 0.5949,
    "r2_loo_combined": 0.4373,
    "incremental_r2": 0.0307,
    "incremental_loo": 0.0048
  },
  "s5_c458_localization": {
    "hazard_adjacent_classes": [
      1,
      2,
      6,
      8,
      15,
      16,
      17,
      20,
      21,
      22,
      24,
      25,
      27,
      28,
      29,
      31,
      32,
      33,
      35,
      36,
      37,
      41
    ],
    "cv_hazard_aggregate": 0.1025,
    "cv_non_hazard_aggregate": 0.3411,
    "mean_cv_hazard_perclass": 1.0476,
    "mean_cv_non_hazard_perclass": 1.0739
  },
  "s6_prefix_mediation": {
    "n_prefixes": 30,
    "prefix_pc1_vs_class_pc1_rho": -0.5499,
    "prefix_pc1_vs_class_pc1_p": 1e-06
  },
  "s7_diversity": {
    "entropy_mean": 3.934,
    "entropy_std": 0.233,
    "effective_classes_mean": 15.5,
    "entropy_vs_axm_self_rho": 0.0696,
    "entropy_vs_axm_self_p": 0.561529,
    "entropy_vs_residual_rho": 0.0392,
    "entropy_vs_residual_p": 0.743528
  },
  "s8_variance_decomposition": {
    "PC1": {
      "eta2_regime": 0.2969,
      "eta2_section": 0.6507,
      "eta2_archetype": 0.4342
    },
    "PC2": {
      "eta2_regime": 0.2382,
      "eta2_section": 0.5471,
      "eta2_archetype": 0.1635
    },
    "PC3": {
      "eta2_regime": 0.0803,
      "eta2_section": 0.037,
      "eta2_archetype": 0.1361
    }
  },
  "predictions": {
    "P1": {
      "description": "AXM class profiles exceed multinomial sampling noise",
      "result": "7/32 classes overdispersed (>2.0), chi2 p=<0.0001",
      "n_overdispersed": 7,
      "n_tested": 32,
      "chi2": 4365.4,
      "pass": false
    },
    "P2": {
      "description": "Class profile PCs predict C1035 residual (LOO R2 > 0.10)",
      "result": "Best LOO R2=-0.0705 at k=2",
      "best_loo_r2": -0.0705,
      "best_k": 2,
      "incremental_r2": 0.0307,
      "incremental_loo": 0.0048,
      "pass": "False"
    },
    "P3": {
      "description": "Hazard-adjacent class CV < non-hazard class CV (C458 clamping)",
      "result": "CV(hazard)=1.0476, CV(non-hazard)=1.0739, diff=-0.0263",
      "cv_hazard": 1.0476,
      "cv_non_hazard": 1.0739,
      "pass": "False"
    },
    "P4": {
      "description": "PREFIX PC1 co-varies with Class PC1 (|rho| > 0.30)",
      "result": "rho=-0.5499, p=0.000001",
      "rho": -0.5499,
      "pass": "True"
    },
    "P5": {
      "description": "Class diversity correlates with AXM self-transition (|rho| > 0.25)",
      "result": "rho=0.0696, p=0.561529",
      "rho": 0.0696,
      "pass": "False"
    },
    "P6": {
      "description": "REGIME does not explain class profiles (eta2 < 0.30 on PC1-3)",
      "result": "eta2: PC1=0.2969, PC2=0.2382, PC3=0.0803",
      "pass": true
    }
  },
  "n_pass": 2,
  "n_total": 6,
  "verdict": "AXM_CLASS_COMPOSITION_NOT_FOUND"
}