{
  "placement_counts": {
    "T": 1,
    "R1": 462,
    "R2": 386,
    "R3": 205,
    "R4": 39,
    "X": 76,
    "Y": 108,
    "L": 68,
    "R": 234,
    "S": 139,
    "C": 583,
    "Z": 9,
    "F": 2,
    "U": 7,
    "C1": 36,
    "C2": 10,
    "O": 49,
    "I": 37,
    "B": 11,
    "W": 6,
    "S2": 144,
    "S1": 197,
    "S0": 13,
    "S3": 8
  },
  "r_series_total": 1326,
  "s_series_total": 501,
  "c_series_total": 629,
  "r_profile": {
    "qo": 2.5432349949135302,
    "ch": 20.54933875890132,
    "sh": 9.155645981688709,
    "ol": 1.9328585961342828,
    "or": 0.3051881993896236,
    "ok": 14.038657171922686,
    "ot": 24.313326551373347,
    "d": 0.0,
    "s": 0.0,
    "o": 0.0
  },
  "s_profile": {
    "qo": 1.3623978201634876,
    "ch": 10.899182561307901,
    "sh": 4.087193460490464,
    "ol": 2.7247956403269753,
    "or": 2.7247956403269753,
    "ok": 29.155313351498638,
    "ot": 27.247956403269754,
    "d": 0.0,
    "s": 0.0,
    "o": 0.0
  },
  "c_profile": {
    "qo": 1.3245033112582782,
    "ch": 28.2560706401766,
    "sh": 6.401766004415011,
    "ol": 0.8830022075055187,
    "or": 0.8830022075055187,
    "ok": 11.920529801324504,
    "ot": 16.777041942604857,
    "d": 0.0,
    "s": 0.0,
    "o": 0.0
  },
  "similarity": {
    "r_s": 0.8900058633796073,
    "r_c": 0.9490800820303004,
    "s_c": 0.7706360410418638
  },
  "chi2": 112.58541872432858,
  "chi2_p": 1.84107490713544e-18,
  "cramers_v": 0.20777212432333533,
  "verdict": "POSITION_DETERMINES_VOCABULARY"
}