{
  "noise_injection": {
    "0.01": {
      "mean_entropy": 14.569080462969984,
      "std": 0.0021071216235852403,
      "change_pct": 0.35419569694873587
    },
    "0.05": {
      "mean_entropy": 14.765962177891954,
      "std": 0.005058809952285458,
      "change_pct": 1.7103489695350613
    },
    "0.1": {
      "mean_entropy": 14.991136409549195,
      "std": 0.004727914635796012,
      "change_pct": 3.2613856987971332
    },
    "0.15": {
      "mean_entropy": 15.187843252992533,
      "std": 0.005559198840132461,
      "change_pct": 4.6163344281981065
    },
    "0.2": {
      "mean_entropy": 15.365901801806007,
      "std": 0.004692610047299364,
      "change_pct": 5.842830671290408
    }
  },
  "ablation": {
    "1": {
      "remaining_pct": 97.74266067177996,
      "entropy": 14.549373185210104
    },
    "5": {
      "remaining_pct": 91.01824914043904,
      "entropy": 14.604922658049636
    },
    "10": {
      "remaining_pct": 84.79106056598783,
      "entropy": 14.63486654254789
    },
    "20": {
      "remaining_pct": 76.2139645596403,
      "entropy": 14.617533186079081
    },
    "30": {
      "remaining_pct": 70.67971436128009,
      "entropy": 14.581551259634791
    },
    "50": {
      "remaining_pct": 62.373710658555936,
      "entropy": 14.490396011468064
    }
  },
  "leave_one_out": {
    "mean_entropy_change": -0.0958125564366109,
    "std_entropy_change": 0.06057353150804177,
    "max_entropy_change": 0.25458108101924265
  },
  "minimality": {
    "optimal_k": 10,
    "best_silhouette": 0.14951375710674727
  }
}