{
  "RI (A-exclusive)": {
    "count": 673,
    "mean_coverage": 0.9239309889384183,
    "mean_overlap": 0.6517535790938465,
    "mean_compression": 2.2917350645062387,
    "high_overlap_pct": 83.50668647845468
  },
  "PP (A\u2229B shared)": {
    "count": 406,
    "mean_coverage": 1.0,
    "mean_overlap": 0.7690476190476191,
    "mean_compression": 2.650533661740558,
    "high_overlap_pct": 81.52709359605912
  },
  "B-exclusive": {
    "count": 932,
    "mean_coverage": 0.9279246712991348,
    "mean_overlap": 0.6819299679814702,
    "mean_compression": 2.4548696266775667,
    "high_overlap_pct": 86.48068669527898
  },
  "AZC": {
    "count": 675,
    "mean_coverage": 0.9449300411522634,
    "mean_overlap": 0.6751534391534391,
    "mean_compression": 2.3544520870076426,
    "high_overlap_pct": 81.62962962962963
  },
  "B-self": {
    "count": 1307,
    "mean_coverage": 0.9185797476348357,
    "mean_overlap": 0.6619976682333224,
    "mean_compression": 2.1779116721924674,
    "high_overlap_pct": 80.48967100229534
  }
}