{
  "folio_correlation": -0.50568670345338,
  "paragraph_correlation": -0.4765523832700132,
  "role_by_ht_level": {
    "low": {
      "AX": 0.1743753322700691,
      "FL": 0.046251993620414676,
      "CC": 0.05741626794258373,
      "HT": 0.1972355130249867,
      "EN": 0.3980595427963849,
      "FQ": 0.12666135034556086
    },
    "med": {
      "HT": 0.315944093296537,
      "EN": 0.2903053503071308,
      "FL": 0.0468263153209294,
      "FQ": 0.13211074512596813,
      "CC": 0.04353244903409597,
      "AX": 0.17128104691533874
    },
    "high": {
      "HT": 0.4610636277302944,
      "AX": 0.14245014245014245,
      "EN": 0.22530864197530864,
      "FQ": 0.09971509971509972,
      "CC": 0.023504273504273504,
      "FL": 0.04795821462488129
    }
  },
  "n_paragraphs_by_level": {
    "low": 116,
    "med": 241,
    "high": 129
  }
}