{
  "sections": {
    "HERBAL_B": {
      "folios": [
        "f26r",
        "f26v",
        "f31r",
        "f31v",
        "f33r",
        "f33v",
        "f34r",
        "f34v",
        "f39r",
        "f39v",
        "f40r",
        "f40v",
        "f41r",
        "f41v",
        "f43r",
        "f43v",
        "f46r",
        "f46v",
        "f48r",
        "f48v",
        "f50r",
        "f50v",
        "f55r",
        "f55v"
      ],
      "paragraphs": 54,
      "lines": 292,
      "tokens": 2687,
      "ht_tokens": 869,
      "ht_rate": 0.32340900632675845,
      "unique_words": 1109,
      "unique_ht": 766,
      "roles": {
        "HT": 869,
        "AX": 503,
        "EN": 614,
        "FQ": 439,
        "CC": 101,
        "FL": 161
      },
      "classes": {
        "9": 129,
        "34": 118,
        "14": 113,
        "13": 112,
        "33": 102,
        "31": 97,
        "8": 93,
        "23": 85,
        "28": 83,
        "30": 81,
        "24": 69,
        "29": 64,
        "10": 62,
        "7": 58,
        "27": 46,
        "32": 43,
        "35": 36,
        "6": 34,
        "26": 28,
        "39": 28
      }
    },
    "PHARMA": {
      "folios": [
        "f57r",
        "f66r",
        "f66v"
      ],
      "paragraphs": 42,
      "lines": 88,
      "tokens": 529,
      "ht_tokens": 212,
      "ht_rate": 0.4007561436672968,
      "unique_words": 355,
      "unique_ht": 203,
      "roles": {
        "HT": 212,
        "AX": 70,
        "EN": 142,
        "FQ": 52,
        "FL": 34,
        "CC": 19
      },
      "classes": {
        "34": 41,
        "23": 23,
        "30": 19,
        "31": 16,
        "8": 14,
        "29": 13,
        "32": 13,
        "10": 12,
        "13": 12,
        "24": 11,
        "28": 10,
        "40": 9,
        "46": 9,
        "35": 9,
        "14": 9,
        "9": 8,
        "20": 8,
        "33": 7,
        "11": 7,
        "39": 6
      }
    },
    "BIO": {
      "folios": [
        "f75r",
        "f75v",
        "f76r",
        "f76v",
        "f77r",
        "f77v",
        "f78r",
        "f78v",
        "f79r",
        "f79v",
        "f80r",
        "f80v",
        "f81r",
        "f81v",
        "f82r",
        "f82v",
        "f83r",
        "f83v",
        "f84r",
        "f84v"
      ],
      "paragraphs": 149,
      "lines": 843,
      "tokens": 6850,
      "ht_tokens": 1526,
      "ht_rate": 0.22277372262773723,
      "unique_words": 1520,
      "unique_ht": 1150,
      "roles": {
        "AX": 1150,
        "HT": 1526,
        "FQ": 699,
        "EN": 2748,
        "FL": 264,
        "CC": 463
      },
      "classes": {
        "33": 807,
        "8": 470,
        "32": 433,
        "34": 355,
        "13": 314,
        "31": 265,
        "29": 252,
        "11": 233,
        "24": 223,
        "30": 191,
        "28": 179,
        "14": 175,
        "17": 147,
        "23": 108,
        "9": 102,
        "47": 83,
        "10": 83,
        "20": 77,
        "36": 76,
        "35": 61
      }
    },
    "RECIPE_B": {
      "folios": [
        "f85r1",
        "f85r2",
        "f86v4",
        "f86v6",
        "f86v5",
        "f86v3",
        "f95r1",
        "f95r2",
        "f95v2",
        "f95v1",
        "f103r",
        "f103v",
        "f104r",
        "f104v",
        "f105r",
        "f105v",
        "f106r",
        "f106v",
        "f107r",
        "f107v",
        "f108r",
        "f108v",
        "f111r",
        "f111v",
        "f112r",
        "f112v",
        "f113r",
        "f113v",
        "f114r",
        "f114v",
        "f115r",
        "f115v",
        "f116r"
      ],
      "paragraphs": 335,
      "lines": 1311,
      "tokens": 12847,
      "ht_tokens": 4380,
      "ht_rate": 0.3409356269946291,
      "unique_words": 3528,
      "unique_ht": 3073,
      "roles": {
        "HT": 4380,
        "EN": 3664,
        "AX": 2101,
        "FQ": 1663,
        "CC": 428,
        "FL": 611
      },
      "classes": {
        "33": 838,
        "13": 741,
        "34": 573,
        "31": 481,
        "29": 480,
        "8": 426,
        "14": 400,
        "9": 383,
        "28": 352,
        "7": 324,
        "24": 271,
        "32": 267,
        "30": 226,
        "46": 156,
        "10": 153,
        "11": 153,
        "35": 149,
        "36": 145,
        "23": 139,
        "39": 133
      }
    },
    "OTHER": {
      "folios": [
        "f94r",
        "f94v"
      ],
      "paragraphs": 5,
      "lines": 21,
      "tokens": 183,
      "ht_tokens": 55,
      "ht_rate": 0.3005464480874317,
      "unique_words": 143,
      "unique_ht": 53,
      "roles": {
        "AX": 28,
        "HT": 55,
        "EN": 43,
        "CC": 12,
        "FQ": 37,
        "FL": 8
      },
      "classes": {
        "13": 12,
        "14": 10,
        "31": 10,
        "9": 8,
        "23": 7,
        "34": 6,
        "32": 6,
        "24": 5,
        "30": 5,
        "33": 5,
        "10": 4,
        "17": 4,
        "11": 4,
        "29": 3,
        "36": 3,
        "2": 3,
        "8": 3,
        "19": 3,
        "47": 2,
        "16": 2
      }
    }
  }
}