{
  "ht_only_lines": 65,
  "mixed_lines": 2274,
  "no_ht_lines": 206,
  "class_enriched_with_ht": {
    "37": Infinity,
    "42": 3.610944848225738,
    "1": 3.258657545959812,
    "45": 2.818298418127405,
    "48": 2.671512042183269
  },
  "class_depleted_with_ht": {
    "17": 0.7258333210478984,
    "41": 0.6605386917486106,
    "23": 0.6102119342820498,
    "22": 0.572466866182129,
    "15": 0.4563721870263127
  }
}