rank	token	frequency	corpus_pct	folio_count	prefix	middle	suffix	atom_gloss	e_depth	head_atom	terminal_atom	is_headless	par_initial_rate	line_initial_rate	line_final_rate	top_section	confidence	operational_def
1	chedy	491	2.126	78	ch	e	dy	ch:cool.do.end	1	e	y	False	0.0	0.012	0.073	B		
2	ol	421	1.823	68		ol		arrange.state	0	o	l	False	0.005	0.052	0.095	B		
3	shedy	416	1.801	66	sh	e	dy	sh:cool.do.end	1	e	y	False	0.0	0.017	0.041	B		
4	aiin	351	1.52	70		aiin		yield.iterate.iterate.bind	0	a	n	False	0.0	0.0	0.043	S		
5	daiin	314	1.36	76	da	iin		da:iterate.iterate.bind	0	i	n	True	0.0	0.277	0.076	S		
6	qokeedy	306	1.325	54	qo	kee	dy	qo:heat.cool.cool.do.end	2	k	y	False	0.01	0.105	0.016	B		
7	qokain	275	1.191	43	qo	k	ain	qo:heat.yield.iterate.bind	0	k	n	False	0.0	0.087	0.033	B		
8	qokedy	271	1.173	61	qo	ke	dy	qo:heat.cool.do.end	1	k	y	False	0.0	0.074	0.033	B		
9	qokeey	264	1.143	52	qo	kee	y	qo:heat.cool.cool.end	2	k	y	False	0.008	0.102	0.038	S		
10	or	250	1.082	70		or		arrange.respond	0	o	r	False	0.004	0.044	0.04	H		
11	chey	250	1.082	59	ch	e	y	ch:cool.end	1	e	y	False	0.0	0.02	0.064	S		
12	ar	248	1.074	68		ar		yield.respond	0	a	r	False	0.0	0.008	0.06	S		
13	qokaiin	240	1.039	54	qo	k	aiin	qo:heat.yield.iterate.iterate.bind	0	k	n	False	0.0	0.1	0.046	S		
14	shey	204	0.883	45	sh	e	y	sh:cool.end	1	e	y	False	0.005	0.025	0.044	B		
15	dar	188	0.814	65	da	r		da:respond	0	r	r	True	0.005	0.122	0.08	B		
16	al	186	0.805	49		al		yield.state	0	a	l	False	0.0	0.0	0.151	S		
17	okaiin	168	0.727	58	ok	aiin		ok:yield.iterate.iterate.bind	0	a	n	False	0.006	0.054	0.06	S		
18	qokal	167	0.723	51	qo	k	al	qo:heat.yield.state	0	k	l	False	0.0	0.066	0.06	B		
19	otedy	150	0.649	52	ot	e	dy	ot:cool.do.end	1	e	y	False	0.02	0.033	0.047	S		
20	qol	145	0.628	32	qo	l		qo:state	0	l	l	True	0.0	0.11	0.062	B		
21	qokar	137	0.593	55	qo	k	ar	qo:heat.yield.respond	0	k	r	False	0.0	0.029	0.029	B		
22	okain	135	0.585	45	ok	ain		ok:yield.iterate.bind	0	a	n	False	0.015	0.059	0.067	S		
23	chdy	132	0.572	56	ch	dy		ch:do.end	0	d	y	True	0.0	0.0	0.106	H		
24	dal	130	0.563	53	da	l		da:state	0	l	l	True	0.0	0.038	0.177	B		
25	cheey	128	0.554	47	ch	ee	y	ch:cool.cool.end	2	e	y	False	0.0	0.016	0.047	S		
26	okeey	122	0.528	38	ok	ee	y	ok:cool.cool.end	2	e	y	False	0.0	0.066	0.041	S		
27	chckhy	120	0.52	57	ch	ckh	y	ch:adjust.heat.watch.end	0	c	y	True	0.0	0.008	0.067	B		
28	lchedy	118	0.511	35	lch	e	dy	lch:cool.do.end	1	e	y	False	0.0	0.042	0.144	B		
29	okedy	114	0.494	48	ok	e	dy	ok:cool.do.end	1	e	y	False	0.018	0.018	0.07	B		
30	otar	114	0.494	52	ot	ar		ot:yield.respond	0	a	r	False	0.009	0.009	0.044	S		
31	dain	113	0.489	42	da	in		da:iterate.bind	0	i	n	True	0.027	0.31	0.08	S		
32	qoky	111	0.481	44	qo	k	y	qo:heat.end	0	k	y	False	0.0	0.009	0.207	B		
33	dy	109	0.472	49		dy		do.end	0	d	y	True	0.0	0.0	0.358	B		
34	otaiin	108	0.468	38	ot	aiin		ot:yield.iterate.iterate.bind	0	a	n	False	0.0	0.019	0.056	S		
35	otal	103	0.446	43	ot	al		ot:yield.state	0	a	l	False	0.0	0.01	0.058	S		
36	okar	103	0.446	46	ok	ar		ok:yield.respond	0	a	r	False	0.019	0.039	0.058	S		
37	sheey	101	0.437	42	sh	ee	y	sh:cool.cool.end	2	e	y	False	0.0	0.03	0.02	S		
38	okeedy	100	0.433	46	ok	ee	dy	ok:cool.cool.do.end	2	e	y	False	0.0	0.04	0.08	S		
39	saiin	99	0.429	48	sa	iin		sa:iterate.iterate.bind	0	i	n	True	0.0	0.485	0.061	B		
40	chol	99	0.429	44	ch	ol		ch:arrange.state	0	o	l	False	0.0	0.061	0.03	S		
41	okal	95	0.411	53	ok	al		ok:yield.state	0	a	l	False	0.0	0.011	0.095	S		
42	oteey	93	0.403	36	ot	ee	y	ot:cool.cool.end	2	e	y	False	0.0	0.065	0.032	S		
43	otain	92	0.398	39	ot	ain		ot:yield.iterate.bind	0	a	n	False	0.0	0.0	0.098	S		
44	qotedy	91	0.394	42	qo	te	dy	qo:transfer.cool.do.end	1	t	y	False	0.0	0.022	0.044	B		
45	oteedy	91	0.394	37	ot	ee	dy	ot:cool.cool.do.end	2	e	y	False	0.0	0.033	0.044	S		
46	cheol	90	0.39	41	ch	e	ol	ch:cool.arrange.state	1	e	l	False	0.0	0.067	0.022	S		
47	qokey	88	0.381	35	qo	ke	y	qo:heat.cool.end	1	k	y	False	0.0	0.068	0.08	B		
48	sheedy	82	0.355	42	sh	ee	dy	sh:cool.cool.do.end	2	e	y	False	0.0	0.037	0.0	B		
49	ain	79	0.342	39		ain		yield.iterate.bind	0	a	n	False	0.0	0.0	0.101	S		
50	qoteedy	73	0.316	37	qo	tee	dy	qo:transfer.cool.cool.do.end	2	t	y	False	0.0	0.137	0.041	B		
51	sheol	69	0.299	37	sh	e	ol	sh:cool.arrange.state	1	e	l	False	0.0	0.058	0.029	B		
52	y	66	0.286	42		y		end	0	y	y	True	0.061	0.409	0.212	S		
53	qotaiin	66	0.286	31	qo	t	aiin	qo:transfer.yield.iterate.iterate.bind	0	t	n	False	0.0	0.061	0.076	S		
54	raiin	64	0.277	29		r	aiin	respond.yield.iterate.iterate.bind	0	r	n	True	0.0	0.0	0.078	S		
55	qotain	62	0.268	30	qo	t	ain	qo:transfer.yield.iterate.bind	0	t	n	False	0.0	0.032	0.065	S		
56	qotar	61	0.264	35	qo	t	ar	qo:transfer.yield.respond	0	t	r	False	0.0	0.033	0.082	S		
57	sain	61	0.264	33	sa	in		sa:iterate.bind	0	i	n	True	0.016	0.557	0.082	B		
58	oty	60	0.26	36	ot	y		ot:end	0	y	y	True	0.0	0.0	0.183	S		
59	shol	59	0.255	34	sh	ol		sh:arrange.state	0	o	l	False	0.0	0.102	0.034	S		
60	qoty	57	0.247	32	qo	t	y	qo:transfer.end	0	t	y	False	0.0	0.018	0.193	B		
61	qokol	57	0.247	32	qo	k	ol	qo:heat.arrange.state	0	k	l	False	0.0	0.053	0.018	B		
62	chcthy	56	0.242	32	ch	cth	y	ch:adjust.transfer.watch.end	0	c	y	True	0.0	0.0	0.071	B		
63	am	55	0.238	30		am		yield.final	0	a	m	False	0.0	0.0	0.836	S		
64	qokchdy	54	0.234	35	qo	kch	dy	qo:heat.adjust.watch.do.end	0	k	y	False	0.0	0.056	0.019	H		
65	cheedy	54	0.234	27	ch	ee	dy	ch:cool.cool.do.end	2	e	y	False	0.0	0.0	0.037	B		
66	shckhy	54	0.234	24	sh	ckh	y	sh:adjust.heat.watch.end	0	c	y	True	0.0	0.0	0.0	B		
67	s	53	0.229	36		s		sequence	0	s	s	True	0.038	0.113	0.189	H		
68	keedy	53	0.229	32	ke	e	dy	ke:cool.do.end	1	e	y	False	0.0	0.0	0.075	S		
69	qotal	53	0.229	31	qo	t	al	qo:transfer.yield.state	0	t	l	False	0.0	0.019	0.075	B		
70	cheody	51	0.221	29	ch	eo	dy	ch:cool.arrange.do.end	1	e	y	False	0.0	0.02	0.137	S		
71	dol	51	0.221	32	do	l		do:state	0	l	l	True	0.0	0.137	0.02	B		
72	opchedy	50	0.216	34		opche	dy	arrange.pause.adjust.watch.cool.do.end	1	o	y	False	0.0	0.0	0.04	S		
73	sar	49	0.212	30	sa	r		sa:respond	0	r	r	True	0.02	0.449	0.102	S		
74	dair	49	0.212	30	da	i	r	da:iterate.respond	0	i	r	True	0.0	0.388	0.02	S		
75	oky	49	0.212	35	ok	y		ok:end	0	y	y	True	0.0	0.0	0.286	H		
76	lkaiin	49	0.212	21	lk	aiin		lk:yield.iterate.iterate.bind	0	a	n	False	0.0	0.041	0.061	S		
77	air	48	0.208	31		ai	r	yield.iterate.respond	0	a	r	False	0.021	0.021	0.042	S		
78	sol	48	0.208	24	so	l		so:state	0	l	l	True	0.0	0.583	0.021	B		
79	chody	47	0.203	33	ch	o	dy	ch:arrange.do.end	0	o	y	False	0.0	0.0	0.021	S		
80	kaiin	47	0.203	28	ka	iin		ka:iterate.iterate.bind	0	i	n	True	0.021	0.021	0.0	S		
81	kar	46	0.199	34	ka	r		ka:respond	0	r	r	True	0.0	0.022	0.043	H		
82	oly	46	0.199	24	ol	y		ol:end	0	y	y	True	0.0	0.0	0.739	B		
83	kain	46	0.199	28	ka	in		ka:iterate.bind	0	i	n	True	0.0	0.0	0.065	S		
84	cheky	45	0.195	33	ch	ek	y	ch:cool.heat.end	1	e	y	False	0.0	0.0	0.089	H		
85	checkhy	45	0.195	32	ch	eckh	y	ch:cool.adjust.heat.watch.end	1	e	y	False	0.0	0.0	0.022	B		
86	lchey	44	0.191	30	lch	e	y	lch:cool.end	1	e	y	False	0.0	0.068	0.136	B		
87	kedy	44	0.191	26	ke	dy		ke:do.end	0	d	y	True	0.0	0.0	0.045	B		
88	tedy	43	0.186	31	te	dy		te:do.end	0	d	y	True	0.023	0.07	0.047	B		
89	shdy	42	0.182	29	sh	dy		sh:do.end	0	d	y	True	0.0	0.071	0.071	H		
90	dam	42	0.182	31	da	m		da:final	0	m	m	True	0.0	0.0	0.69	H		
91	lshedy	42	0.182	24	lsh	e	dy	lsh:cool.do.end	1	e	y	False	0.0	0.048	0.071	B		
92	lkeedy	41	0.178	21	lk	ee	dy	lk:cool.cool.do.end	2	e	y	False	0.0	0.0	0.098	S		
93	olkeedy	41	0.178	26	ol	kee	dy	ol:heat.cool.cool.do.end	2	k	y	False	0.0	0.073	0.073	S		
94	lkeey	40	0.173	19	lk	ee	y	lk:cool.cool.end	2	e	y	False	0.0	0.025	0.05	S		
95	r	39	0.169	25		r		respond	0	r	r	True	0.077	0.077	0.154	B		
96	lor	39	0.169	27		l	or	state.arrange.respond	0	l	r	True	0.0	0.051	0.154	S		
97	tar	38	0.165	30	ta	r		ta:respond	0	r	r	True	0.132	0.342	0.079	S		
98	qokchedy	38	0.165	20	qo	kche	dy	qo:heat.adjust.watch.cool.do.end	1	k	y	False	0.0	0.079	0.053	S		
99	lol	38	0.165	24		l	ol	state.arrange.state	0	l	l	True	0.0	0.158	0.395	B		
100	olkeey	38	0.165	24	ol	kee	y	ol:heat.cool.cool.end	2	k	y	False	0.0	0.158	0.0	B		
101	olchedy	37	0.16	23	ol	e	dy	ol:adjust.watch.cool.do.end	1	c	y	True	0.0	0.027	0.216	B		
102	otam	37	0.16	28	ot	am		ot:yield.final	0	a	m	False	0.0	0.0	0.676	S		
103	aiiin	37	0.16	22		ai	iin	yield.iterate.iterate.iterate.bind	0	a	n	False	0.0	0.0	0.027	S		
104	chy	36	0.156	30	ch	y		ch:end	0	y	y	True	0.0	0.0	0.167	H		
105	otey	36	0.156	24	ot	e	y	ot:cool.end	1	e	y	False	0.0	0.0	0.028	B		
106	char	36	0.156	24	ch	ar		ch:yield.respond	0	a	r	False	0.0	0.056	0.028	S		
107	dshedy	36	0.156	25	sh	e	dy	[d]sh:cool.do.end	1	e	y	False	0.028	0.861	0.083	B		
108	sheckhy	35	0.152	18	sh	eckh	y	sh:cool.adjust.heat.watch.end	1	e	y	False	0.0	0.0	0.029	B		
109	lkain	35	0.152	15	lk	ain		lk:yield.iterate.bind	0	a	n	False	0.0	0.0	0.143	S		
110	shy	34	0.147	23	sh	y		sh:end	0	y	y	True	0.0	0.029	0.088	B		
111	pchedy	34	0.147	28	pch	e	dy	pch:cool.do.end	1	e	y	False	0.176	0.353	0.029	B		
112	okey	34	0.147	20	ok	e	y	ok:cool.end	1	e	y	False	0.0	0.029	0.059	S		
113	otchedy	34	0.147	21	ot	e	dy	ot:adjust.watch.cool.do.end	1	c	y	True	0.0	0.059	0.059	S		
114	olaiin	34	0.147	26	ol	aiin		ol:yield.iterate.iterate.bind	0	a	n	False	0.0	0.059	0.059	S		
115	l	34	0.147	20		l		state	0	l	l	True	0.088	0.118	0.118	S		
116	cheo	33	0.143	19	ch	eo		ch:cool.arrange	1	e	o	False	0.0	0.03	0.0	S		
117	olkain	33	0.143	16	ol	k	ain	ol:heat.yield.iterate.bind	0	k	n	False	0.0	0.03	0.091	B		
118	cheor	32	0.139	23	ch	e	or	ch:cool.arrange.respond	1	e	r	False	0.0	0.094	0.031	B		
119	chor	32	0.139	23	ch	or		ch:arrange.respond	0	o	r	False	0.0	0.031	0.0	S		
120	tchedy	32	0.139	25	tch	e	dy	tch:cool.do.end	1	e	y	False	0.281	0.688	0.0	B		
121	sor	32	0.139	23	so	r		so:respond	0	r	r	True	0.0	0.812	0.0	B		
122	otol	32	0.139	24	ot	ol		ot:arrange.state	0	o	l	False	0.031	0.031	0.062	S		
123	qopchedy	32	0.139	21	qo	pche	dy	qo:pause.adjust.watch.cool.do.end	1	p	y	True	0.0	0.031	0.062	S		
124	ykaiin	31	0.134	18	yk	aiin		yk:yield.iterate.iterate.bind	0	a	n	False	0.0	0.29	0.097	C		
125	olkaiin	31	0.134	25	ol	k	aiin	ol:heat.yield.iterate.iterate.bind	0	k	n	False	0.0	0.065	0.032	S		
126	qoteey	31	0.134	22	qo	tee	y	qo:transfer.cool.cool.end	2	t	y	False	0.0	0.065	0.0	S		
127	sheody	30	0.13	22	sh	eo	dy	sh:cool.arrange.do.end	1	e	y	False	0.0	0.033	0.067	S		
128	sal	30	0.13	21	sa	l		sa:state	0	l	l	True	0.033	0.267	0.1	B		
129	ytaiin	30	0.13	13	ta	iin		[y]ta:iterate.iterate.bind	0	i	n	True	0.0	0.167	0.067	C		
130	odaiin	30	0.13	22		od	aiin	arrange.do.yield.iterate.iterate.bind	0	o	n	False	0.0	0.1	0.033	S		
131	lkar	30	0.13	19	lk	ar		lk:yield.respond	0	a	r	False	0.0	0.0	0.067	S		
132	qokchy	29	0.126	24	qo	kch	y	qo:heat.adjust.watch.end	0	k	y	False	0.0	0.034	0.103	S		
133	o	29	0.126	19		o		arrange	0	o	o	False	0.207	0.31	0.207	S		
134	lkedy	29	0.126	18	lk	e	dy	lk:cool.do.end	1	e	y	False	0.0	0.034	0.069	S		
135	shody	29	0.126	19	sh	o	dy	sh:arrange.do.end	0	o	y	False	0.0	0.138	0.103	S		
136	ykeedy	28	0.121	25	yk	ee	dy	yk:cool.cool.do.end	2	e	y	False	0.0	0.143	0.036	B		
137	oraiin	28	0.121	21	or	aiin		or:yield.iterate.iterate.bind	0	a	n	False	0.0	0.107	0.179	S		
138	ykeey	28	0.121	21	yk	ee	y	yk:cool.cool.end	2	e	y	False	0.0	0.179	0.036	S		
139	chedar	28	0.121	19	ch	ed	ar	ch:cool.do.yield.respond	1	e	r	False	0.0	0.0	0.0	S		
140	sheky	28	0.121	19	sh	ek	y	sh:cool.heat.end	1	e	y	False	0.0	0.0	0.036	B		
141	chal	28	0.121	14	ch	al		ch:yield.state	0	a	l	False	0.0	0.0	0.071	S		
142	checthy	27	0.117	17	ch	ecth	y	ch:cool.adjust.transfer.watch.end	1	e	y	False	0.0	0.0	0.111	B		
143	chedaiin	27	0.117	18	ch	ed	aiin	ch:cool.do.yield.iterate.iterate.bind	1	e	n	False	0.0	0.037	0.074	S		
144	ches	27	0.117	21	ch	e	s	ch:cool.sequence	1	e	s	False	0.0	0.0	0.037	S		
145	ody	27	0.117	20		o	dy	arrange.do.end	0	o	y	False	0.0	0.037	0.259	H		
146	taiin	27	0.117	20	ta	iin		ta:iterate.iterate.bind	0	i	n	True	0.074	0.333	0.0	S		
147	olkedy	27	0.117	19	ol	ke	dy	ol:heat.cool.do.end	1	k	y	False	0.0	0.0	0.185	B		
148	qodaiin	27	0.117	16	qo	d	aiin	qo:do.yield.iterate.iterate.bind	0	d	n	True	0.0	0.074	0.037	S		
149	shcthy	26	0.113	13	sh	cth	y	sh:adjust.transfer.watch.end	0	c	y	True	0.0	0.0	0.0	B		
150	ykar	26	0.113	18	yk	ar		yk:yield.respond	0	a	r	False	0.0	0.154	0.0	H		
151	otchdy	26	0.113	21	ot	dy		ot:adjust.watch.do.end	0	c	y	True	0.077	0.077	0.154	H		
152	olor	26	0.113	16	ol	or		ol:arrange.respond	0	o	r	False	0.0	0.038	0.269	B		
153	yteedy	26	0.113	21	te	e	dy	[y]te:cool.do.end	1	e	y	False	0.0	0.346	0.038	S		
154	dchedy	26	0.113	23	dch	e	dy	dch:cool.do.end	1	e	y	False	0.0	0.615	0.038	S		
155	shor	26	0.113	18	sh	or		sh:arrange.respond	0	o	r	False	0.0	0.269	0.0	S		
156	chckhey	26	0.113	22	ch	ckhe	y	ch:adjust.heat.watch.cool.end	1	c	y	True	0.0	0.0	0.077	S		
157	chear	26	0.113	14	ch	e	ar	ch:cool.yield.respond	1	e	r	False	0.0	0.0	0.038	S		
158	orain	25	0.108	18	or	ain		or:yield.iterate.bind	0	a	n	False	0.04	0.2	0.28	S		
159	rain	25	0.108	16		r	ain	respond.yield.iterate.bind	0	r	n	True	0.0	0.04	0.16	S		
160	ytedy	24	0.104	16	te	dy		[y]te:do.end	0	d	y	True	0.0	0.083	0.042	H		
161	qotol	24	0.104	18	qo	t	ol	qo:transfer.arrange.state	0	t	l	False	0.0	0.042	0.0	B		
162	olchey	24	0.104	19	ol	e	y	ol:adjust.watch.cool.end	1	c	y	True	0.0	0.083	0.083	B		
163	qokchey	24	0.104	15	qo	kche	y	qo:heat.adjust.watch.cool.end	1	k	y	False	0.0	0.125	0.0	S		
164	sheor	24	0.104	20	sh	e	or	sh:cool.arrange.respond	1	e	r	False	0.0	0.083	0.0	B		
165	qotchedy	24	0.104	13	qo	tche	dy	qo:transfer.adjust.watch.cool.do.end	1	t	y	False	0.0	0.042	0.042	S		
166	tol	23	0.1	18	to	l		to:state	0	l	l	True	0.217	0.652	0.0	B		
167	otor	23	0.1	19	ot	or		ot:arrange.respond	0	o	r	False	0.0	0.043	0.043	S		
168	olshedy	23	0.1	16	ol	e	dy	ol:sequence.watch.cool.do.end	1	s	y	True	0.0	0.087	0.174	B		
169	qotchdy	23	0.1	19	qo	tch	dy	qo:transfer.adjust.watch.do.end	0	t	y	False	0.0	0.0	0.087	S		
170	qokeeey	23	0.1	15	qo	keee	y	qo:heat.cool.cool.cool.end	3	k	y	False	0.0	0.174	0.0	S		
171	sheo	22	0.095	19	sh	eo		sh:cool.arrange	1	e	o	False	0.0	0.0	0.0	S		
172	ldy	22	0.095	18		l	dy	state.do.end	0	l	y	True	0.0	0.0	0.773	B		
173	ykedy	22	0.095	19	yk	e	dy	yk:cool.do.end	1	e	y	False	0.0	0.045	0.045	H		
174	yteey	22	0.095	14	te	e	y	[y]te:cool.end	1	e	y	False	0.0	0.136	0.0	C		
175	dor	22	0.095	18	do	r		do:respond	0	r	r	True	0.0	0.364	0.091	B		
176	qokam	22	0.095	17	qo	k	am	qo:heat.yield.final	0	k	m	False	0.0	0.0	0.864	S		
177	kchedy	22	0.095	17	kch	e	dy	kch:cool.do.end	1	e	y	False	0.0	0.091	0.0	S		
178	shar	22	0.095	18	sh	ar		sh:yield.respond	0	a	r	False	0.0	0.045	0.0	S		
179	cheal	22	0.095	9	ch	e	al	ch:cool.yield.state	1	e	l	False	0.0	0.0	0.045	S		
180	pol	22	0.095	14	po	l		po:state	0	l	l	True	0.636	0.864	0.0	B		
181	keey	21	0.091	17	ke	e	y	ke:cool.end	1	e	y	False	0.0	0.0	0.0	S		
182	chedal	21	0.091	15	ch	ed	al	ch:cool.do.yield.state	1	e	l	False	0.0	0.048	0.048	S		
183	olky	21	0.091	14	ol	k	y	ol:heat.end	0	k	y	False	0.048	0.048	0.286	B		
184	okol	21	0.091	20	ok	ol		ok:arrange.state	0	o	l	False	0.0	0.0	0.048	S		
185	ched	21	0.091	17	ch	ed		ch:cool.do	1	e	d	False	0.0	0.0	0.048	S		
186	opchey	21	0.091	17		opche	y	arrange.pause.adjust.watch.cool.end	1	o	y	False	0.0	0.0	0.048	S		
187	okchedy	21	0.091	15	ok	e	dy	ok:adjust.watch.cool.do.end	1	c	y	True	0.0	0.048	0.095	S		
188	sair	20	0.087	16	sa	i	r	sa:iterate.respond	0	i	r	True	0.0	0.4	0.0	S		
189	okchdy	20	0.087	16	ok	dy		ok:adjust.watch.do.end	0	c	y	True	0.15	0.15	0.25	B		
190	oteol	20	0.087	18	ot	e	ol	ot:cool.arrange.state	1	e	l	False	0.05	0.1	0.05	S		
191	qokor	20	0.087	16	qo	k	or	qo:heat.arrange.respond	0	k	r	False	0.0	0.0	0.05	S		
192	kal	20	0.087	15	ka	l		ka:state	0	l	l	True	0.05	0.05	0.1	S		
193	chl	20	0.087	15	ch	l		ch:state	0	l	l	True	0.0	0.0	0.05	S		
194	qotey	20	0.087	16	qo	te	y	qo:transfer.cool.end	1	t	y	False	0.0	0.1	0.0	S		
195	qoeedy	20	0.087	14	qo	ee	dy	qo:cool.cool.do.end	2	e	y	False	0.05	0.15	0.0	S		
196	chees	19	0.082	16	ch	ee	s	ch:cool.cool.sequence	2	e	s	False	0.0	0.0	0.0	S		
197	okam	19	0.082	17	ok	am		ok:yield.final	0	a	m	False	0.0	0.0	0.737	H		
198	chdal	19	0.082	15	ch	d	al	ch:do.yield.state	0	d	l	True	0.0	0.0	0.0	S		
199	kchdy	19	0.082	15	kch	dy		kch:do.end	0	d	y	True	0.0	0.053	0.053	H		
200	ytar	19	0.082	15	ta	r		[y]ta:respond	0	r	r	True	0.0	0.263	0.053	S		
201	opchdy	19	0.082	15		opch	dy	arrange.pause.adjust.watch.do.end	0	o	y	False	0.0	0.0	0.211	S		
202	shecthy	19	0.082	11	sh	ecth	y	sh:cool.adjust.transfer.watch.end	1	e	y	False	0.0	0.0	0.053	B		
203	rol	19	0.082	14		r	ol	respond.arrange.state	0	r	l	True	0.0	0.0	0.263	B		
204	cheeky	18	0.078	17	ch	eek	y	ch:cool.cool.heat.end	2	e	y	False	0.0	0.056	0.0	B		
205	okeol	18	0.078	13	ok	e	ol	ok:cool.arrange.state	1	e	l	False	0.0	0.0	0.111	S		
206	okchey	18	0.078	16	ok	e	y	ok:adjust.watch.cool.end	1	c	y	True	0.0	0.111	0.111	S		
207	okeeey	18	0.078	12	ok	eee	y	ok:cool.cool.cool.end	3	e	y	False	0.0	0.0	0.111	S		
208	oldy	18	0.078	14	ol	dy		ol:do.end	0	d	y	True	0.0	0.0	0.667	B		
209	chdar	18	0.078	14	ch	d	ar	ch:do.yield.respond	0	d	r	True	0.0	0.0	0.056	S		
210	shed	18	0.078	16	sh	ed		sh:cool.do	1	e	d	False	0.0	0.056	0.056	S		
211	ycheey	18	0.078	14	ch	ee	y	[y]ch:cool.cool.end	2	e	y	False	0.0	0.833	0.056	S		
212	olkar	18	0.078	12	ol	k	ar	ol:heat.yield.respond	0	k	r	False	0.0	0.0	0.0	C		
213	lshey	18	0.078	13	lsh	e	y	lsh:cool.end	1	e	y	False	0.0	0.167	0.0	S		
214	odar	17	0.074	14		od	ar	arrange.do.yield.respond	0	o	r	False	0.0	0.118	0.059	S		
215	daly	17	0.074	13	da	ly		da:state.end	0	l	y	True	0.0	0.0	0.529	B		
216	chedain	17	0.074	11	ch	ed	ain	ch:cool.do.yield.iterate.bind	1	e	n	False	0.0	0.0	0.059	S		
217	aly	17	0.074	16	al	y		al:end	0	y	y	True	0.0	0.0	0.529	S		
218	okair	17	0.074	14	ok	ai	r	ok:yield.iterate.respond	0	a	r	False	0.0	0.059	0.0	S		
219	lchdy	17	0.074	13	lch	dy		lch:do.end	0	d	y	True	0.0	0.0	0.294	S		
220	qokeeo	17	0.074	12	qo	keeo		qo:heat.cool.cool.arrange	2	k	o	False	0.0	0.118	0.0	S		
221	oiin	17	0.074	12		oiin		arrange.iterate.iterate.bind	0	o	n	False	0.0	0.059	0.0	S		
222	qo	17	0.074	9		qo		?.arrange	0	q	o	True	0.0	0.059	0.0	B		
223	lky	17	0.074	12	lk	y		lk:end	0	y	y	True	0.0	0.0	0.235	S		
224	otchey	17	0.074	14	ot	e	y	ot:adjust.watch.cool.end	1	c	y	True	0.0	0.059	0.0	S		
225	otair	17	0.074	11	ot	ai	r	ot:yield.iterate.respond	0	a	r	False	0.0	0.059	0.0	S		
226	cheos	16	0.069	13	ch	eo	s	ch:cool.arrange.sequence	1	e	s	False	0.0	0.0	0.062	S		
227	ary	16	0.069	13	ar	y		ar:end	0	y	y	True	0.0	0.0	1.0	S		
228	aiir	16	0.069	13		aii	r	yield.iterate.iterate.respond	0	a	r	False	0.0	0.0	0.0	S		
229	chdaiin	16	0.069	11	ch	d	aiin	ch:do.yield.iterate.iterate.bind	0	d	n	True	0.0	0.0	0.0	S		
230	qokeol	16	0.069	13	qo	ke	ol	qo:heat.cool.arrange.state	1	k	l	False	0.0	0.062	0.0	S		
231	cheeo	16	0.069	15	ch	eeo		ch:cool.cool.arrange	2	e	o	False	0.0	0.25	0.0	S		
232	ral	16	0.069	15		r	al	respond.yield.state	0	r	l	True	0.0	0.062	0.312	B		
233	rar	16	0.069	13		r	ar	respond.yield.respond	0	r	r	True	0.0	0.0	0.125	S		
234	lkchedy	16	0.069	9	lk	e	dy	lk:adjust.watch.cool.do.end	1	c	y	True	0.0	0.0	0.062	S		
235	keody	15	0.065	13	ke	o	dy	ke:arrange.do.end	0	o	y	False	0.0	0.0	0.0	H		
236	qokeody	15	0.065	10	qo	keo	dy	qo:heat.cool.arrange.do.end	1	k	y	False	0.0	0.133	0.0	H		
237	okeody	15	0.065	13	ok	eo	dy	ok:cool.arrange.do.end	1	e	y	False	0.0	0.0	0.067	H		
238	tchdy	15	0.065	13	tch	dy		tch:do.end	0	d	y	True	0.0	0.267	0.0	H		
239	qopchdy	15	0.065	14	qo	pch	dy	qo:pause.adjust.watch.do.end	0	p	y	True	0.0	0.0	0.0	S		
240	chodaiin	15	0.065	11	ch	od	aiin	ch:arrange.do.yield.iterate.iterate.bind	0	o	n	False	0.0	0.133	0.067	S		
241	chety	15	0.065	15	ch	et	y	ch:cool.transfer.end	1	e	y	False	0.0	0.0	0.0	H		
242	shear	15	0.065	10	sh	e	ar	sh:cool.yield.respond	1	e	r	False	0.0	0.0	0.0	S		
243	sho	15	0.065	12	sh	o		sh:arrange	0	o	o	False	0.0	0.133	0.0	S		
244	dl	15	0.065	12		d	l	do.state	0	d	l	True	0.0	0.067	0.467	S		
245	ror	15	0.065	13		r	or	respond.arrange.respond	0	r	r	True	0.0	0.0	0.267	S		
246	tain	15	0.065	11	ta	in		ta:iterate.bind	0	i	n	True	0.0	0.2	0.067	S		
247	qokeed	14	0.061	13	qo	keed		qo:heat.cool.cool.do	2	k	d	False	0.071	0.214	0.0	S		
248	oteody	14	0.061	13	ot	eo	dy	ot:cool.arrange.do.end	1	e	y	False	0.0	0.071	0.071	S		
249	chky	14	0.061	12	ch	k	y	ch:heat.end	0	k	y	False	0.0	0.0	0.071	H		
250	odain	14	0.061	11		od	ain	arrange.do.yield.iterate.bind	0	o	n	False	0.0	0.0	0.357	S		
251	shedaiin	14	0.061	10	sh	ed	aiin	sh:cool.do.yield.iterate.iterate.bind	1	e	n	False	0.0	0.0	0.0	C		
252	lo	14	0.061	12		lo		state.arrange	0	l	o	True	0.0	0.0	0.643	S		
253	qor	14	0.061	11	qo	r		qo:respond	0	r	r	True	0.0	0.214	0.071	B		
254	teey	14	0.061	8	te	e	y	te:cool.end	1	e	y	False	0.0	0.071	0.0	S		
255	qoaiin	13	0.056	12	qo	aiin		qo:yield.iterate.iterate.bind	0	a	n	False	0.0	0.231	0.0	S		
256	okchy	13	0.056	12	ok	y		ok:adjust.watch.end	0	c	y	True	0.0	0.077	0.154	H		
257	okaly	13	0.056	12	ok	a	ly	ok:yield.state.end	0	a	y	False	0.077	0.077	0.385	B		
258	chckhdy	13	0.056	11	ch	ckh	dy	ch:adjust.heat.watch.do.end	0	c	y	True	0.0	0.0	0.0	B		
259	laiin	13	0.056	11		l	aiin	state.yield.iterate.iterate.bind	0	l	n	True	0.0	0.154	0.077	S		
260	teedy	13	0.056	11	te	e	dy	te:cool.do.end	1	e	y	False	0.0	0.0	0.0	S		
261	dary	13	0.056	10	da	ry		da:respond.end	0	r	y	True	0.0	0.0	0.615	H		
262	ychedy	13	0.056	10	ch	e	dy	[y]ch:cool.do.end	1	e	y	False	0.0	0.538	0.0	B		
263	sheeky	13	0.056	13	sh	eek	y	sh:cool.cool.heat.end	2	e	y	False	0.0	0.0	0.077	B		
264	shal	13	0.056	10	sh	al		sh:yield.state	0	a	l	False	0.0	0.0	0.0	S		
265	ram	13	0.056	13		r	am	respond.yield.final	0	r	m	True	0.0	0.0	1.0	S		
266	lcheey	13	0.056	11	lch	ee	y	lch:cool.cool.end	2	e	y	False	0.0	0.231	0.0	S		
267	lr	12	0.052	10		l	r	state.respond	0	l	r	True	0.0	0.0	0.417	S		
268	qotor	12	0.052	11	qo	t	or	qo:transfer.arrange.respond	0	t	r	False	0.0	0.083	0.0	S		
269	chos	12	0.052	8	ch	o	s	ch:arrange.sequence	0	o	s	False	0.0	0.083	0.167	S		
270	cho	12	0.052	10	ch	o		ch:arrange	0	o	o	False	0.0	0.0	0.0	S		
271	qody	12	0.052	10	qo	dy		qo:do.end	0	d	y	True	0.083	0.083	0.167	S		
272	qotchy	12	0.052	9	qo	tch	y	qo:transfer.adjust.watch.end	0	t	y	False	0.0	0.167	0.0	S		
273	ly	12	0.052	10		ly		state.end	0	l	y	True	0.0	0.0	0.75	B		
274	choty	12	0.052	8	ch	ot	y	ch:arrange.transfer.end	0	o	y	False	0.0	0.0	0.167	S		
275	qokaly	12	0.052	9	qo	ka	ly	qo:heat.yield.state.end	0	k	y	False	0.0	0.0	0.25	B		
276	tair	12	0.052	10	ta	i	r	ta:iterate.respond	0	i	r	True	0.0	0.417	0.0	S		
277	tal	12	0.052	9	ta	l		ta:state	0	l	l	True	0.0	0.0	0.083	B		
278	otchy	12	0.052	9	ot	y		ot:adjust.watch.end	0	c	y	True	0.0	0.083	0.0	B		
279	olain	12	0.052	9	ol	ain		ol:yield.iterate.bind	0	a	n	False	0.0	0.083	0.083	B		
280	sheal	12	0.052	10	sh	e	al	sh:cool.yield.state	1	e	l	False	0.0	0.0	0.0	S		
281	qokair	12	0.052	9	qo	kai	r	qo:heat.yield.iterate.respond	0	k	r	False	0.0	0.0	0.0	S		
282	ypchedy	11	0.048	9	pch	e	dy	[y]pch:cool.do.end	1	e	y	False	0.091	0.091	0.0	H		
283	rchedy	11	0.048	9	rch	e	dy	rch:cool.do.end	1	e	y	False	0.0	0.091	0.182	B		
284	pchedar	11	0.048	10	pch	ed	ar	pch:cool.do.yield.respond	1	e	r	False	0.545	0.818	0.0	H		
285	qokeor	11	0.048	9	qo	ke	or	qo:heat.cool.arrange.respond	1	k	r	False	0.0	0.091	0.091	B		
286	shedal	11	0.048	8	sh	ed	al	sh:cool.do.yield.state	1	e	l	False	0.0	0.091	0.091	B		
287	kair	11	0.048	8	ka	i	r	ka:iterate.respond	0	i	r	True	0.0	0.0	0.091	S		
288	chkain	11	0.048	11	ch	k	ain	ch:heat.yield.iterate.bind	0	k	n	False	0.0	0.0	0.0	S		
289	fchedy	11	0.048	11	fch	e	dy	fch:cool.do.end	1	e	y	False	0.0	0.091	0.0	B		
290	ykal	11	0.048	10	yk	al		yk:yield.state	0	a	l	False	0.0	0.0	0.091	H		
291	shky	11	0.048	10	sh	k	y	sh:heat.end	0	k	y	False	0.0	0.091	0.273	H		
292	pchey	11	0.048	10	pch	e	y	pch:cool.end	1	e	y	False	0.364	0.545	0.0	B		
293	tor	11	0.048	10	to	r		to:respond	0	r	r	True	0.0	0.545	0.0	H		
294	om	11	0.048	10		om		arrange.final	0	o	m	False	0.0	0.0	0.818	S		
295	chkal	11	0.048	9	ch	k	al	ch:heat.yield.state	0	k	l	False	0.0	0.0	0.0	S		
296	arody	11	0.048	10	ar	o	dy	ar:arrange.do.end	0	o	y	False	0.0	0.0	0.545	S		
297	chckhedy	11	0.048	10	ch	ckhe	dy	ch:adjust.heat.watch.cool.do.end	1	c	y	True	0.0	0.0	0.091	B		
298	orol	11	0.048	9	or	ol		or:arrange.state	0	o	l	False	0.0	0.0	0.364	B		
299	ytain	11	0.048	9	ta	in		[y]ta:iterate.bind	0	i	n	True	0.091	0.091	0.0	S		
300	otshedy	11	0.048	11	ot	e	dy	ot:sequence.watch.cool.do.end	1	s	y	True	0.0	0.0	0.182	S		
301	qokshedy	11	0.048	9	qo	kshe	dy	qo:heat.sequence.watch.cool.do.end	1	k	y	False	0.0	0.545	0.0	B		
302	olshey	11	0.048	8	ol	e	y	ol:sequence.watch.cool.end	1	s	y	True	0.0	0.182	0.182	B		
303	qolchey	11	0.048	8	qo	lche	y	qo:state.adjust.watch.cool.end	1	l	y	True	0.0	0.091	0.0	B		
304	qotchey	11	0.048	8	qo	tche	y	qo:transfer.adjust.watch.cool.end	1	t	y	False	0.0	0.0	0.0	S		
305	olkal	11	0.048	10	ol	k	al	ol:heat.yield.state	0	k	l	False	0.0	0.0	0.273	S		
306	aral	11	0.048	10	ar	al		ar:yield.state	0	a	l	False	0.0	0.0	0.545	S		
307	shedain	11	0.048	8	sh	ed	ain	sh:cool.do.yield.iterate.bind	1	e	n	False	0.0	0.0	0.091	S		
308	oaiin	10	0.043	9		o	aiin	arrange.yield.iterate.iterate.bind	0	o	n	False	0.0	0.4	0.0	S		
309	sheos	10	0.043	9	sh	eo	s	sh:cool.arrange.sequence	1	e	s	False	0.0	0.0	0.0	S		
310	ory	10	0.043	8	or	y		or:end	0	y	y	True	0.0	0.0	0.7	B		
311	ytchedy	10	0.043	8	tch	e	dy	[y]tch:cool.do.end	1	e	y	False	0.1	0.6	0.0	S		
312	shek	10	0.043	7	sh	ek		sh:cool.heat	1	e	k	False	0.0	0.0	0.0	B		
313	ckhy	10	0.043	8		ckh	y	adjust.heat.watch.end	0	c	y	True	0.0	0.0	0.2	H		
314	she	10	0.043	10	sh	e		sh:cool	1	e	e	False	0.0	0.0	0.0	H		
315	chdam	10	0.043	8	ch	d	am	ch:do.yield.final	0	d	m	True	0.0	0.0	0.6	H		
316	ky	10	0.043	10		k	y	heat.end	0	k	y	False	0.0	0.0	0.1	S		
317	pchdy	10	0.043	10	pch	dy		pch:do.end	0	d	y	True	0.0	0.0	0.1	S		
318	arol	10	0.043	9	ar	ol		ar:arrange.state	0	o	l	False	0.0	0.0	0.3	B		
319	tchey	10	0.043	9	tch	e	y	tch:cool.end	1	e	y	False	0.0	0.2	0.0	S		
320	dshey	10	0.043	9	sh	e	y	[d]sh:cool.end	1	e	y	False	0.0	0.9	0.0	H		
321	olkey	10	0.043	8	ol	ke	y	ol:heat.cool.end	1	k	y	False	0.0	0.0	0.2	B		
322	os	10	0.043	10		o	s	arrange.sequence	0	o	s	False	0.0	0.1	0.1	S		
323	chaiin	10	0.043	9	ch	aiin		ch:yield.iterate.iterate.bind	0	a	n	False	0.0	0.0	0.1	S		
324	sy	10	0.043	9		s	y	sequence.end	0	s	y	True	0.0	0.1	0.9	B		
325	qolchedy	10	0.043	8	qo	lche	dy	qo:state.adjust.watch.cool.do.end	1	l	y	True	0.0	0.1	0.0	B		
326	yshedy	10	0.043	9	sh	e	dy	[y]sh:cool.do.end	1	e	y	False	0.0	0.8	0.0	B		
327	yshey	10	0.043	9	sh	e	y	[y]sh:cool.end	1	e	y	False	0.1	0.9	0.0	S		
328	ycheol	10	0.043	8	ch	e	ol	[y]ch:cool.arrange.state	1	e	l	False	0.1	0.9	0.0	S		
329	otedar	10	0.043	8	ot	ed	ar	ot:cool.do.yield.respond	1	e	r	False	0.0	0.0	0.0	S		
330	qokechy	10	0.043	8	qo	kech	y	qo:heat.cool.adjust.watch.end	1	k	y	False	0.1	0.1	0.1	S		
331	qodain	10	0.043	5	qo	d	ain	qo:do.yield.iterate.bind	0	d	n	True	0.0	0.0	0.0	S		
332	araiin	10	0.043	10	ar	aiin		ar:yield.iterate.iterate.bind	0	a	n	False	0.0	0.0	0.2	S		
333	qoeey	10	0.043	8	qo	ee	y	qo:cool.cool.end	2	e	y	False	0.0	0.0	0.0	S		
334	okeeo	10	0.043	7	ok	eeo		ok:cool.cool.arrange	2	e	o	False	0.1	0.2	0.0	S		
335	cthedy	9	0.039	8	ct	he	dy	ct:watch.cool.do.end	1	h	y	True	0.0	0.222	0.111	H		
336	ytchdy	9	0.039	9	tch	dy		[y]tch:do.end	0	d	y	True	0.0	0.222	0.222	H		
337	ysheey	9	0.039	9	sh	ee	y	[y]sh:cool.cool.end	2	e	y	False	0.0	0.889	0.0	B		
338	shckhey	9	0.039	9	sh	ckhe	y	sh:adjust.heat.watch.cool.end	1	c	y	True	0.0	0.0	0.0	B		
339	okees	9	0.039	7	ok	ee	s	ok:cool.cool.sequence	2	e	s	False	0.222	0.222	0.0	H		
340	chkaiin	9	0.039	8	ch	k	aiin	ch:heat.yield.iterate.iterate.bind	0	k	n	False	0.0	0.0	0.0	S		
341	cthey	9	0.039	9	ct	he	y	ct:watch.cool.end	1	h	y	True	0.0	0.222	0.0	H		
342	ytam	9	0.039	7	ta	m		[y]ta:final	0	m	m	True	0.0	0.0	0.667	H		
343	ycheo	9	0.039	8	ch	eo		[y]ch:cool.arrange	1	e	o	False	0.0	1.0	0.0	S		
344	olar	9	0.039	7	ol	ar		ol:yield.respond	0	a	r	False	0.0	0.0	0.0	S		
345	chekal	9	0.039	8	ch	ek	al	ch:cool.heat.yield.state	1	e	l	False	0.0	0.0	0.111	H		
346	ry	9	0.039	9		ry		respond.end	0	r	y	True	0.0	0.111	0.889	B		
347	olcheey	9	0.039	7	ol	ee	y	ol:adjust.watch.cool.cool.end	2	c	y	True	0.0	0.333	0.0	S		
348	sheod	9	0.039	9	sh	eod		sh:cool.arrange.do	1	e	d	False	0.0	0.111	0.0	S		
349	yty	9	0.039	7		yt	y	end.transfer.end	0	y	y	True	0.0	0.222	0.111	H		
350	ochedy	9	0.039	8		oche	dy	arrange.adjust.watch.cool.do.end	1	o	y	False	0.0	0.222	0.222	S		
351	shee	9	0.039	6	sh	ee		sh:cool.cool	2	e	e	False	0.0	0.0	0.0	H		
352	kol	9	0.039	8	ko	l		ko:state	0	l	l	True	0.0	0.0	0.111	S		
353	ols	9	0.039	9	ol	s		ol:sequence	0	s	s	True	0.0	0.0	0.333	B		
354	teol	9	0.039	8	te	ol		te:arrange.state	0	o	l	False	0.0	0.0	0.0	B		
355	ykain	9	0.039	7	yk	ain		yk:yield.iterate.bind	0	a	n	False	0.0	0.222	0.0	H		
356	qokeeody	9	0.039	7	qo	keeo	dy	qo:heat.cool.cool.arrange.do.end	2	k	y	False	0.0	0.111	0.0	S		
357	sheeol	9	0.039	7	sh	ee	ol	sh:cool.cool.arrange.state	2	e	l	False	0.0	0.111	0.0	B		
358	qotam	9	0.039	7	qo	t	am	qo:transfer.yield.final	0	t	m	False	0.0	0.0	0.778	S		
359	olol	9	0.039	8	ol	ol		ol:arrange.state	0	o	l	False	0.0	0.0	0.444	B		
360	soiin	9	0.039	8	so	iin		so:iterate.iterate.bind	0	i	n	True	0.0	0.778	0.0	S		
361	lkl	9	0.039	7	lk	l		lk:state	0	l	l	True	0.0	0.111	0.0	S		
362	okeeedy	9	0.039	8	ok	eee	dy	ok:cool.cool.cool.do.end	3	e	y	False	0.0	0.0	0.0	S		
363	lcheedy	9	0.039	7	lch	ee	dy	lch:cool.cool.do.end	2	e	y	False	0.0	0.0	0.0	S		
364	otaly	9	0.039	8	ot	a	ly	ot:yield.state.end	0	a	y	False	0.111	0.111	0.444	B		
365	qokl	9	0.039	6	qo	k	l	qo:heat.state	0	k	l	False	0.0	0.111	0.111	S		
366	olkeeey	9	0.039	9	ol	keee	y	ol:heat.cool.cool.cool.end	3	k	y	False	0.0	0.111	0.0	S		
367	oar	9	0.039	6		o	ar	arrange.yield.respond	0	o	r	False	0.0	0.444	0.111	S		
368	qofchedy	8	0.035	8	qo	fche	dy	qo:flag.adjust.watch.cool.do.end	1	f	y	True	0.0	0.0	0.0	S		
369	qokees	8	0.035	8	qo	kee	s	qo:heat.cool.cool.sequence	2	k	s	False	0.0	0.25	0.0	H		
370	okor	8	0.035	7	ok	or		ok:arrange.respond	0	o	r	False	0.0	0.0	0.0	H		
371	kor	8	0.035	7	ko	r		ko:respond	0	r	r	True	0.125	0.125	0.0	H		
372	otody	8	0.035	8	ot	o	dy	ot:arrange.do.end	0	o	y	False	0.0	0.0	0.0	H		
373	ty	8	0.035	7		t	y	transfer.end	0	t	y	False	0.0	0.0	0.125	H		
374	oram	8	0.035	7	or	am		or:yield.final	0	a	m	False	0.0	0.0	1.0	S		
375	chdain	8	0.035	8	ch	d	ain	ch:do.yield.iterate.bind	0	d	n	True	0.125	0.125	0.0	S		
376	olchdy	8	0.035	7	ol	dy		ol:adjust.watch.do.end	0	c	y	True	0.125	0.125	0.375	B		
377	qokedar	8	0.035	8	qo	ked	ar	qo:heat.cool.do.yield.respond	1	k	r	False	0.0	0.0	0.0	B		
378	aram	8	0.035	8	ar	am		ar:yield.final	0	a	m	False	0.0	0.0	0.625	S		
379	kchey	8	0.035	8	kch	e	y	kch:cool.end	1	e	y	False	0.0	0.125	0.0	B		
380	cthdy	8	0.035	8	ct	h	dy	ct:watch.do.end	0	h	y	True	0.0	0.0	0.375	B		
381	oteed	8	0.035	7	ot	eed		ot:cool.cool.do	2	e	d	False	0.0	0.0	0.0	S		
382	chdor	8	0.035	7	ch	d	or	ch:do.arrange.respond	0	d	r	True	0.0	0.0	0.0	S		
383	alol	8	0.035	7	al	ol		al:arrange.state	0	o	l	False	0.0	0.0	0.25	S		
384	olkam	8	0.035	6	ol	k	am	ol:heat.yield.final	0	k	m	False	0.0	0.0	0.75	C		
385	oain	8	0.035	7		o	ain	arrange.yield.iterate.bind	0	o	n	False	0.0	0.5	0.0	S		
386	oiiin	8	0.035	8		oi	iin	arrange.iterate.iterate.iterate.bind	0	o	n	False	0.0	0.125	0.0	S		
387	cheeody	8	0.035	5	ch	eeo	dy	ch:cool.cool.arrange.do.end	2	e	y	False	0.0	0.0	0.0	S		
388	okeeody	8	0.035	7	ok	eeo	dy	ok:cool.cool.arrange.do.end	2	e	y	False	0.0	0.0	0.125	S		
389	cphedy	8	0.035	7		cphe	dy	adjust.pause.watch.cool.do.end	1	c	y	True	0.0	0.0	0.375	T		
390	daldy	8	0.035	8	da	l	dy	da:state.do.end	0	l	y	True	0.0	0.0	0.375	B		
391	qokan	8	0.035	8	qo	k	an	qo:heat.yield.bind	0	k	n	False	0.0	0.0	0.125	B		
392	okshey	8	0.035	7	ok	e	y	ok:sequence.watch.cool.end	1	s	y	True	0.0	0.0	0.125	S		
393	solchedy	8	0.035	7	so	lche	dy	so:state.adjust.watch.cool.do.end	1	l	y	True	0.0	0.875	0.125	B		
394	qockhey	8	0.035	8	qo	ckhe	y	qo:adjust.heat.watch.cool.end	1	c	y	True	0.0	0.0	0.0	B		
395	lsheey	8	0.035	7	lsh	ee	y	lsh:cool.cool.end	2	e	y	False	0.0	0.0	0.0	B		
396	tshedy	8	0.035	7	sh	e	dy	[t]sh:cool.do.end	1	e	y	False	0.625	0.875	0.0	S		
397	lkchey	8	0.035	4	lk	e	y	lk:adjust.watch.cool.end	1	c	y	True	0.0	0.0	0.0	S		
398	keol	8	0.035	6	ke	ol		ke:arrange.state	0	o	l	False	0.125	0.125	0.0	S		
399	lcheol	8	0.035	7	lch	e	ol	lch:cool.arrange.state	1	e	l	False	0.0	0.25	0.0	S		
400	tshey	8	0.035	7	sh	e	y	[t]sh:cool.end	1	e	y	False	0.25	0.75	0.0	B		
401	qokshey	8	0.035	7	qo	kshe	y	qo:heat.sequence.watch.cool.end	1	k	y	False	0.0	0.125	0.0	C		
402	chain	8	0.035	7	ch	ain		ch:yield.iterate.bind	0	a	n	False	0.0	0.125	0.125	S		
403	shdar	8	0.035	7	sh	d	ar	sh:do.yield.respond	0	d	r	True	0.0	0.0	0.0	C		
404	chokaiin	8	0.035	7	ch	ok	aiin	ch:arrange.heat.yield.iterate.iterate.bind	0	o	n	False	0.0	0.0	0.0	S		
405	qoteody	8	0.035	6	qo	teo	dy	qo:transfer.cool.arrange.do.end	1	t	y	False	0.0	0.0	0.0	S		
406	oteeo	8	0.035	7	ot	eeo		ot:cool.cool.arrange	2	e	o	False	0.0	0.125	0.0	S		
407	oteeey	8	0.035	6	ot	eee	y	ot:cool.cool.cool.end	3	e	y	False	0.0	0.0	0.0	S		
408	lkeeey	8	0.035	7	lk	eee	y	lk:cool.cool.cool.end	3	e	y	False	0.0	0.0	0.125	S		
409	checkhey	7	0.03	6	ch	eckhe	y	ch:cool.adjust.heat.watch.cool.end	1	e	y	False	0.0	0.0	0.0	S		
410	daiir	7	0.03	6	da	ii	r	da:iterate.iterate.respond	0	i	r	True	0.0	0.429	0.0	H		
411	sheeo	7	0.03	7	sh	eeo		sh:cool.cool.arrange	2	e	o	False	0.0	0.143	0.0	S		
412	oteor	7	0.03	6	ot	e	or	ot:cool.arrange.respond	1	e	r	False	0.143	0.143	0.0	S		
413	qokaldy	7	0.03	7	qo	kal	dy	qo:heat.yield.state.do.end	0	k	y	False	0.0	0.0	0.143	H		
414	chekar	7	0.03	7	ch	ek	ar	ch:cool.heat.yield.respond	1	e	r	False	0.0	0.0	0.0	H		
415	shod	7	0.03	6	sh	od		sh:arrange.do	0	o	d	False	0.0	0.286	0.0	S		
416	olchy	7	0.03	7	ol	y		ol:adjust.watch.end	0	c	y	True	0.0	0.0	0.286	B		
417	chcthedy	7	0.03	7	ch	cthe	dy	ch:adjust.transfer.watch.cool.do.end	1	c	y	True	0.0	0.0	0.0	S		
418	chcthdy	7	0.03	7	ch	cth	dy	ch:adjust.transfer.watch.do.end	0	c	y	True	0.0	0.0	0.143	H		
419	ytal	7	0.03	5	ta	l		[y]ta:state	0	l	l	True	0.0	0.143	0.286	B		
420	dchdy	7	0.03	7	dch	dy		dch:do.end	0	d	y	True	0.143	0.571	0.143	B		
421	odal	7	0.03	7		od	al	arrange.do.yield.state	0	o	l	False	0.0	0.0	0.0	S		
422	opchy	7	0.03	7		opch	y	arrange.pause.adjust.watch.end	0	o	y	False	0.0	0.0	0.429	S		
423	keeey	7	0.03	6	ke	ee	y	ke:cool.cool.end	2	e	y	False	0.0	0.0	0.0	S		
424	ychey	7	0.03	7	ch	e	y	[y]ch:cool.end	1	e	y	False	0.0	0.857	0.0	S		
425	schedy	7	0.03	7	sch	e	dy	sch:cool.do.end	1	e	y	False	0.0	0.857	0.0	B		
426	qok	7	0.03	6	qo	k		qo:heat	0	k	k	False	0.0	0.429	0.0	S		
427	qotody	7	0.03	7	qo	to	dy	qo:transfer.arrange.do.end	0	t	y	False	0.0	0.0	0.143	S		
428	octhy	7	0.03	7		octh	y	arrange.adjust.transfer.watch.end	0	o	y	False	0.0	0.0	0.0	S		
429	dsheol	7	0.03	7	sh	e	ol	[d]sh:cool.arrange.state	1	e	l	False	0.0	0.857	0.0	S		
430	choky	7	0.03	7	ch	ok	y	ch:arrange.heat.end	0	o	y	False	0.0	0.0	0.0	H		
431	daiiin	7	0.03	6	da	i	iin	da:iterate.iterate.iterate.bind	0	i	n	True	0.0	0.286	0.0	S		
432	key	7	0.03	6	ke	y		ke:end	0	y	y	True	0.0	0.0	0.0	S		
433	chockhy	7	0.03	7	ch	ockh	y	ch:arrange.adjust.heat.watch.end	0	o	y	False	0.0	0.0	0.143	S		
434	dcheol	7	0.03	6	dch	e	ol	dch:cool.arrange.state	1	e	l	False	0.0	0.857	0.0	B		
435	shedar	7	0.03	7	sh	ed	ar	sh:cool.do.yield.respond	1	e	r	False	0.0	0.0	0.0	S		
436	qoly	7	0.03	6	qo	ly		qo:state.end	0	l	y	True	0.0	0.0	0.714	B		
437	qoked	7	0.03	6	qo	ked		qo:heat.cool.do	1	k	d	False	0.0	0.0	0.0	B		
438	ltedy	7	0.03	7	te	dy		[l]te:do.end	0	d	y	True	0.0	0.0	0.286	S		
439	sheety	7	0.03	5	sh	eet	y	sh:cool.cool.transfer.end	2	e	y	False	0.0	0.0	0.0	B		
440	rshedy	7	0.03	6	sh	e	dy	[r]sh:cool.do.end	1	e	y	False	0.0	0.0	0.143	B		
441	ycheedy	7	0.03	7	ch	ee	dy	[y]ch:cool.cool.do.end	2	e	y	False	0.0	0.429	0.0	S		
442	shety	7	0.03	6	sh	et	y	sh:cool.transfer.end	1	e	y	False	0.0	0.0	0.143	B		
443	chekain	7	0.03	5	ch	ek	ain	ch:cool.heat.yield.iterate.bind	1	e	n	False	0.0	0.0	0.0	S		
444	lkey	7	0.03	7	lk	e	y	lk:cool.end	1	e	y	False	0.0	0.0	0.286	S		
445	qopchey	7	0.03	7	qo	pche	y	qo:pause.adjust.watch.cool.end	1	p	y	True	0.0	0.0	0.0	S		
446	lchy	7	0.03	7	lch	y		lch:end	0	y	y	True	0.0	0.0	0.571	B		
447	qolkeedy	7	0.03	6	qo	lkee	dy	qo:state.heat.cool.cool.do.end	2	l	y	True	0.0	0.143	0.143	B		
448	pcheol	7	0.03	5	pch	e	ol	pch:cool.arrange.state	1	e	l	False	0.286	0.429	0.0	B		
449	ofchedy	7	0.03	7		ofche	dy	arrange.flag.adjust.watch.cool.do.end	1	o	y	False	0.0	0.0	0.0	B		
450	ykchedy	7	0.03	7	yk	e	dy	yk:adjust.watch.cool.do.end	1	c	y	True	0.0	0.286	0.143	S		
451	ls	7	0.03	7		l	s	state.sequence	0	l	s	True	0.0	0.0	0.429	B		
452	polaiin	7	0.03	4	po	l	aiin	po:state.yield.iterate.iterate.bind	0	l	n	True	0.857	0.857	0.0	S		
453	shodaiin	7	0.03	7	sh	od	aiin	sh:arrange.do.yield.iterate.iterate.bind	0	o	n	False	0.0	0.286	0.0	S		
454	chokain	7	0.03	6	ch	ok	ain	ch:arrange.heat.yield.iterate.bind	0	o	n	False	0.0	0.0	0.0	S		
455	lkam	7	0.03	7	lk	am		lk:yield.final	0	a	m	False	0.0	0.0	0.857	S		
456	alkain	7	0.03	6	al	k	ain	al:heat.yield.iterate.bind	0	k	n	False	0.0	0.0	0.143	S		
457	dchey	6	0.026	6	dch	e	y	dch:cool.end	1	e	y	False	0.0	0.833	0.0	B		
458	aldy	6	0.026	6	al	dy		al:do.end	0	d	y	True	0.0	0.0	0.667	H		
459	tcheo	6	0.026	6	tch	eo		tch:cool.arrange	1	e	o	False	0.167	0.5	0.0	S		
460	ypchdy	6	0.026	5	pch	dy		[y]pch:do.end	0	d	y	True	0.0	0.0	0.0	H		
461	cheeol	6	0.026	6	ch	ee	ol	ch:cool.cool.arrange.state	2	e	l	False	0.0	0.0	0.0	S		
462	chs	6	0.026	5	ch	s		ch:sequence	0	s	s	True	0.0	0.0	0.0	S		
463	cheeos	6	0.026	5	ch	eeo	s	ch:cool.cool.arrange.sequence	2	e	s	False	0.0	0.0	0.0	S		
464	dcheey	6	0.026	6	dch	ee	y	dch:cool.cool.end	2	e	y	False	0.0	1.0	0.0	S		
465	rair	6	0.026	5		rai	r	respond.yield.iterate.respond	0	r	r	True	0.0	0.167	0.0	S		
466	keeol	6	0.026	6	ke	e	ol	ke:cool.arrange.state	1	e	l	False	0.0	0.0	0.167	S		
467	arar	6	0.026	6	ar	ar		ar:yield.respond	0	a	r	False	0.0	0.0	0.333	S		
468	ockhedy	6	0.026	6		ockhe	dy	arrange.adjust.heat.watch.cool.do.end	1	o	y	False	0.0	0.167	0.167	S		
469	opal	6	0.026	5		op	al	arrange.pause.yield.state	0	o	l	False	0.0	0.0	0.167	S		
470	chkeey	6	0.026	6	ch	kee	y	ch:heat.cool.cool.end	2	k	y	False	0.0	0.0	0.167	H		
471	cham	6	0.026	6	ch	am		ch:yield.final	0	a	m	False	0.0	0.0	0.833	H		
472	cthy	6	0.026	6	ct	h	y	ct:watch.end	0	h	y	True	0.0	0.0	0.167	H		
473	okary	6	0.026	6	ok	a	ry	ok:yield.respond.end	0	a	y	False	0.0	0.0	0.667	H		
474	olam	6	0.026	6	ol	am		ol:yield.final	0	a	m	False	0.0	0.0	0.833	S		
475	chd	6	0.026	6	ch	d		ch:do	0	d	d	True	0.0	0.0	0.167	H		
476	kam	6	0.026	6	ka	m		ka:final	0	m	m	True	0.0	0.0	0.833	H		
477	chodar	6	0.026	6	ch	od	ar	ch:arrange.do.yield.respond	0	o	r	False	0.0	0.0	0.167	S		
478	chty	6	0.026	6	ch	t	y	ch:transfer.end	0	t	y	False	0.0	0.0	0.333	B		
479	qokeedar	6	0.026	3	qo	keed	ar	qo:heat.cool.cool.do.yield.respond	2	k	r	False	0.0	0.0	0.0	S		
480	eeedy	6	0.026	6		eee	dy	cool.cool.cool.do.end	3	e	y	False	0.0	0.0	0.0	H		
481	chcphy	6	0.026	6	ch	cph	y	ch:adjust.pause.watch.end	0	c	y	True	0.0	0.0	0.167	S		
482	paiin	6	0.026	5		p	aiin	pause.yield.iterate.iterate.bind	0	p	n	True	0.333	0.833	0.0	S		
483	polchedy	6	0.026	6	po	lche	dy	po:state.adjust.watch.cool.do.end	1	l	y	True	0.667	0.667	0.0	S		
484	lkeeody	6	0.026	6	lk	eeo	dy	lk:cool.cool.arrange.do.end	2	e	y	False	0.0	0.0	0.0	S		
485	qoteol	6	0.026	6	qo	te	ol	qo:transfer.cool.arrange.state	1	t	l	False	0.0	0.0	0.0	S		
486	ykeeol	6	0.026	5	yk	ee	ol	yk:cool.cool.arrange.state	2	e	l	False	0.0	0.5	0.0	S		
487	yteody	6	0.026	4	te	o	dy	[y]te:arrange.do.end	0	o	y	False	0.167	0.5	0.0	C		
488	raraiin	6	0.026	5	ar	aiin		[r]ar:yield.iterate.iterate.bind	0	a	n	False	0.0	0.0	0.167	S		
489	chocthy	6	0.026	6	ch	octh	y	ch:arrange.adjust.transfer.watch.end	0	o	y	False	0.0	0.0	0.167	S		
490	okedar	6	0.026	5	ok	ed	ar	ok:cool.do.yield.respond	1	e	r	False	0.0	0.0	0.0	B		
491	eees	6	0.026	6		eee	s	cool.cool.cool.sequence	3	e	s	False	0.0	0.0	0.0	S		
492	ydaiin	6	0.026	6	da	iin		[y]da:iterate.iterate.bind	0	i	n	True	0.0	0.5	0.167	S		
493	olsheey	6	0.026	6	ol	ee	y	ol:sequence.watch.cool.cool.end	2	s	y	True	0.0	0.0	0.0	B		
494	okeeor	6	0.026	5	ok	ee	or	ok:cool.cool.arrange.respond	2	e	r	False	0.0	0.0	0.0	S		
495	olr	6	0.026	5	ol	r		ol:respond	0	r	r	True	0.0	0.167	0.167	S		
496	olkchedy	6	0.026	5	ol	kche	dy	ol:heat.adjust.watch.cool.do.end	1	k	y	False	0.0	0.167	0.0	S		
497	qoain	6	0.026	6	qo	ain		qo:yield.iterate.bind	0	a	n	False	0.167	0.333	0.0	S		
498	okchd	6	0.026	6	ok	d		ok:adjust.watch.do	0	c	d	True	0.167	0.167	0.0	S		
499	qoko	6	0.026	6	qo	ko		qo:heat.arrange	0	k	o	False	0.0	0.0	0.0	H		
500	d	6	0.026	2		d		do	0	d	d	True	0.667	0.667	0.833	T		
501	qokshy	6	0.026	6	qo	ksh	y	qo:heat.sequence.watch.end	0	k	y	False	0.0	0.0	0.0	S		
502	qopaiin	6	0.026	6	qo	p	aiin	qo:pause.yield.iterate.iterate.bind	0	p	n	True	0.0	0.0	0.167	S		
503	chkar	6	0.026	6	ch	k	ar	ch:heat.yield.respond	0	k	r	False	0.0	0.0	0.0	S		
504	loly	6	0.026	5	ol	y		[l]ol:end	0	y	y	True	0.0	0.0	0.667	B		
505	por	6	0.026	5	po	r		po:respond	0	r	r	True	0.333	0.5	0.0	S		
506	orar	6	0.026	6	or	ar		or:yield.respond	0	a	r	False	0.0	0.167	0.167	S		
507	ysheedy	6	0.026	6	sh	ee	dy	[y]sh:cool.cool.do.end	2	e	y	False	0.0	0.833	0.0	S		
508	lsheedy	6	0.026	5	lsh	ee	dy	lsh:cool.cool.do.end	2	e	y	False	0.0	0.0	0.0	B		
509	lal	6	0.026	6		l	al	state.yield.state	0	l	l	True	0.0	0.0	0.167	B		
510	ro	6	0.026	6		ro		respond.arrange	0	r	o	True	0.0	0.0	0.667	S		
511	lar	6	0.026	6		l	ar	state.yield.respond	0	l	r	True	0.0	0.0	0.5	S		
512	shckhedy	6	0.026	5	sh	ckhe	dy	sh:adjust.heat.watch.cool.do.end	1	c	y	True	0.0	0.0	0.333	B		
513	sheed	6	0.026	6	sh	eed		sh:cool.cool.do	2	e	d	False	0.0	0.0	0.0	S		
514	qokear	6	0.026	5	qo	ke	ar	qo:heat.cool.yield.respond	1	k	r	False	0.0	0.0	0.0	S		
515	qoar	6	0.026	6	qo	ar		qo:yield.respond	0	a	r	False	0.0	0.333	0.0	S		
516	chedol	6	0.026	6	ch	ed	ol	ch:cool.do.arrange.state	1	e	l	False	0.0	0.0	0.167	B		
517	pchor	6	0.026	6	pch	or		pch:arrange.respond	0	o	r	False	0.333	0.5	0.0	S		
518	kshedy	6	0.026	6	sh	e	dy	[k]sh:cool.do.end	1	e	y	False	0.167	0.167	0.167	H		
519	aror	6	0.026	4	ar	or		ar:arrange.respond	0	o	r	False	0.0	0.0	0.5	B		
520	otshey	6	0.026	5	ot	e	y	ot:sequence.watch.cool.end	1	s	y	True	0.0	0.0	0.0	C		
521	qochey	6	0.026	5	qo	e	y	qo:adjust.watch.cool.end	1	c	y	True	0.0	0.0	0.0	S		
522	rchey	6	0.026	4	rch	e	y	rch:cool.end	1	e	y	False	0.0	0.0	0.167	B		
523	oeedy	6	0.026	5		oee	dy	arrange.cool.cool.do.end	2	o	y	False	0.0	0.0	0.0	S		
524	oshey	6	0.026	6		oshe	y	arrange.sequence.watch.cool.end	1	o	y	False	0.0	0.5	0.0	B		
525	opor	6	0.026	6		op	or	arrange.pause.arrange.respond	0	o	r	False	0.333	0.333	0.167	C		
526	chtal	6	0.026	5	ch	t	al	ch:transfer.yield.state	0	t	l	False	0.0	0.0	0.0	S		
527	lched	6	0.026	5	lch	ed		lch:cool.do	1	e	d	False	0.0	0.0	0.667	B		
528	oral	6	0.026	6	or	al		or:yield.state	0	a	l	False	0.0	0.0	0.333	S		
529	lpchedy	6	0.026	5	pch	e	dy	[l]pch:cool.do.end	1	e	y	False	0.0	0.0	0.0	S		
530	dsheey	6	0.026	6	sh	ee	y	[d]sh:cool.cool.end	2	e	y	False	0.0	1.0	0.0	S		
531	yteeody	6	0.026	5	te	eo	dy	[y]te:cool.arrange.do.end	1	e	y	False	0.0	0.0	0.167	S		
532	qopchy	6	0.026	6	qo	pch	y	qo:pause.adjust.watch.end	0	p	y	True	0.0	0.0	0.0	C		
533	opaiin	6	0.026	5		op	aiin	arrange.pause.yield.iterate.iterate.bind	0	o	n	False	0.0	0.0	0.167	S		
534	ycheeo	6	0.026	5	ch	eeo		[y]ch:cool.cool.arrange	2	e	o	False	0.0	0.833	0.0	S		
535	okeal	6	0.026	5	ok	e	al	ok:cool.yield.state	1	e	l	False	0.0	0.0	0.0	S		
536	cheeey	6	0.026	4	ch	eee	y	ch:cool.cool.cool.end	3	e	y	False	0.0	0.0	0.0	S		
537	oteal	6	0.026	4	ot	e	al	ot:cool.yield.state	1	e	l	False	0.0	0.0	0.167	S		
538	chedam	6	0.026	6	ch	ed	am	ch:cool.do.yield.final	1	e	m	False	0.0	0.0	0.667	S		
539	shaiin	6	0.026	5	sh	aiin		sh:yield.iterate.iterate.bind	0	a	n	False	0.0	0.333	0.0	S		
540	qokeeor	6	0.026	5	qo	kee	or	qo:heat.cool.cool.arrange.respond	2	k	r	False	0.0	0.333	0.0	S		
541	chotar	6	0.026	6	ch	ot	ar	ch:arrange.transfer.yield.respond	0	o	r	False	0.0	0.0	0.0	S		
542	eedy	5	0.022	3		ee	dy	cool.cool.do.end	2	e	y	False	0.0	0.0	0.0	H		
543	pchdar	5	0.022	5	pch	d	ar	pch:do.yield.respond	0	d	r	True	0.6	0.6	0.0	H		
544	opar	5	0.022	5		op	ar	arrange.pause.yield.respond	0	o	r	False	0.0	0.0	0.0	B		
545	ofchdy	5	0.022	5		ofch	dy	arrange.flag.adjust.watch.do.end	0	o	y	False	0.0	0.0	0.0	H		
546	chekaiin	5	0.022	4	ch	ek	aiin	ch:cool.heat.yield.iterate.iterate.bind	1	e	n	False	0.0	0.0	0.2	H		
547	qokody	5	0.022	5	qo	ko	dy	qo:heat.arrange.do.end	0	k	y	False	0.0	0.0	0.0	H		
548	okcheey	5	0.022	4	ok	ee	y	ok:adjust.watch.cool.cool.end	2	c	y	True	0.0	0.2	0.0	S		
549	chekey	5	0.022	5	ch	eke	y	ch:cool.heat.cool.end	1	e	y	False	0.0	0.0	0.0	H		
550	ykeeo	5	0.022	5	yk	eeo		yk:cool.cool.arrange	2	e	o	False	0.0	0.6	0.0	H		
551	shd	5	0.022	5	sh	d		sh:do	0	d	d	True	0.0	0.0	0.0	H		
552	oltedy	5	0.022	5	ol	te	dy	ol:transfer.cool.do.end	1	t	y	False	0.0	0.0	0.2	B		
553	ytey	5	0.022	5	te	y		[y]te:end	0	y	y	True	0.0	0.2	0.2	H		
554	orair	5	0.022	5	or	ai	r	or:yield.iterate.respond	0	a	r	False	0.0	0.0	0.0	S		
555	qolkain	5	0.022	5	qo	lk	ain	qo:state.heat.yield.iterate.bind	0	l	n	True	0.0	0.2	0.0	B		
556	ockhy	5	0.022	5		ockh	y	arrange.adjust.heat.watch.end	0	o	y	False	0.0	0.0	0.4	H		
557	qokchd	5	0.022	4	qo	kchd		qo:heat.adjust.watch.do	0	k	d	False	0.0	0.0	0.0	S		
558	chkedy	5	0.022	5	ch	ke	dy	ch:heat.cool.do.end	1	k	y	False	0.0	0.0	0.0	B		
559	pcheody	5	0.022	4	pch	eo	dy	pch:cool.arrange.do.end	1	e	y	False	0.6	0.6	0.0	S		
560	ykeeody	5	0.022	4	yk	eeo	dy	yk:cool.cool.arrange.do.end	2	e	y	False	0.0	0.2	0.0	H		
561	lkol	5	0.022	5	lk	ol		lk:arrange.state	0	o	l	False	0.2	0.2	0.2	B		
562	qotaly	5	0.022	5	qo	ta	ly	qo:transfer.yield.state.end	0	t	y	False	0.0	0.0	0.0	S		
563	kshdy	5	0.022	5	sh	dy		[k]sh:do.end	0	d	y	True	0.0	0.0	0.0	H		
564	tody	5	0.022	5	to	dy		to:do.end	0	d	y	True	0.0	0.2	0.0	H		
565	okedal	5	0.022	5	ok	ed	al	ok:cool.do.yield.state	1	e	l	False	0.0	0.0	0.0	S		
566	chepy	5	0.022	5	ch	ep	y	ch:cool.pause.end	1	e	y	False	0.0	0.0	0.0	C		
567	qolkeey	5	0.022	5	qo	lkee	y	qo:state.heat.cool.cool.end	2	l	y	True	0.0	0.0	0.0	B		
568	osaiin	5	0.022	4		os	aiin	arrange.sequence.yield.iterate.iterate.bind	0	o	n	False	0.0	0.0	0.0	T		
569	chcthhy	5	0.022	5	ch	cthh	y	ch:adjust.transfer.watch.watch.end	0	c	y	True	0.0	0.0	0.0	B		
570	lain	5	0.022	5		l	ain	state.yield.iterate.bind	0	l	n	True	0.0	0.0	0.0	S		
571	ytchey	5	0.022	4	tch	e	y	[y]tch:cool.end	1	e	y	False	0.0	0.8	0.0	C		
572	cheockhy	5	0.022	5	ch	eockh	y	ch:cool.arrange.adjust.heat.watch.end	1	e	y	False	0.0	0.0	0.0	S		
573	cheeor	5	0.022	5	ch	ee	or	ch:cool.cool.arrange.respond	2	e	r	False	0.0	0.0	0.0	S		
574	ldar	5	0.022	5	da	r		[l]da:respond	0	r	r	True	0.0	0.0	0.2	H		
575	dalol	5	0.022	5	da	l	ol	da:state.arrange.state	0	l	l	True	0.0	0.0	0.0	H		
576	ykair	5	0.022	4	yk	ai	r	yk:yield.iterate.respond	0	a	r	False	0.0	0.0	0.0	S		
577	lchor	5	0.022	5	lch	or		lch:arrange.respond	0	o	r	False	0.0	0.4	0.0	B		
578	cheoar	5	0.022	3	ch	eo	ar	ch:cool.arrange.yield.respond	1	e	r	False	0.0	0.0	0.0	S		
579	chckhhy	5	0.022	4	ch	ckhh	y	ch:adjust.heat.watch.watch.end	0	c	y	True	0.0	0.0	0.0	S		
580	kcheody	5	0.022	5	kch	eo	dy	kch:cool.arrange.do.end	1	e	y	False	0.0	0.0	0.0	S		
581	shes	5	0.022	5	sh	e	s	sh:cool.sequence	1	e	s	False	0.0	0.0	0.2	B		
582	sshedy	5	0.022	5	sh	e	dy	[s]sh:cool.do.end	1	e	y	False	0.0	0.8	0.0	B		
583	chokeey	5	0.022	5	ch	okee	y	ch:arrange.heat.cool.cool.end	2	o	y	False	0.0	0.2	0.0	S		
584	cheoky	5	0.022	5	ch	eok	y	ch:cool.arrange.heat.end	1	e	y	False	0.0	0.0	0.0	B		
585	lkeol	5	0.022	5	lk	e	ol	lk:cool.arrange.state	1	e	l	False	0.0	0.0	0.0	S		
586	csedy	5	0.022	5		cse	dy	adjust.sequence.cool.do.end	1	c	y	True	0.0	0.2	0.0	B		
587	olkol	5	0.022	4	ol	k	ol	ol:heat.arrange.state	0	k	l	False	0.0	0.0	0.4	B		
588	lteedy	5	0.022	5	te	e	dy	[l]te:cool.do.end	1	e	y	False	0.2	0.2	0.0	S		
589	lom	5	0.022	5		l	om	state.arrange.final	0	l	m	True	0.0	0.0	1.0	B		
590	chr	5	0.022	4	ch	r		ch:respond	0	r	r	True	0.0	0.0	0.0	S		
591	lam	5	0.022	5		l	am	state.yield.final	0	l	m	True	0.0	0.0	1.0	S		
592	chckhal	5	0.022	5	ch	ckh	al	ch:adjust.heat.watch.yield.state	0	c	l	True	0.0	0.0	0.4	B		
593	solkeedy	5	0.022	4	so	lkee	dy	so:state.heat.cool.cool.do.end	2	l	y	True	0.0	1.0	0.0	B		
594	okaral	5	0.022	5	ok	ar	al	ok:yield.respond.yield.state	0	a	l	False	0.2	0.2	0.2	S		
595	sham	5	0.022	5	sh	am		sh:yield.final	0	a	m	False	0.0	0.0	1.0	S		
596	solchey	5	0.022	3	so	lche	y	so:state.adjust.watch.cool.end	1	l	y	True	0.0	0.6	0.4	B		
597	chetain	5	0.022	5	ch	et	ain	ch:cool.transfer.yield.iterate.bind	1	e	n	False	0.0	0.0	0.2	S		
598	alom	5	0.022	5	al	om		al:arrange.final	0	o	m	False	0.0	0.0	1.0	S		
599	olal	5	0.022	5	ol	al		ol:yield.state	0	a	l	False	0.0	0.0	0.2	S		
600	qopchol	5	0.022	5	qo	pch	ol	qo:pause.adjust.watch.arrange.state	0	p	l	True	0.0	0.0	0.0	C		
601	chcthey	5	0.022	5	ch	cthe	y	ch:adjust.transfer.watch.cool.end	1	c	y	True	0.0	0.0	0.2	S		
602	pchedal	5	0.022	4	pch	ed	al	pch:cool.do.yield.state	1	e	l	False	0.8	1.0	0.0	S		
603	cheedar	5	0.022	5	ch	eed	ar	ch:cool.cool.do.yield.respond	2	e	r	False	0.0	0.0	0.0	S		
604	okeeol	5	0.022	5	ok	ee	ol	ok:cool.cool.arrange.state	2	e	l	False	0.0	0.0	0.0	S		
605	oteeody	5	0.022	4	ot	eeo	dy	ot:cool.cool.arrange.do.end	2	e	y	False	0.0	0.0	0.0	S		
606	pchol	5	0.022	5	pch	ol		pch:arrange.state	0	o	l	False	0.8	0.8	0.0	S		
607	tey	5	0.022	5	te	y		te:end	0	y	y	True	0.0	0.0	0.0	C		
608	qopar	5	0.022	3	qo	p	ar	qo:pause.yield.respond	0	p	r	True	0.0	0.0	0.0	T		
609	olkeeody	5	0.022	5	ol	keeo	dy	ol:heat.cool.cool.arrange.do.end	2	k	y	False	0.0	0.0	0.0	S		
610	alkam	5	0.022	5	al	k	am	al:heat.yield.final	0	k	m	False	0.0	0.0	1.0	S		
611	sheeey	5	0.022	5	sh	eee	y	sh:cool.cool.cool.end	3	e	y	False	0.0	0.2	0.0	S		
612	teody	5	0.022	4	te	o	dy	te:arrange.do.end	0	o	y	False	0.0	0.0	0.0	S		
613	alkaiin	5	0.022	3	al	k	aiin	al:heat.yield.iterate.iterate.bind	0	k	n	False	0.0	0.0	0.2	S		
614	chokar	5	0.022	5	ch	ok	ar	ch:arrange.heat.yield.respond	0	o	r	False	0.0	0.0	0.0	S		
615	choaiin	5	0.022	5	ch	o	aiin	ch:arrange.yield.iterate.iterate.bind	0	o	n	False	0.0	0.2	0.0	S		
616	chodain	5	0.022	5	ch	od	ain	ch:arrange.do.yield.iterate.bind	0	o	n	False	0.0	0.0	0.2	S		
617	shekain	5	0.022	5	sh	ek	ain	sh:cool.heat.yield.iterate.bind	1	e	n	False	0.0	0.0	0.0	S		
618	qokeechy	5	0.022	5	qo	keech	y	qo:heat.cool.cool.adjust.watch.end	2	k	y	False	0.0	0.0	0.0	S		
619	lkchdy	5	0.022	3	lk	dy		lk:adjust.watch.do.end	0	c	y	True	0.0	0.0	0.0	S		
620	cheodaiin	5	0.022	4	ch	eod	aiin	ch:cool.arrange.do.yield.iterate.iterate.bind	1	e	n	False	0.0	0.0	0.2	S		
621	alam	5	0.022	5	al	am		al:yield.final	0	a	m	False	0.0	0.0	0.8	S		
622	cheodain	5	0.022	5	ch	eod	ain	ch:cool.arrange.do.yield.iterate.bind	1	e	n	False	0.0	0.2	0.0	S		
623	qotched	5	0.022	3	qo	tched		qo:transfer.adjust.watch.cool.do	1	t	d	False	0.0	0.0	0.0	S		
624	lchal	5	0.022	4	lch	al		lch:yield.state	0	a	l	False	0.0	0.0	0.0	S		
625	ail	5	0.022	5		ai	l	yield.iterate.state	0	a	l	False	0.0	0.0	0.0	S		
626	oteo	5	0.022	5	ot	eo		ot:cool.arrange	1	e	o	False	0.0	0.0	0.0	S		
627	lkal	5	0.022	3	lk	al		lk:yield.state	0	a	l	False	0.0	0.0	0.2	S		
628	qokeeol	5	0.022	3	qo	kee	ol	qo:heat.cool.cool.arrange.state	2	k	l	False	0.0	0.4	0.0	S		
629	qoy	4	0.017	4	qo	y		qo:end	0	y	y	True	0.0	0.0	0.25	S		
630	chekedy	4	0.017	3	ch	eke	dy	ch:cool.heat.cool.do.end	1	e	y	False	0.0	0.0	0.0	H		
631	dalchedy	4	0.017	3	da	lche	dy	da:state.adjust.watch.cool.do.end	1	l	y	True	0.0	0.0	0.25	S		
632	ckhdy	4	0.017	4		ckh	dy	adjust.heat.watch.do.end	0	c	y	True	0.0	0.0	0.0	H		
633	teeedy	4	0.017	4	te	ee	dy	te:cool.cool.do.end	2	e	y	False	0.0	0.25	0.0	S		
634	shees	4	0.017	4	sh	ee	s	sh:cool.cool.sequence	2	e	s	False	0.0	0.0	0.0	B		
635	da	4	0.017	4		da		do.yield	0	d	a	True	0.0	0.0	0.5	H		
636	chepar	4	0.017	4	ch	ep	ar	ch:cool.pause.yield.respond	1	e	r	False	0.0	0.0	0.0	H		
637	shcthey	4	0.017	4	sh	cthe	y	sh:adjust.transfer.watch.cool.end	1	c	y	True	0.0	0.0	0.0	B		
638	kchy	4	0.017	4	kch	y		kch:end	0	y	y	True	0.0	0.0	0.0	H		
639	octhey	4	0.017	4		octhe	y	arrange.adjust.transfer.watch.cool.end	1	o	y	False	0.0	0.0	0.0	H		
640	yk	4	0.017	4		yk		end.heat	0	y	k	True	0.0	0.25	0.0	H		
641	cheom	4	0.017	4	ch	e	om	ch:cool.arrange.final	1	e	m	False	0.0	0.0	1.0	S		
642	okaldy	4	0.017	4	ok	al	dy	ok:yield.state.do.end	0	a	y	False	0.0	0.0	0.0	H		
643	loiin	4	0.017	4		l	oiin	state.arrange.iterate.iterate.bind	0	l	n	True	0.0	0.25	0.0	S		
644	chekeedy	4	0.017	4	ch	ekee	dy	ch:cool.heat.cool.cool.do.end	2	e	y	False	0.0	0.0	0.0	H		
645	tshdy	4	0.017	4	sh	dy		[t]sh:do.end	0	d	y	True	0.5	0.5	0.0	H		
646	dody	4	0.017	4	do	dy		do:do.end	0	d	y	True	0.0	0.0	0.0	S		
647	tam	4	0.017	3	ta	m		ta:final	0	m	m	True	0.0	0.0	0.75	H		
648	ykchdy	4	0.017	4	yk	dy		yk:adjust.watch.do.end	0	c	y	True	0.0	0.25	0.0	H		
649	qod	4	0.017	4	qo	d		qo:do	0	d	d	True	0.0	0.0	0.75	H		
650	sh	4	0.017	3		sh		sequence.watch	0	s	h	True	0.5	0.5	0.5	T		
651	kechdy	4	0.017	4	ke	dy		ke:adjust.watch.do.end	0	c	y	True	0.0	0.0	0.0	S		
652	cholky	4	0.017	4	ch	olk	y	ch:arrange.state.heat.end	0	o	y	False	0.0	0.0	0.25	H		
653	ydy	4	0.017	4		y	dy	end.do.end	0	y	y	True	0.25	0.25	0.5	B		
654	olcheol	4	0.017	4	ol	e	ol	ol:adjust.watch.cool.arrange.state	1	c	l	True	0.0	0.5	0.0	S		
655	okody	4	0.017	4	ok	o	dy	ok:arrange.do.end	0	o	y	False	0.0	0.0	0.0	H		
656	chodal	4	0.017	3	ch	od	al	ch:arrange.do.yield.state	0	o	l	False	0.0	0.0	0.25	S		
657	dalor	4	0.017	4	da	l	or	da:state.arrange.respond	0	l	r	True	0.0	0.0	0.0	H		
658	chckhd	4	0.017	4	ch	ckhd		ch:adjust.heat.watch.do	0	c	d	True	0.0	0.0	0.25	H		
659	yaiin	4	0.017	4		y	aiin	end.yield.iterate.iterate.bind	0	y	n	True	0.0	1.0	0.0	S		
660	aim	4	0.017	4		a	im	yield.iterate.final	0	a	m	False	0.0	0.0	0.5	S		
661	kcheo	4	0.017	4	kch	eo		kch:cool.arrange	1	e	o	False	0.25	0.25	0.0	S		
662	tchy	4	0.017	4	tch	y		tch:end	0	y	y	True	0.25	0.5	0.0	H		
663	aithy	4	0.017	4		aith	y	yield.iterate.transfer.watch.end	0	a	y	False	0.0	0.0	0.5	H		
664	olfchedy	4	0.017	4	ol	fche	dy	ol:flag.adjust.watch.cool.do.end	1	f	y	True	0.0	0.0	0.0	H		
665	okeor	4	0.017	4	ok	e	or	ok:cool.arrange.respond	1	e	r	False	0.0	0.0	0.25	S		
666	chetar	4	0.017	4	ch	et	ar	ch:cool.transfer.yield.respond	1	e	r	False	0.0	0.0	0.0	S		
667	qotcheedy	4	0.017	4	qo	tchee	dy	qo:transfer.adjust.watch.cool.cool.do.end	2	t	y	False	0.0	0.0	0.0	S		
668	todaiin	4	0.017	4	to	d	aiin	to:do.yield.iterate.iterate.bind	0	d	n	True	0.25	1.0	0.0	H		
669	olkeeo	4	0.017	4	ol	keeo		ol:heat.cool.cool.arrange	2	k	o	False	0.0	0.25	0.0	S		
670	qoiiin	4	0.017	4	qo	i	iin	qo:iterate.iterate.iterate.bind	0	i	n	True	0.0	0.0	0.0	S		
671	otary	4	0.017	4	ot	a	ry	ot:yield.respond.end	0	a	y	False	0.0	0.0	0.5	S		
672	alody	4	0.017	4	al	o	dy	al:arrange.do.end	0	o	y	False	0.0	0.0	0.25	C		
673	ot	4	0.017	4		ot		arrange.transfer	0	o	t	False	0.0	0.0	0.25	S		
674	ckhedy	4	0.017	4		ckhe	dy	adjust.heat.watch.cool.do.end	1	c	y	True	0.0	0.0	0.0	H		
675	odor	4	0.017	4		od	or	arrange.do.arrange.respond	0	o	r	False	0.0	0.0	0.0	H		
676	m	4	0.017	4		m		final	0	m	m	True	0.0	0.0	1.0	H		
677	fchdy	4	0.017	4	fch	dy		fch:do.end	0	d	y	True	0.0	0.0	0.0	S		
678	qokdy	4	0.017	4	qo	k	dy	qo:heat.do.end	0	k	y	False	0.0	0.0	0.0	H		
679	pchdair	4	0.017	4	pch	dai	r	pch:do.yield.iterate.respond	0	d	r	True	0.75	0.75	0.0	S		
680	chotal	4	0.017	4	ch	ot	al	ch:arrange.transfer.yield.state	0	o	l	False	0.0	0.0	0.0	S		
681	daim	4	0.017	3	da	im		da:iterate.final	0	i	m	True	0.0	0.0	0.5	H		
682	tedain	4	0.017	4	te	d	ain	te:do.yield.iterate.bind	0	d	n	True	0.25	0.5	0.0	H		
683	qoteo	4	0.017	4	qo	teo		qo:transfer.cool.arrange	1	t	o	False	0.0	0.0	0.0	S		
684	ytchy	4	0.017	3	tch	y		[y]tch:end	0	y	y	True	0.0	0.25	0.0	C		
685	cthar	4	0.017	4	ct	h	ar	ct:watch.yield.respond	0	h	r	True	0.0	0.0	0.0	H		
686	los	4	0.017	4		lo	s	state.arrange.sequence	0	l	s	True	0.0	0.25	0.0	H		
687	ykeeedy	4	0.017	4	yk	eee	dy	yk:cool.cool.cool.do.end	3	e	y	False	0.0	0.25	0.0	C		
688	olkchey	4	0.017	3	ol	kche	y	ol:heat.adjust.watch.cool.end	1	k	y	False	0.0	0.0	0.0	C		
689	otees	4	0.017	3	ot	ee	s	ot:cool.cool.sequence	2	e	s	False	0.0	0.0	0.0	C		
690	ofar	4	0.017	4		of	ar	arrange.flag.yield.respond	0	o	r	False	0.0	0.0	0.25	H		
691	ykeeey	4	0.017	4	yk	eee	y	yk:cool.cool.cool.end	3	e	y	False	0.0	0.5	0.0	S		
692	f	4	0.017	1		f		flag	0	f	f	True	1.0	1.0	1.0	T		
693	okcho	4	0.017	4	ok	o		ok:adjust.watch.arrange	0	c	o	True	0.0	0.0	0.0	S		
694	ykol	4	0.017	4	yk	ol		yk:arrange.state	0	o	l	False	0.0	0.25	0.25	T		
695	sholdy	4	0.017	4	sh	ol	dy	sh:arrange.state.do.end	0	o	y	False	0.0	0.0	0.5	B		
696	psheody	4	0.017	4	sh	eo	dy	[p]sh:cool.arrange.do.end	1	e	y	False	1.0	1.0	0.0	S		
697	ld	4	0.017	4		ld		state.do	0	l	d	True	0.0	0.0	0.25	T		
698	olkeol	4	0.017	4	ol	ke	ol	ol:heat.cool.arrange.state	1	k	l	False	0.0	0.0	0.0	S		
699	ytody	4	0.017	3	to	dy		[y]to:do.end	0	d	y	True	0.0	0.0	0.25	C		
700	okechdy	4	0.017	4	ok	ech	dy	ok:cool.adjust.watch.do.end	1	e	y	False	0.0	0.0	0.25	S		
701	kary	4	0.017	4	ka	ry		ka:respond.end	0	r	y	True	0.0	0.0	0.25	B		
702	orchey	4	0.017	3	or	e	y	or:adjust.watch.cool.end	1	c	y	True	0.0	0.0	0.0	B		
703	keeor	4	0.017	4	ke	e	or	ke:cool.arrange.respond	1	e	r	False	0.0	0.0	0.0	S		
704	sshey	4	0.017	4	sh	e	y	[s]sh:cool.end	1	e	y	False	0.0	0.5	0.0	B		
705	solkedy	4	0.017	3	so	lke	dy	so:state.heat.cool.do.end	1	l	y	True	0.0	0.5	0.25	B		
706	sheckhey	4	0.017	4	sh	eckhe	y	sh:cool.adjust.heat.watch.cool.end	1	e	y	False	0.0	0.0	0.0	B		
707	checthey	4	0.017	4	ch	ecthe	y	ch:cool.adjust.transfer.watch.cool.end	1	e	y	False	0.0	0.0	0.25	B		
708	solkeey	4	0.017	4	so	lkee	y	so:state.heat.cool.cool.end	2	l	y	True	0.25	1.0	0.0	B		
709	roiin	4	0.017	3		r	oiin	respond.arrange.iterate.iterate.bind	0	r	n	True	0.0	0.0	0.0	B		
710	alchedy	4	0.017	3	al	e	dy	al:adjust.watch.cool.do.end	1	c	y	True	0.0	0.0	0.0	S		
711	sheckhedy	4	0.017	4	sh	eckhe	dy	sh:cool.adjust.heat.watch.cool.do.end	1	e	y	False	0.0	0.0	0.0	B		
712	sheoky	4	0.017	4	sh	eok	y	sh:cool.arrange.heat.end	1	e	y	False	0.0	0.25	0.0	S		
713	qopshedy	4	0.017	3	qo	pshe	dy	qo:pause.sequence.watch.cool.do.end	1	p	y	True	0.0	0.0	0.0	B		
714	shdal	4	0.017	4	sh	d	al	sh:do.yield.state	0	d	l	True	0.0	0.0	0.25	S		
715	qolky	4	0.017	4	qo	lk	y	qo:state.heat.end	0	l	y	True	0.0	0.0	0.5	B		
716	dsheedy	4	0.017	4	sh	ee	dy	[d]sh:cool.cool.do.end	2	e	y	False	0.0	0.5	0.0	S		
717	tchor	4	0.017	4	tch	or		tch:arrange.respond	0	o	r	False	0.25	0.5	0.0	H		
718	oloiin	4	0.017	4	ol	oiin		ol:arrange.iterate.iterate.bind	0	o	n	False	0.0	0.0	0.5	B		
719	olshdy	4	0.017	3	ol	dy		ol:sequence.watch.do.end	0	s	y	True	0.0	0.0	0.0	B		
720	shain	4	0.017	3	sh	ain		sh:yield.iterate.bind	0	a	n	False	0.0	0.75	0.0	S		
721	ychedar	4	0.017	3	ch	ed	ar	[y]ch:cool.do.yield.respond	1	e	r	False	0.0	0.75	0.0	S		
722	kas	4	0.017	4	ka	s		ka:sequence	0	s	s	True	0.0	0.0	0.0	B		
723	dchol	4	0.017	4	dch	ol		dch:arrange.state	0	o	l	False	0.0	0.5	0.0	B		
724	cheokain	4	0.017	4	ch	eok	ain	ch:cool.arrange.heat.yield.iterate.bind	1	e	n	False	0.0	0.0	0.0	S		
725	olkair	4	0.017	4	ol	kai	r	ol:heat.yield.iterate.respond	0	k	r	False	0.0	0.0	0.0	B		
726	otan	4	0.017	4	ot	an		ot:yield.bind	0	a	n	False	0.25	0.25	0.25	S		
727	qotair	4	0.017	3	qo	tai	r	qo:transfer.yield.iterate.respond	0	t	r	False	0.0	0.0	0.0	S		
728	okaiiin	4	0.017	4	ok	ai	iin	ok:yield.iterate.iterate.iterate.bind	0	a	n	False	0.0	0.0	0.0	S		
729	tcheol	4	0.017	3	tch	e	ol	tch:cool.arrange.state	1	e	l	False	0.0	0.75	0.0	B		
730	opy	4	0.017	3		op	y	arrange.pause.end	0	o	y	False	0.0	0.0	0.5	C		
731	olpchedy	4	0.017	2	ol	pche	dy	ol:pause.adjust.watch.cool.do.end	1	p	y	True	0.0	0.0	0.0	B		
732	qokechedy	4	0.017	4	qo	keche	dy	qo:heat.cool.adjust.watch.cool.do.end	1	k	y	False	0.0	0.25	0.25	B		
733	oraiiin	4	0.017	4	or	ai	iin	or:yield.iterate.iterate.iterate.bind	0	a	n	False	0.0	0.0	0.25	B		
734	par	4	0.017	4		p	ar	pause.yield.respond	0	p	r	True	0.25	0.5	0.0	B		
735	qocthey	4	0.017	4	qo	cthe	y	qo:adjust.transfer.watch.cool.end	1	c	y	True	0.0	0.25	0.0	S		
736	cthol	4	0.017	3	ct	h	ol	ct:watch.arrange.state	0	h	l	True	0.0	0.0	0.25	B		
737	qopol	4	0.017	4	qo	p	ol	qo:pause.arrange.state	0	p	l	True	0.0	0.0	0.0	S		
738	qokeeedy	4	0.017	4	qo	keee	dy	qo:heat.cool.cool.cool.do.end	3	k	y	False	0.0	0.0	0.0	S		
739	cholkaiin	4	0.017	4	ch	olk	aiin	ch:arrange.state.heat.yield.iterate.iterate.bind	0	o	n	False	0.0	0.0	0.25	S		
740	doiin	4	0.017	4	do	iin		do:iterate.iterate.bind	0	i	n	True	0.0	0.75	0.0	S		
741	okechy	4	0.017	4	ok	ech	y	ok:cool.adjust.watch.end	1	e	y	False	0.0	0.25	0.25	S		
742	oror	4	0.017	4	or	or		or:arrange.respond	0	o	r	False	0.0	0.0	0.5	S		
743	lkor	4	0.017	4	lk	or		lk:arrange.respond	0	o	r	False	0.0	0.0	0.0	S		
744	otechdy	4	0.017	4	ot	ech	dy	ot:cool.adjust.watch.do.end	1	e	y	False	0.0	0.0	0.0	S		
745	oees	4	0.017	3		oee	s	arrange.cool.cool.sequence	2	o	s	False	0.0	0.75	0.0	S		
746	otarar	4	0.017	4	ot	ar	ar	ot:yield.respond.yield.respond	0	a	r	False	0.0	0.0	0.25	S		
747	otodaiin	4	0.017	4	ot	od	aiin	ot:arrange.do.yield.iterate.iterate.bind	0	o	n	False	0.0	0.0	0.0	C		
748	fcheey	4	0.017	4	fch	ee	y	fch:cool.cool.end	2	e	y	False	0.0	0.0	0.25	S		
749	qodar	4	0.017	3	qo	d	ar	qo:do.yield.respond	0	d	r	True	0.0	0.0	0.0	C		
750	an	4	0.017	4		an		yield.bind	0	a	n	False	0.0	0.0	0.5	C		
751	olkchdy	4	0.017	4	ol	kch	dy	ol:heat.adjust.watch.do.end	0	k	y	False	0.0	0.0	0.25	C		
752	oeey	4	0.017	4		oee	y	arrange.cool.cool.end	2	o	y	False	0.0	0.0	0.0	C		
753	qoedy	4	0.017	3	qo	e	dy	qo:cool.do.end	1	e	y	False	0.0	0.25	0.0	C		
754	cheoty	4	0.017	4	ch	eot	y	ch:cool.arrange.transfer.end	1	e	y	False	0.0	0.0	0.0	S		
755	qopcheey	4	0.017	3	qo	pchee	y	qo:pause.adjust.watch.cool.cool.end	2	p	y	True	0.0	0.0	0.0	C		
756	qoeeey	4	0.017	4	qo	eee	y	qo:cool.cool.cool.end	3	e	y	False	0.0	0.0	0.0	S		
757	cheedaiin	4	0.017	3	ch	eed	aiin	ch:cool.cool.do.yield.iterate.iterate.bind	2	e	n	False	0.0	0.0	0.25	S		
758	pchedaiin	4	0.017	4	pch	ed	aiin	pch:cool.do.yield.iterate.iterate.bind	1	e	n	False	1.0	1.0	0.0	S		
759	okshy	4	0.017	3	ok	y		ok:sequence.watch.end	0	s	y	True	0.0	0.25	0.0	H		
760	alor	4	0.017	3	al	or		al:arrange.respond	0	o	r	False	0.0	0.0	0.25	S		
761	loty	4	0.017	3	ot	y		[l]ot:end	0	y	y	True	0.0	0.0	0.75	S		
762	opcheol	4	0.017	4		opche	ol	arrange.pause.adjust.watch.cool.arrange.state	1	o	l	False	0.0	0.0	0.0	S		
763	pcheor	4	0.017	4	pch	e	or	pch:cool.arrange.respond	1	e	r	False	1.0	1.0	0.0	S		
764	lkeody	4	0.017	3	lk	eo	dy	lk:cool.arrange.do.end	1	e	y	False	0.0	0.0	0.0	S		
765	opair	4	0.017	4		opai	r	arrange.pause.yield.iterate.respond	0	o	r	False	0.0	0.0	0.0	S		
766	keeody	4	0.017	4	ke	eo	dy	ke:cool.arrange.do.end	1	e	y	False	0.0	0.0	0.0	S		
767	lkeeo	4	0.017	4	lk	eeo		lk:cool.cool.arrange	2	e	o	False	0.0	0.0	0.0	S		
768	lkair	4	0.017	4	lk	ai	r	lk:yield.iterate.respond	0	a	r	False	0.0	0.0	0.0	S		
769	oy	4	0.017	4		o	y	arrange.end	0	o	y	False	0.0	0.0	0.25	S		
770	oteeol	4	0.017	4	ot	ee	ol	ot:cool.cool.arrange.state	2	e	l	False	0.0	0.0	0.0	S		
771	opchedaiin	4	0.017	3		opched	aiin	arrange.pause.adjust.watch.cool.do.yield.iterate.iterate.bind	1	o	n	False	0.0	0.0	0.0	S		
772	qokedain	4	0.017	4	qo	ked	ain	qo:heat.cool.do.yield.iterate.bind	1	k	n	False	0.0	0.0	0.0	S		
773	lkshedy	4	0.017	4	lk	e	dy	lk:sequence.watch.cool.do.end	1	s	y	True	0.0	0.0	0.0	S		
774	alkeedy	4	0.017	4	al	kee	dy	al:heat.cool.cool.do.end	2	k	y	False	0.0	0.0	0.5	S		
775	lkeeol	4	0.017	4	lk	ee	ol	lk:cool.cool.arrange.state	2	e	l	False	0.0	0.0	0.0	S		
776	lkeeedy	4	0.017	4	lk	eee	dy	lk:cool.cool.cool.do.end	3	e	y	False	0.0	0.0	0.0	S		
777	okechedy	4	0.017	3	ok	eche	dy	ok:cool.adjust.watch.cool.do.end	1	e	y	False	0.0	0.0	0.0	S		
778	odam	3	0.013	3		od	am	arrange.do.yield.final	0	o	m	False	0.0	0.0	0.667	H		
779	qoteedar	3	0.013	3	qo	teed	ar	qo:transfer.cool.cool.do.yield.respond	2	t	r	False	0.0	0.0	0.0	S		
780	qopy	3	0.013	3	qo	p	y	qo:pause.end	0	p	y	True	0.0	0.0	0.667	H		
781	g	3	0.013	3		g		?	0	g	g	True	0.0	0.0	1.0	H		
782	deey	3	0.013	3	de	e	y	de:cool.end	1	e	y	False	0.0	0.0	0.333	H		
783	odaiiin	3	0.013	3		odai	iin	arrange.do.yield.iterate.iterate.iterate.bind	0	o	n	False	0.0	0.0	0.333	H		
784	okeeos	3	0.013	3	ok	eeo	s	ok:cool.cool.arrange.sequence	2	e	s	False	0.0	0.0	0.0	H		
785	okeshy	3	0.013	3	ok	esh	y	ok:cool.sequence.watch.end	1	e	y	False	0.0	0.0	0.0	B		
786	cheod	3	0.013	3	ch	eod		ch:cool.arrange.do	1	e	d	False	0.0	0.0	0.0	H		
787	olsheol	3	0.013	3	ol	e	ol	ol:sequence.watch.cool.arrange.state	1	s	l	True	0.0	0.667	0.0	B		
788	saiir	3	0.013	3	sa	ii	r	sa:iterate.iterate.respond	0	i	r	True	0.0	0.667	0.0	H		
789	okedam	3	0.013	3	ok	ed	am	ok:cool.do.yield.final	1	e	m	False	0.0	0.0	0.667	H		
790	als	3	0.013	3	al	s		al:sequence	0	s	s	True	0.0	0.0	0.667	H		
791	kchody	3	0.013	3	kch	o	dy	kch:arrange.do.end	0	o	y	False	0.0	0.0	0.0	H		
792	otas	3	0.013	3	ot	a	s	ot:yield.sequence	0	a	s	False	0.0	0.0	0.667	H		
793	qop	3	0.013	3	qo	p		qo:pause	0	p	p	True	0.0	0.0	0.0	H		
794	alaiin	3	0.013	3	al	aiin		al:yield.iterate.iterate.bind	0	a	n	False	0.0	0.0	0.0	H		
795	okear	3	0.013	3	ok	e	ar	ok:cool.yield.respond	1	e	r	False	0.0	0.0	0.333	S		
796	ykam	3	0.013	3	yk	am		yk:yield.final	0	a	m	False	0.0	0.0	1.0	H		
797	shekal	3	0.013	3	sh	ek	al	sh:cool.heat.yield.state	1	e	l	False	0.0	0.0	0.0	H		
798	cs	3	0.013	3		c	s	adjust.sequence	0	c	s	True	0.0	0.0	0.333	H		
799	dyky	3	0.013	3	yk	y		[d]yk:end	0	y	y	True	0.0	0.0	0.333	H		
800	lodaiin	3	0.013	3		lod	aiin	state.arrange.do.yield.iterate.iterate.bind	0	l	n	True	0.0	0.333	0.333	H		
801	chdaly	3	0.013	3	ch	da	ly	ch:do.yield.state.end	0	d	y	True	0.0	0.0	0.667	S		
802	chetey	3	0.013	3	ch	ete	y	ch:cool.transfer.cool.end	1	e	y	False	0.0	0.0	0.0	B		
803	oll	3	0.013	3	ol	l		ol:state	0	l	l	True	0.0	0.0	0.667	H		
804	ochey	3	0.013	3		oche	y	arrange.adjust.watch.cool.end	1	o	y	False	0.0	0.0	0.0	S		
805	daram	3	0.013	3	da	r	am	da:respond.yield.final	0	r	m	True	0.0	0.0	1.0	H		
806	chefchy	3	0.013	3	ch	efch	y	ch:cool.flag.adjust.watch.end	1	e	y	False	0.0	0.0	0.0	H		
807	oldar	3	0.013	2	ol	d	ar	ol:do.yield.respond	0	d	r	True	0.0	0.0	0.0	H		
808	lsheody	3	0.013	3	lsh	eo	dy	lsh:cool.arrange.do.end	1	e	y	False	0.0	0.667	0.0	H		
809	cphy	3	0.013	3		cph	y	adjust.pause.watch.end	0	c	y	True	0.0	0.0	0.0	H		
810	qolain	3	0.013	2	qo	l	ain	qo:state.yield.iterate.bind	0	l	n	True	0.0	0.0	0.0	B		
811	pchdaiin	3	0.013	3	pch	d	aiin	pch:do.yield.iterate.iterate.bind	0	d	n	True	1.0	1.0	0.0	H		
812	ytor	3	0.013	3	to	r		[y]to:respond	0	r	r	True	0.0	0.667	0.0	H		
813	chek	3	0.013	3	ch	ek		ch:cool.heat	1	e	k	False	0.0	0.0	0.0	H		
814	yky	3	0.013	3	yk	y		yk:end	0	y	y	True	0.0	0.0	0.333	S		
815	fchor	3	0.013	3	fch	or		fch:arrange.respond	0	o	r	False	0.0	0.0	0.0	H		
816	sarol	3	0.013	3	sa	r	ol	sa:respond.arrange.state	0	r	l	True	0.0	0.667	0.0	H		
817	cheodal	3	0.013	3	ch	eod	al	ch:cool.arrange.do.yield.state	1	e	l	False	0.0	0.0	0.0	S		
818	das	3	0.013	3	da	s		da:sequence	0	s	s	True	0.0	0.0	0.0	H		
819	okoldy	3	0.013	3	ok	ol	dy	ok:arrange.state.do.end	0	o	y	False	0.0	0.0	0.0	H		
820	pchody	3	0.013	3	pch	o	dy	pch:arrange.do.end	0	o	y	False	0.333	0.333	0.0	S		
821	shekchy	3	0.013	3	sh	ekch	y	sh:cool.heat.adjust.watch.end	1	e	y	False	0.0	0.0	0.0	H		
822	schdy	3	0.013	3	sch	dy		sch:do.end	0	d	y	True	0.0	0.0	0.0	H		
823	shok	3	0.013	3	sh	ok		sh:arrange.heat	0	o	k	False	0.0	0.0	0.0	S		
824	qekchdy	3	0.013	3		qekch	dy	?.cool.heat.adjust.watch.do.end	1	q	y	True	0.0	0.0	0.0	H		
825	shekey	3	0.013	3	sh	eke	y	sh:cool.heat.cool.end	1	e	y	False	0.0	0.0	0.0	H		
826	chcphedy	3	0.013	3	ch	cphe	dy	ch:adjust.pause.watch.cool.do.end	1	c	y	True	0.0	0.0	0.0	H		
827	ypar	3	0.013	3		yp	ar	end.pause.yield.respond	0	y	r	True	0.0	0.0	0.0	H		
828	kedar	3	0.013	3	ke	d	ar	ke:do.yield.respond	0	d	r	True	0.0	0.0	0.0	S		
829	chokor	3	0.013	3	ch	ok	or	ch:arrange.heat.arrange.respond	0	o	r	False	0.0	0.0	0.0	S		
830	sheet	3	0.013	3	sh	eet		sh:cool.cool.transfer	2	e	t	False	0.0	0.0	0.0	S		
831	qocthedy	3	0.013	3	qo	cthe	dy	qo:adjust.transfer.watch.cool.do.end	1	c	y	True	0.0	0.0	0.0	H		
832	ypchey	3	0.013	2	pch	e	y	[y]pch:cool.end	1	e	y	False	0.0	0.0	0.0	C		
833	kaldy	3	0.013	3	ka	l	dy	ka:state.do.end	0	l	y	True	0.0	0.0	0.333	H		
834	shekeey	3	0.013	3	sh	ekee	y	sh:cool.heat.cool.cool.end	2	e	y	False	0.0	0.0	0.0	H		
835	lshed	3	0.013	3	lsh	ed		lsh:cool.do	1	e	d	False	0.0	0.0	0.0	B		
836	sheodaiin	3	0.013	3	sh	eod	aiin	sh:cool.arrange.do.yield.iterate.iterate.bind	1	e	n	False	0.0	0.0	0.333	H		
837	chetedy	3	0.013	3	ch	ete	dy	ch:cool.transfer.cool.do.end	1	e	y	False	0.0	0.0	0.0	B		
838	otoly	3	0.013	3	ot	o	ly	ot:arrange.state.end	0	o	y	False	0.333	0.333	0.333	H		
839	chtol	3	0.013	3	ch	t	ol	ch:transfer.arrange.state	0	t	l	False	0.0	0.0	0.0	H		
840	keedal	3	0.013	3	ke	ed	al	ke:cool.do.yield.state	1	e	l	False	0.0	0.0	0.0	S		
841	shos	3	0.013	3	sh	o	s	sh:arrange.sequence	0	o	s	False	0.0	0.333	0.0	H		
842	solkaiin	3	0.013	3	so	lk	aiin	so:state.heat.yield.iterate.iterate.bind	0	l	n	True	0.0	0.333	0.0	H		
843	tedaiin	3	0.013	3	te	d	aiin	te:do.yield.iterate.iterate.bind	0	d	n	True	0.0	0.333	0.0	S		
844	podaiin	3	0.013	3	po	d	aiin	po:do.yield.iterate.iterate.bind	0	d	n	True	0.667	0.667	0.0	H		
845	tchedor	3	0.013	3	tch	ed	or	tch:cool.do.arrange.respond	1	e	r	False	1.0	1.0	0.0	S		
846	as	3	0.013	3		a	s	yield.sequence	0	a	s	False	0.0	0.0	0.0	S		
847	qool	3	0.013	3	qo	ol		qo:arrange.state	0	o	l	False	0.0	0.0	0.0	H		
848	pchal	3	0.013	3	pch	al		pch:yield.state	0	a	l	False	0.333	0.333	0.333	S		
849	olkeechy	3	0.013	3	ol	keech	y	ol:heat.cool.cool.adjust.watch.end	2	k	y	False	0.0	0.333	0.0	S		
850	ckhey	3	0.013	3		ckhe	y	adjust.heat.watch.cool.end	1	c	y	True	0.0	0.0	0.0	H		
851	cheocthy	3	0.013	2	ch	eocth	y	ch:cool.arrange.adjust.transfer.watch.end	1	e	y	False	0.0	0.0	0.0	S		
852	daiis	3	0.013	3	da	ii	s	da:iterate.iterate.sequence	0	i	s	True	0.0	0.333	0.0	H		
853	otchod	3	0.013	3	ot	od		ot:adjust.watch.arrange.do	0	c	d	True	0.0	0.0	0.0	S		
854	daiidy	3	0.013	3	da	ii	dy	da:iterate.iterate.do.end	0	i	y	True	0.0	0.0	0.333	H		
855	x	3	0.013	1		x		diagram	0	x	x	True	1.0	1.0	1.0	T		
856	t	3	0.013	2		t		transfer	0	t	t	False	0.667	0.667	0.667	T		
857	pdaiin	3	0.013	3	da	iin		[p]da:iterate.iterate.bind	0	i	n	True	1.0	1.0	0.0	C		
858	qokshd	3	0.013	3	qo	kshd		qo:heat.sequence.watch.do	0	k	d	False	0.0	0.0	0.333	T		
859	qotedal	3	0.013	3	qo	ted	al	qo:transfer.cool.do.yield.state	1	t	l	False	0.0	0.0	0.0	S		
860	dalal	3	0.013	3	da	l	al	da:state.yield.state	0	l	l	True	0.0	0.0	0.333	T		
861	qokaiir	3	0.013	3	qo	kaii	r	qo:heat.yield.iterate.iterate.respond	0	k	r	False	0.0	0.0	0.0	T		
862	otalor	3	0.013	3	ot	al	or	ot:yield.state.arrange.respond	0	a	r	False	0.0	0.0	0.333	B		
863	dairody	3	0.013	3	da	iro	dy	da:iterate.respond.arrange.do.end	0	i	y	True	0.0	0.0	0.333	T		
864	dairal	3	0.013	3	da	ir	al	da:iterate.respond.yield.state	0	i	l	True	0.0	0.667	0.0	T		
865	ldaiin	3	0.013	3	da	iin		[l]da:iterate.iterate.bind	0	i	n	True	0.0	0.0	0.0	B		
866	kody	3	0.013	3	ko	dy		ko:do.end	0	d	y	True	0.0	0.0	0.333	T		
867	okshedy	3	0.013	3	ok	e	dy	ok:sequence.watch.cool.do.end	1	s	y	True	0.0	0.0	0.0	H		
868	dshol	3	0.013	3	sh	ol		[d]sh:arrange.state	0	o	l	False	0.333	1.0	0.0	H		
869	qokshdy	3	0.013	3	qo	ksh	dy	qo:heat.sequence.watch.do.end	0	k	y	False	0.0	0.0	0.0	S		
870	dshor	3	0.013	2	sh	or		[d]sh:arrange.respond	0	o	r	False	0.0	1.0	0.0	C		
871	ysheor	3	0.013	3	sh	e	or	[y]sh:cool.arrange.respond	1	e	r	False	0.0	0.667	0.0	S		
872	kshey	3	0.013	3	sh	e	y	[k]sh:cool.end	1	e	y	False	0.0	0.0	0.0	B		
873	okalol	3	0.013	3	ok	al	ol	ok:yield.state.arrange.state	0	a	l	False	0.0	0.0	0.0	B		
874	polshy	3	0.013	3	po	lsh	y	po:state.sequence.watch.end	0	l	y	True	0.667	0.667	0.0	B		
875	qokechdy	3	0.013	3	qo	kech	dy	qo:heat.cool.adjust.watch.do.end	1	k	y	False	0.0	0.0	0.0	S		
876	koldy	3	0.013	3	ko	l	dy	ko:state.do.end	0	l	y	True	0.0	0.0	1.0	B		
877	sokeedy	3	0.013	3	so	kee	dy	so:heat.cool.cool.do.end	2	k	y	False	0.0	1.0	0.0	B		
878	rom	3	0.013	3		r	om	respond.arrange.final	0	r	m	True	0.0	0.0	1.0	B		
879	chealy	3	0.013	3	ch	ea	ly	ch:cool.yield.state.end	1	e	y	False	0.0	0.0	1.0	B		
880	salchedy	3	0.013	3	sa	lche	dy	sa:state.adjust.watch.cool.do.end	1	l	y	True	0.0	0.0	0.333	B		
881	chep	3	0.013	3	ch	ep		ch:cool.pause	1	e	p	False	0.0	0.0	0.0	S		
882	okeedal	3	0.013	3	ok	eed	al	ok:cool.cool.do.yield.state	2	e	l	False	0.0	0.0	0.0	S		
883	qorain	3	0.013	3	qo	r	ain	qo:respond.yield.iterate.bind	0	r	n	True	0.0	0.0	0.0	S		
884	qeeey	3	0.013	3		qeee	y	?.cool.cool.cool.end	3	q	y	True	0.0	0.0	0.0	S		
885	okeed	3	0.013	3	ok	eed		ok:cool.cool.do	2	e	d	False	0.0	0.0	0.0	B		
886	dcheedy	3	0.013	3	dch	ee	dy	dch:cool.cool.do.end	2	e	y	False	0.0	1.0	0.0	S		
887	soin	3	0.013	3	so	in		so:iterate.bind	0	i	n	True	0.0	1.0	0.0	B		
888	pshedy	3	0.013	3	sh	e	dy	[p]sh:cool.do.end	1	e	y	False	0.333	0.333	0.0	S		
889	qokas	3	0.013	3	qo	ka	s	qo:heat.yield.sequence	0	k	s	False	0.0	0.0	0.0	B		
890	doin	3	0.013	3	do	in		do:iterate.bind	0	i	n	True	0.0	0.667	0.0	B		
891	rorol	3	0.013	3	or	ol		[r]or:arrange.state	0	o	l	False	0.0	0.0	0.333	S		
892	opcheey	3	0.013	2		opchee	y	arrange.pause.adjust.watch.cool.cool.end	2	o	y	False	0.0	0.0	0.0	B		
893	qoteed	3	0.013	3	qo	teed		qo:transfer.cool.cool.do	2	t	d	False	0.0	0.333	0.0	B		
894	qotees	3	0.013	3	qo	tee	s	qo:transfer.cool.cool.sequence	2	t	s	False	0.0	0.333	0.0	S		
895	qoeeedy	3	0.013	2	qo	eee	dy	qo:cool.cool.cool.do.end	3	e	y	False	0.0	0.0	0.0	B		
896	shecphy	3	0.013	3	sh	ecph	y	sh:cool.adjust.pause.watch.end	1	e	y	False	0.0	0.0	0.0	B		
897	qockhedy	3	0.013	3	qo	ckhe	dy	qo:adjust.heat.watch.cool.do.end	1	c	y	True	0.0	0.333	0.0	S		
898	shl	3	0.013	3	sh	l		sh:state	0	l	l	True	0.0	0.0	0.0	B		
899	shtal	3	0.013	3	sh	t	al	sh:transfer.yield.state	0	t	l	False	0.0	0.0	0.0	B		
900	qodeedy	3	0.013	3	qo	dee	dy	qo:do.cool.cool.do.end	2	d	y	True	0.0	0.0	0.0	S		
901	qeey	3	0.013	2		qee	y	?.cool.cool.end	2	q	y	True	0.0	0.0	0.0	S		
902	oin	3	0.013	3		oin		arrange.iterate.bind	0	o	n	False	0.0	0.0	0.0	S		
903	olcheedy	3	0.013	3	ol	ee	dy	ol:adjust.watch.cool.cool.do.end	2	c	y	True	0.0	0.0	0.0	B		
904	qoteeedy	3	0.013	3	qo	teee	dy	qo:transfer.cool.cool.cool.do.end	3	t	y	False	0.0	0.0	0.0	S		
905	cheety	3	0.013	3	ch	eet	y	ch:cool.cool.transfer.end	2	e	y	False	0.0	0.0	0.0	B		
906	chcphey	3	0.013	3	ch	cphe	y	ch:adjust.pause.watch.cool.end	1	c	y	True	0.0	0.0	0.333	B		
907	rsheedy	3	0.013	3	sh	ee	dy	[r]sh:cool.cool.do.end	2	e	y	False	0.0	0.0	0.0	B		
908	qockhy	3	0.013	3	qo	ckh	y	qo:adjust.heat.watch.end	0	c	y	True	0.0	0.333	0.0	S		
909	lokeedy	3	0.013	3	ok	ee	dy	[l]ok:cool.cool.do.end	2	e	y	False	0.0	0.0	0.333	S		
910	kchol	3	0.013	3	kch	ol		kch:arrange.state	0	o	l	False	0.0	0.0	0.0	B		
911	lcheckhy	3	0.013	2	lch	eckh	y	lch:cool.adjust.heat.watch.end	1	e	y	False	0.0	0.0	0.0	B		
912	ety	3	0.013	3		et	y	cool.transfer.end	1	e	y	False	0.0	0.333	0.0	B		
913	loeey	3	0.013	3		loee	y	state.arrange.cool.cool.end	2	l	y	True	0.0	0.0	0.0	S		
914	teeol	3	0.013	3	te	e	ol	te:cool.arrange.state	1	e	l	False	0.333	0.667	0.0	B		
915	otaldy	3	0.013	3	ot	al	dy	ot:yield.state.do.end	0	a	y	False	0.0	0.0	0.333	B		
916	qotshdy	3	0.013	3	qo	tsh	dy	qo:transfer.sequence.watch.do.end	0	t	y	False	0.0	0.0	0.0	S		
917	shoky	3	0.013	3	sh	ok	y	sh:arrange.heat.end	0	o	y	False	0.0	0.0	0.0	B		
918	olteedy	3	0.013	3	ol	tee	dy	ol:transfer.cool.cool.do.end	2	t	y	False	0.0	0.333	0.0	B		
919	cholor	3	0.013	3	ch	ol	or	ch:arrange.state.arrange.respond	0	o	r	False	0.0	0.0	0.0	S		
920	qotshedy	3	0.013	3	qo	tshe	dy	qo:transfer.sequence.watch.cool.do.end	1	t	y	False	0.0	0.0	0.0	B		
921	oteeedy	3	0.013	3	ot	eee	dy	ot:cool.cool.cool.do.end	3	e	y	False	0.0	0.0	0.0	S		
922	otshdy	3	0.013	3	ot	dy		ot:sequence.watch.do.end	0	s	y	True	0.0	0.0	0.0	B		
923	otaram	3	0.013	2	ot	ar	am	ot:yield.respond.yield.final	0	a	m	False	0.0	0.0	1.0	S		
924	lcheam	3	0.013	3	lch	e	am	lch:cool.yield.final	1	e	m	False	0.0	0.0	1.0	S		
925	lko	3	0.013	3	lk	o		lk:arrange	0	o	o	False	0.0	0.0	0.0	S		
926	ocheey	3	0.013	3		ochee	y	arrange.adjust.watch.cool.cool.end	2	o	y	False	0.0	0.333	0.0	S		
927	keeedy	3	0.013	2	ke	ee	dy	ke:cool.cool.do.end	2	e	y	False	0.0	0.0	0.0	B		
928	otalshedy	3	0.013	3	ot	alshe	dy	ot:yield.state.sequence.watch.cool.do.end	1	a	y	False	0.333	0.333	0.333	B		
929	solkain	3	0.013	3	so	lk	ain	so:state.heat.yield.iterate.bind	0	l	n	True	0.0	1.0	0.0	B		
930	oroly	3	0.013	2	or	o	ly	or:arrange.state.end	0	o	y	False	0.0	0.0	1.0	B		
931	cheoly	3	0.013	2	ch	eo	ly	ch:cool.arrange.state.end	1	e	y	False	0.0	0.0	0.333	S		
932	saly	3	0.013	2	sa	ly		sa:state.end	0	l	y	True	0.0	0.0	0.333	B		
933	shcthhy	3	0.013	3	sh	cthh	y	sh:adjust.transfer.watch.watch.end	0	c	y	True	0.0	0.0	0.0	B		
934	cthor	3	0.013	3	ct	h	or	ct:watch.arrange.respond	0	h	r	True	0.0	0.333	0.0	B		
935	olkchy	3	0.013	3	ol	kch	y	ol:heat.adjust.watch.end	0	k	y	False	0.0	0.0	0.0	B		
936	tchar	3	0.013	3	tch	ar		tch:yield.respond	0	a	r	False	0.0	0.0	0.0	S		
937	shkain	3	0.013	3	sh	k	ain	sh:heat.yield.iterate.bind	0	k	n	False	0.0	0.0	0.333	S		
938	olched	3	0.013	3	ol	ed		ol:adjust.watch.cool.do	1	c	d	True	0.0	0.333	0.0	S		
939	qokeedal	3	0.013	3	qo	keed	al	qo:heat.cool.cool.do.yield.state	2	k	l	False	0.0	0.0	0.0	S		
940	dched	3	0.013	2	dch	ed		dch:cool.do	1	e	d	False	0.0	0.667	0.0	S		
941	oshedy	3	0.013	3		oshe	dy	arrange.sequence.watch.cool.do.end	1	o	y	False	0.0	0.333	0.0	S		
942	solshedy	3	0.013	3	so	lshe	dy	so:state.sequence.watch.cool.do.end	1	l	y	True	0.0	0.333	0.0	B		
943	qoteor	3	0.013	3	qo	te	or	qo:transfer.cool.arrange.respond	1	t	r	False	0.0	0.0	0.333	S		
944	rary	3	0.013	3	ar	y		[r]ar:end	0	y	y	True	0.0	0.0	0.667	S		
945	qoteeol	3	0.013	3	qo	tee	ol	qo:transfer.cool.cool.arrange.state	2	t	l	False	0.0	0.0	0.0	S		
946	qokedal	3	0.013	3	qo	ked	al	qo:heat.cool.do.yield.state	1	k	l	False	0.0	0.0	0.0	B		
947	rcheey	3	0.013	2	rch	ee	y	rch:cool.cool.end	2	e	y	False	0.0	0.0	0.0	S		
948	shty	3	0.013	3	sh	t	y	sh:transfer.end	0	t	y	False	0.0	0.0	0.333	B		
949	qokeal	3	0.013	3	qo	ke	al	qo:heat.cool.yield.state	1	k	l	False	0.0	0.0	0.0	B		
950	dalchdy	3	0.013	3	da	lch	dy	da:state.adjust.watch.do.end	0	l	y	True	0.0	0.0	0.0	S		
951	dcheo	3	0.013	3	dch	eo		dch:cool.arrange	1	e	o	False	0.0	1.0	0.0	S		
952	lkeed	3	0.013	3	lk	eed		lk:cool.cool.do	2	e	d	False	0.0	0.0	0.0	S		
953	qotedaiin	3	0.013	3	qo	ted	aiin	qo:transfer.cool.do.yield.iterate.iterate.bind	1	t	n	False	0.0	0.0	0.0	B		
954	soiiin	3	0.013	3	so	i	iin	so:iterate.iterate.iterate.bind	0	i	n	True	0.0	0.667	0.0	B		
955	sheekchy	3	0.013	3	sh	eekch	y	sh:cool.cool.heat.adjust.watch.end	2	e	y	False	0.0	0.0	0.0	B		
956	qotedar	3	0.013	3	qo	ted	ar	qo:transfer.cool.do.yield.respond	1	t	r	False	0.0	0.0	0.0	B		
957	qoal	3	0.013	3	qo	al		qo:yield.state	0	a	l	False	0.0	0.0	0.0	S		
958	qopor	3	0.013	3	qo	p	or	qo:pause.arrange.respond	0	p	r	True	0.0	0.0	0.0	B		
959	otedaiin	3	0.013	3	ot	ed	aiin	ot:cool.do.yield.iterate.iterate.bind	1	e	n	False	0.0	0.0	0.0	B		
960	poiin	3	0.013	3	po	iin		po:iterate.iterate.bind	0	i	n	True	0.0	1.0	0.0	B		
961	otedam	3	0.013	3	ot	ed	am	ot:cool.do.yield.final	1	e	m	False	0.0	0.0	1.0	S		
962	oto	3	0.013	3	ot	o		ot:arrange	0	o	o	False	0.0	0.0	0.0	S		
963	keeo	3	0.013	3	ke	eo		ke:cool.arrange	1	e	o	False	0.0	0.0	0.0	S		
964	cheeteey	3	0.013	3	ch	eetee	y	ch:cool.cool.transfer.cool.cool.end	2	e	y	False	0.0	0.333	0.0	S		
965	qofchdy	3	0.013	3	qo	fch	dy	qo:flag.adjust.watch.do.end	0	f	y	True	0.0	0.0	0.0	S		
966	olkor	3	0.013	3	ol	k	or	ol:heat.arrange.respond	0	k	r	False	0.0	0.333	0.0	H		
967	qotchd	3	0.013	3	qo	tchd		qo:transfer.adjust.watch.do	0	t	d	False	0.0	0.0	0.0	S		
968	chotaiin	3	0.013	3	ch	ot	aiin	ch:arrange.transfer.yield.iterate.iterate.bind	0	o	n	False	0.0	0.0	0.333	S		
969	sam	3	0.013	3	sa	m		sa:final	0	m	m	True	0.0	0.0	1.0	S		
970	qockheey	3	0.013	2	qo	ckhee	y	qo:adjust.heat.watch.cool.cool.end	2	c	y	True	0.0	0.0	0.333	S		
971	chpchy	3	0.013	3	ch	pch	y	ch:pause.adjust.watch.end	0	p	y	True	0.0	0.0	0.0	S		
972	dalam	3	0.013	3	da	l	am	da:state.yield.final	0	l	m	True	0.0	0.0	1.0	S		
973	keear	3	0.013	2	ke	e	ar	ke:cool.yield.respond	1	e	r	False	0.0	0.0	0.0	S		
974	qoteeos	3	0.013	3	qo	teeo	s	qo:transfer.cool.cool.arrange.sequence	2	t	s	False	0.0	0.0	0.0	S		
975	alkar	3	0.013	3	al	k	ar	al:heat.yield.respond	0	k	r	False	0.0	0.0	0.0	S		
976	opdaiin	3	0.013	2		opd	aiin	arrange.pause.do.yield.iterate.iterate.bind	0	o	n	False	0.0	0.0	0.0	S		
977	alky	3	0.013	3	al	k	y	al:heat.end	0	k	y	False	0.0	0.0	1.0	S		
978	okan	3	0.013	3	ok	an		ok:yield.bind	0	a	n	False	0.0	0.0	0.333	S		
979	otches	3	0.013	3	ot	e	s	ot:adjust.watch.cool.sequence	1	c	s	True	0.0	0.0	0.0	S		
980	otais	3	0.013	3	ot	ai	s	ot:yield.iterate.sequence	0	a	s	False	0.0	0.0	0.333	S		
981	qoteeody	3	0.013	3	qo	teeo	dy	qo:transfer.cool.cool.arrange.do.end	2	t	y	False	0.0	0.0	0.0	S		
982	teeody	3	0.013	3	te	eo	dy	te:cool.arrange.do.end	1	e	y	False	0.333	0.333	0.0	S		
983	tcheody	3	0.013	3	tch	eo	dy	tch:cool.arrange.do.end	1	e	y	False	0.0	0.0	0.0	S		
984	okchor	3	0.013	3	ok	or		ok:adjust.watch.arrange.respond	0	c	r	True	0.0	0.0	0.667	S		
985	airody	3	0.013	3		airo	dy	yield.iterate.respond.arrange.do.end	0	a	y	False	0.0	0.0	0.0	S		
986	opary	3	0.013	3		opa	ry	arrange.pause.yield.respond.end	0	o	y	False	0.0	0.0	1.0	S		
987	chckhaiin	3	0.013	3	ch	ckh	aiin	ch:adjust.heat.watch.yield.iterate.iterate.bind	0	c	n	True	0.0	0.0	0.0	S		
988	podar	3	0.013	3	po	d	ar	po:do.yield.respond	0	d	r	True	0.667	0.667	0.0	S		
989	sarain	3	0.013	3	sa	r	ain	sa:respond.yield.iterate.bind	0	r	n	True	0.0	0.333	0.667	S		
990	cheokeey	3	0.013	3	ch	eokee	y	ch:cool.arrange.heat.cool.cool.end	2	e	y	False	0.0	0.0	0.0	S		
991	lkechedy	3	0.013	3	lk	eche	dy	lk:cool.adjust.watch.cool.do.end	1	e	y	False	0.0	0.0	0.0	S		
992	opam	3	0.013	3		op	am	arrange.pause.yield.final	0	o	m	False	0.0	0.0	1.0	S		
993	qokchol	3	0.013	3	qo	kch	ol	qo:heat.adjust.watch.arrange.state	0	k	l	False	0.0	0.0	0.0	S		
994	opcheedy	3	0.013	3		opchee	dy	arrange.pause.adjust.watch.cool.cool.do.end	2	o	y	False	0.0	0.0	0.0	S		
995	cheekain	3	0.013	3	ch	eek	ain	ch:cool.cool.heat.yield.iterate.bind	2	e	n	False	0.0	0.0	0.0	S		
996	qotcheo	3	0.013	2	qo	tcheo		qo:transfer.adjust.watch.cool.arrange	1	t	o	False	0.0	0.0	0.0	S		
997	qokedaiin	3	0.013	3	qo	ked	aiin	qo:heat.cool.do.yield.iterate.iterate.bind	1	k	n	False	0.0	0.0	0.0	S		
998	lcheo	3	0.013	3	lch	eo		lch:cool.arrange	1	e	o	False	0.0	0.0	0.0	S		
999	yteeey	3	0.013	3	te	ee	y	[y]te:cool.cool.end	2	e	y	False	0.0	0.333	0.0	S		
1000	odl	3	0.013	3		od	l	arrange.do.state	0	o	l	False	0.0	0.0	0.0	S		
1001	sairy	3	0.013	3	sa	i	ry	sa:iterate.respond.end	0	i	y	True	0.333	0.333	0.667	S		
1002	oleedy	3	0.013	2	ol	ee	dy	ol:cool.cool.do.end	2	e	y	False	0.0	0.0	0.333	S		
1003	kechedy	3	0.013	3	ke	e	dy	ke:adjust.watch.cool.do.end	1	c	y	True	0.0	0.0	0.333	S		
1004	qoedaiin	3	0.013	2	qo	ed	aiin	qo:cool.do.yield.iterate.iterate.bind	1	e	n	False	0.0	0.0	0.0	S		
1005	qoted	3	0.013	3	qo	ted		qo:transfer.cool.do	1	t	d	False	0.0	0.0	0.0	S		
1006	pcheo	3	0.013	2	pch	eo		pch:cool.arrange	1	e	o	False	0.667	0.667	0.0	S		
1007	olkeeedy	3	0.013	3	ol	keee	dy	ol:heat.cool.cool.cool.do.end	3	k	y	False	0.0	0.0	0.0	S		
1008	qokeod	3	0.013	3	qo	keod		qo:heat.cool.arrange.do	1	k	d	False	0.0	0.0	0.0	S		
1009	qokeo	3	0.013	3	qo	keo		qo:heat.cool.arrange	1	k	o	False	0.0	0.0	0.0	S		
1010	qoiin	3	0.013	3	qo	iin		qo:iterate.iterate.bind	0	i	n	True	0.0	0.0	0.0	S		
1011	ychol	3	0.013	2	ch	ol		[y]ch:arrange.state	0	o	l	False	0.0	1.0	0.0	S		
1012	ltal	3	0.013	3	ta	l		[l]ta:state	0	l	l	True	0.0	0.0	0.0	S		
1013	soraiin	3	0.013	3	so	r	aiin	so:respond.yield.iterate.iterate.bind	0	r	n	True	0.0	0.667	0.333	S		
1014	lcho	3	0.013	2	lch	o		lch:arrange	0	o	o	False	0.0	0.0	0.0	S		
1015	charam	3	0.013	3	ch	ar	am	ch:yield.respond.yield.final	0	a	m	False	0.0	0.0	0.333	S		
1016	saraiin	3	0.013	3	sa	r	aiin	sa:respond.yield.iterate.iterate.bind	0	r	n	True	0.0	1.0	0.0	S		
1017	charain	3	0.013	3	ch	ar	ain	ch:yield.respond.yield.iterate.bind	0	a	n	False	0.0	0.0	0.333	S		
1018	okedaiin	3	0.013	3	ok	ed	aiin	ok:cool.do.yield.iterate.iterate.bind	1	e	n	False	0.0	0.0	0.0	S		
1019	alain	3	0.013	3	al	ain		al:yield.iterate.bind	0	a	n	False	0.0	0.0	0.333	S		
1020	aty	3	0.013	3		at	y	yield.transfer.end	0	a	y	False	0.0	0.0	0.667	S		
1021	chokedy	3	0.013	3	ch	oke	dy	ch:arrange.heat.cool.do.end	1	o	y	False	0.0	0.0	0.0	S		
1022	tedam	3	0.013	3	te	d	am	te:do.yield.final	0	d	m	True	0.0	0.0	0.667	S		
1023	okedain	3	0.013	2	ok	ed	ain	ok:cool.do.yield.iterate.bind	1	e	n	False	0.0	0.0	0.0	S		
1024	otedal	3	0.013	3	ot	ed	al	ot:cool.do.yield.state	1	e	l	False	0.0	0.0	0.0	S		
1025	raram	3	0.013	3	ar	am		[r]ar:yield.final	0	a	m	False	0.0	0.0	1.0	S		
1026	cheam	3	0.013	3	ch	e	am	ch:cool.yield.final	1	e	m	False	0.0	0.0	0.667	S		
1027	qokeain	3	0.013	2	qo	ke	ain	qo:heat.cool.yield.iterate.bind	1	k	n	False	0.0	0.0	0.0	S		
1028	pchodain	3	0.013	2	pch	od	ain	pch:arrange.do.yield.iterate.bind	0	o	n	False	1.0	1.0	0.0	S		
1029	lkcheo	3	0.013	3	lk	eo		lk:adjust.watch.cool.arrange	1	c	o	True	0.0	0.0	0.0	S		
1030	okchdar	3	0.013	3	ok	d	ar	ok:adjust.watch.do.yield.respond	0	c	r	True	0.0	0.0	0.0	S		
1031	qokeedain	3	0.013	2	qo	keed	ain	qo:heat.cool.cool.do.yield.iterate.bind	2	k	n	False	0.0	0.333	0.0	S		
1032	chotain	3	0.013	2	ch	ot	ain	ch:arrange.transfer.yield.iterate.bind	0	o	n	False	0.0	0.0	0.0	S		
1033	checthedy	2	0.009	2	ch	ecthe	dy	ch:cool.adjust.transfer.watch.cool.do.end	1	e	y	False	0.0	0.0	0.0	H		
1034	oloy	2	0.009	2	ol	o	y	ol:arrange.end	0	o	y	False	0.5	0.5	0.5	H		
1035	cthhy	2	0.009	2	ct	hh	y	ct:watch.watch.end	0	h	y	True	0.0	0.0	0.5	H		
1036	sas	2	0.009	2	sa	s		sa:sequence	0	s	s	True	0.0	0.5	0.5	H		
1037	ok	2	0.009	2		ok		arrange.heat	0	o	k	False	0.0	0.0	0.0	H		
1038	ykeechy	2	0.009	2	yk	eech	y	yk:cool.cool.adjust.watch.end	2	e	y	False	0.0	0.5	0.0	H		
1039	okedor	2	0.009	2	ok	ed	or	ok:cool.do.arrange.respond	1	e	r	False	0.0	0.0	0.0	H		
1040	okeo	2	0.009	2	ok	eo		ok:cool.arrange	1	e	o	False	0.0	0.0	0.0	H		
1041	ofchy	2	0.009	2		ofch	y	arrange.flag.adjust.watch.end	0	o	y	False	0.0	0.0	0.0	H		
1042	sches	2	0.009	2	sch	e	s	sch:cool.sequence	1	e	s	False	0.0	0.0	0.0	H		
1043	ykey	2	0.009	2	yk	e	y	yk:cool.end	1	e	y	False	0.0	0.0	0.0	H		
1044	yches	2	0.009	2	ch	e	s	[y]ch:cool.sequence	1	e	s	False	0.0	0.5	0.0	H		
1045	olsheor	2	0.009	2	ol	e	or	ol:sequence.watch.cool.arrange.respond	1	s	r	True	0.0	0.5	0.0	H		
1046	qoekedy	2	0.009	2	qo	eke	dy	qo:cool.heat.cool.do.end	1	e	y	False	0.0	0.0	0.0	H		
1047	podair	2	0.009	2	po	dai	r	po:do.yield.iterate.respond	0	d	r	True	0.5	0.5	0.0	H		
1048	qotolcheo	2	0.009	2	qo	tolcheo		qo:transfer.arrange.state.adjust.watch.cool.arrange	1	t	o	False	0.0	0.0	0.0	H		
1049	oked	2	0.009	2	ok	ed		ok:cool.do	1	e	d	False	0.0	0.0	0.0	H		
1050	ykeos	2	0.009	2	yk	eo	s	yk:cool.arrange.sequence	1	e	s	False	0.0	0.5	0.0	H		
1051	pcheeody	2	0.009	2	pch	eeo	dy	pch:cool.cool.arrange.do.end	2	e	y	False	0.5	0.5	0.0	H		
1052	cheef	2	0.009	2	ch	eef		ch:cool.cool.flag	2	e	f	False	0.0	0.0	0.0	H		
1053	ksheey	2	0.009	2	sh	ee	y	[k]sh:cool.cool.end	2	e	y	False	0.0	0.0	0.0	H		
1054	ctheey	2	0.009	2	ct	hee	y	ct:watch.cool.cool.end	2	h	y	True	0.0	0.0	0.0	H		
1055	qoear	2	0.009	2	qo	e	ar	qo:cool.yield.respond	1	e	r	False	0.0	0.0	0.5	H		
1056	far	2	0.009	2		f	ar	flag.yield.respond	0	f	r	True	0.0	0.0	0.0	H		
1057	pair	2	0.009	2		pai	r	pause.yield.iterate.respond	0	p	r	True	0.5	1.0	0.0	H		
1058	ydain	2	0.009	2	da	in		[y]da:iterate.bind	0	i	n	True	0.0	0.0	0.0	H		
1059	tokar	2	0.009	2	to	k	ar	to:heat.yield.respond	0	k	r	False	0.0	0.5	0.0	H		
1060	arl	2	0.009	2	ar	l		ar:state	0	l	l	True	0.0	0.0	0.0	H		
1061	shefchdy	2	0.009	2	sh	efch	dy	sh:cool.flag.adjust.watch.do.end	1	e	y	False	0.0	0.0	0.0	H		
1062	shkair	2	0.009	2	sh	kai	r	sh:heat.yield.iterate.respond	0	k	r	False	0.0	0.0	0.0	H		
1063	oor	2	0.009	2		o	or	arrange.arrange.respond	0	o	r	False	0.0	0.0	0.0	H		
1064	yl	2	0.009	2		y	l	end.state	0	y	l	True	0.0	0.0	0.0	H		
1065	chesy	2	0.009	2	ch	es	y	ch:cool.sequence.end	1	e	y	False	0.0	0.0	0.0	H		
1066	oldam	2	0.009	2	ol	d	am	ol:do.yield.final	0	d	m	True	0.0	0.0	1.0	H		
1067	shotchy	2	0.009	2	sh	otch	y	sh:arrange.transfer.adjust.watch.end	0	o	y	False	0.0	0.5	0.0	H		
1068	aikhy	2	0.009	2		aikh	y	yield.iterate.heat.watch.end	0	a	y	False	0.0	0.0	0.0	H		
1069	ykeo	2	0.009	2	yk	eo		yk:cool.arrange	1	e	o	False	0.0	0.5	0.0	H		
1070	cholchedy	2	0.009	2	ch	olche	dy	ch:arrange.state.adjust.watch.cool.do.end	1	o	y	False	0.0	0.0	0.0	H		
1071	dychedy	2	0.009	2		dyche	dy	do.end.adjust.watch.cool.do.end	1	d	y	True	0.0	0.0	0.0	H		
1072	tchdaiin	2	0.009	2	tch	d	aiin	tch:do.yield.iterate.iterate.bind	0	d	n	True	0.0	0.5	0.0	H		
1073	chechey	2	0.009	2	ch	eche	y	ch:cool.adjust.watch.cool.end	1	e	y	False	0.0	0.0	0.0	H		
1074	olchdaiin	2	0.009	1	ol	d	aiin	ol:adjust.watch.do.yield.iterate.iterate.bind	0	c	n	True	0.0	0.5	0.0	H		
1075	shs	2	0.009	2	sh	s		sh:sequence	0	s	s	True	0.0	0.0	0.0	H		
1076	oldaiin	2	0.009	2	ol	d	aiin	ol:do.yield.iterate.iterate.bind	0	d	n	True	0.0	0.0	0.5	H		
1077	tedo	2	0.009	2	te	do		te:do.arrange	0	d	o	True	0.5	0.5	0.0	H		
1078	ofy	2	0.009	2		of	y	arrange.flag.end	0	o	y	False	0.0	0.0	0.0	H		
1079	shekshey	2	0.009	2	sh	ekshe	y	sh:cool.heat.sequence.watch.cool.end	1	e	y	False	0.0	0.0	0.0	H		
1080	qokalchdy	2	0.009	2	qo	kalch	dy	qo:heat.yield.state.adjust.watch.do.end	0	k	y	False	0.0	0.5	0.0	H		
1081	dchdar	2	0.009	2	dch	d	ar	dch:do.yield.respond	0	d	r	True	0.0	0.5	0.0	H		
1082	cholal	2	0.009	2	ch	ol	al	ch:arrange.state.yield.state	0	o	l	False	0.0	0.0	0.0	H		
1083	shdaiin	2	0.009	2	sh	d	aiin	sh:do.yield.iterate.iterate.bind	0	d	n	True	0.0	0.0	1.0	H		
1084	dshdy	2	0.009	2	sh	dy		[d]sh:do.end	0	d	y	True	0.0	0.5	0.0	H		
1085	chls	2	0.009	2	ch	l	s	ch:state.sequence	0	l	s	True	0.0	0.0	0.5	H		
1086	iir	2	0.009	2		ii	r	iterate.iterate.respond	0	i	r	True	0.0	0.0	0.0	H		
1087	cholkal	2	0.009	2	ch	olk	al	ch:arrange.state.heat.yield.state	0	o	l	False	0.0	0.0	0.0	H		
1088	olkedaiin	2	0.009	2	ol	ked	aiin	ol:heat.cool.do.yield.iterate.iterate.bind	1	k	n	False	0.0	0.0	0.0	H		
1089	okom	2	0.009	2	ok	om		ok:arrange.final	0	o	m	False	0.0	0.0	1.0	H		
1090	olaiir	2	0.009	2	ol	aii	r	ol:yield.iterate.iterate.respond	0	a	r	False	0.0	0.0	0.0	H		
1091	ald	2	0.009	2	al	d		al:do	0	d	d	True	0.0	0.0	0.0	H		
1092	shekam	2	0.009	2	sh	ek	am	sh:cool.heat.yield.final	1	e	m	False	0.0	0.0	0.5	H		
1093	keodar	2	0.009	2	ke	od	ar	ke:arrange.do.yield.respond	0	o	r	False	0.0	0.0	0.5	H		
1094	opches	2	0.009	2		opche	s	arrange.pause.adjust.watch.cool.sequence	1	o	s	False	0.0	0.0	0.0	H		
1095	ykchey	2	0.009	2	yk	e	y	yk:adjust.watch.cool.end	1	c	y	True	0.0	0.0	0.0	H		
1096	aiis	2	0.009	2		aii	s	yield.iterate.iterate.sequence	0	a	s	False	0.0	0.0	0.0	H		
1097	dm	2	0.009	2		d	m	do.final	0	d	m	True	0.0	0.0	1.0	H		
1098	karar	2	0.009	2	ka	r	ar	ka:respond.yield.respond	0	r	r	True	0.0	0.0	0.0	H		
1099	pchedain	2	0.009	2	pch	ed	ain	pch:cool.do.yield.iterate.bind	1	e	n	False	0.5	0.5	0.0	H		
1100	taraiin	2	0.009	2	ta	r	aiin	ta:respond.yield.iterate.iterate.bind	0	r	n	True	0.0	0.5	0.0	H		
1101	qokaim	2	0.009	2	qo	ka	im	qo:heat.yield.iterate.final	0	k	m	False	0.0	0.0	1.0	H		
1102	alshey	2	0.009	2	al	e	y	al:sequence.watch.cool.end	1	s	y	True	0.0	0.5	0.0	H		
1103	ychdy	2	0.009	2	ch	dy		[y]ch:do.end	0	d	y	True	0.0	0.0	0.0	H		
1104	cheked	2	0.009	1	ch	eked		ch:cool.heat.cool.do	1	e	d	False	0.0	0.0	0.5	H		
1105	choy	2	0.009	2	ch	o	y	ch:arrange.end	0	o	y	False	0.0	0.0	0.0	H		
1106	sheols	2	0.009	2	sh	eol	s	sh:cool.arrange.state.sequence	1	e	s	False	0.0	0.0	0.5	H		
1107	oteodar	2	0.009	2	ot	eod	ar	ot:cool.arrange.do.yield.respond	1	e	r	False	0.0	0.0	0.0	H		
1108	old	2	0.009	2	ol	d		ol:do	0	d	d	True	0.0	0.0	0.5	H		
1109	ykor	2	0.009	2	yk	or		yk:arrange.respond	0	o	r	False	0.0	0.5	0.0	H		
1110	sheeeky	2	0.009	2	sh	eeek	y	sh:cool.cool.cool.heat.end	3	e	y	False	0.0	0.0	0.0	H		
1111	pshdar	2	0.009	2	sh	d	ar	[p]sh:do.yield.respond	0	d	r	True	1.0	1.0	0.0	H		
1112	tshed	2	0.009	2	sh	ed		[t]sh:cool.do	1	e	d	False	0.0	0.5	0.0	H		
1113	odeedy	2	0.009	2		odee	dy	arrange.do.cool.cool.do.end	2	o	y	False	0.0	0.0	0.0	H		
1114	ykeody	2	0.009	2	yk	eo	dy	yk:cool.arrange.do.end	1	e	y	False	0.0	0.5	0.0	H		
1115	arodl	2	0.009	2	ar	od	l	ar:arrange.do.state	0	o	l	False	0.0	0.0	0.0	H		
1116	lkeo	2	0.009	2	lk	eo		lk:cool.arrange	1	e	o	False	0.0	0.0	0.0	H		
1117	qot	2	0.009	2	qo	t		qo:transfer	0	t	t	False	0.0	0.0	0.0	H		
1118	otedol	2	0.009	2	ot	ed	ol	ot:cool.do.arrange.state	1	e	l	False	0.0	0.0	0.0	H		
1119	pchdol	2	0.009	2	pch	d	ol	pch:do.arrange.state	0	d	l	True	0.5	0.5	0.0	H		
1120	ytshedy	2	0.009	2		ytshe	dy	end.transfer.sequence.watch.cool.do.end	1	y	y	True	0.0	0.5	0.0	H		
1121	olos	2	0.009	2	ol	o	s	ol:arrange.sequence	0	o	s	False	0.0	0.0	0.0	H		
1122	aldar	2	0.009	2	al	d	ar	al:do.yield.respond	0	d	r	True	0.0	0.0	0.5	H		
1123	oteos	2	0.009	2	ot	eo	s	ot:cool.arrange.sequence	1	e	s	False	0.0	0.0	0.0	H		
1124	rodaiin	2	0.009	2		rod	aiin	respond.arrange.do.yield.iterate.iterate.bind	0	r	n	True	0.0	0.5	0.0	H		
1125	qoor	2	0.009	2	qo	or		qo:arrange.respond	0	o	r	False	0.0	0.0	0.0	H		
1126	tshedar	2	0.009	2	sh	ed	ar	[t]sh:cool.do.yield.respond	1	e	r	False	0.5	1.0	0.0	H		
1127	qotsheod	2	0.009	2	qo	tsheod		qo:transfer.sequence.watch.cool.arrange.do	1	t	d	False	0.0	0.0	0.0	H		
1128	dytedy	2	0.009	2		dyte	dy	do.end.transfer.cool.do.end	1	d	y	True	0.0	0.0	0.0	H		
1129	sheedo	2	0.009	2	sh	eedo		sh:cool.cool.do.arrange	2	e	o	False	0.0	0.0	0.0	H		
1130	dykedy	2	0.009	2	yk	e	dy	[d]yk:cool.do.end	1	e	y	False	0.0	0.0	0.0	H		
1131	ytaly	2	0.009	2	ta	ly		[y]ta:state.end	0	l	y	True	0.0	0.0	0.0	H		
1132	olkeody	2	0.009	2	ol	keo	dy	ol:heat.cool.arrange.do.end	1	k	y	False	0.0	0.0	0.5	H		
1133	pody	2	0.009	2	po	dy		po:do.end	0	d	y	True	1.0	1.0	0.0	H		
1134	yfchey	2	0.009	2	fch	e	y	[y]fch:cool.end	1	e	y	False	0.0	0.0	0.0	H		
1135	okas	2	0.009	2	ok	a	s	ok:yield.sequence	0	a	s	False	0.0	0.0	0.0	H		
1136	saim	2	0.009	2	sa	im		sa:iterate.final	0	i	m	True	0.0	0.0	0.5	H		
1137	ykaiir	2	0.009	2	yk	aii	r	yk:yield.iterate.iterate.respond	0	a	r	False	0.0	0.5	0.0	H		
1138	checkhdy	2	0.009	2	ch	eckh	dy	ch:cool.adjust.heat.watch.do.end	1	e	y	False	0.0	0.0	0.5	H		
1139	chtedy	2	0.009	2	ch	te	dy	ch:transfer.cool.do.end	1	t	y	False	0.0	0.0	0.0	H		
1140	chtaiin	2	0.009	2	ch	t	aiin	ch:transfer.yield.iterate.iterate.bind	0	t	n	False	0.0	0.0	0.0	H		
1141	oteodaiin	2	0.009	2	ot	eod	aiin	ot:cool.arrange.do.yield.iterate.iterate.bind	1	e	n	False	0.0	0.0	0.0	H		
1142	od	2	0.009	2		od		arrange.do	0	o	d	False	0.0	0.0	0.5	H		
1143	alkey	2	0.009	2	al	ke	y	al:heat.cool.end	1	k	y	False	0.0	0.0	0.0	H		
1144	ypair	2	0.009	2		ypai	r	end.pause.yield.iterate.respond	0	y	r	True	0.0	0.0	0.0	H		
1145	alchey	2	0.009	2	al	e	y	al:adjust.watch.cool.end	1	c	y	True	0.0	0.5	0.0	H		
1146	alchdy	2	0.009	2	al	dy		al:adjust.watch.do.end	0	c	y	True	0.0	0.0	0.5	H		
1147	tolkain	2	0.009	2	to	lk	ain	to:state.heat.yield.iterate.bind	0	l	n	True	0.0	0.5	0.0	H		
1148	chkey	2	0.009	2	ch	ke	y	ch:heat.cool.end	1	k	y	False	0.0	0.0	0.0	H		
1149	loldy	2	0.009	2	ol	dy		[l]ol:do.end	0	d	y	True	0.0	0.0	0.0	H		
1150	otoldy	2	0.009	2	ot	ol	dy	ot:arrange.state.do.end	0	o	y	False	0.0	0.0	0.0	H		
1151	ykeol	2	0.009	2	yk	e	ol	yk:cool.arrange.state	1	e	l	False	0.0	0.5	0.0	H		
1152	sheekar	2	0.009	2	sh	eek	ar	sh:cool.cool.heat.yield.respond	2	e	r	False	0.0	0.0	0.0	H		
1153	do	2	0.009	2		do		do.arrange	0	d	o	True	0.0	0.0	0.0	H		
1154	oeeey	2	0.009	2		oeee	y	arrange.cool.cool.cool.end	3	o	y	False	0.0	0.5	0.0	H		
1155	pochedy	2	0.009	2	po	e	dy	po:adjust.watch.cool.do.end	1	c	y	True	0.5	1.0	0.0	H		
1156	qekaiin	2	0.009	2		qek	aiin	?.cool.heat.yield.iterate.iterate.bind	1	q	n	True	0.0	0.0	0.0	H		
1157	arod	2	0.009	2	ar	od		ar:arrange.do	0	o	d	False	0.0	0.0	1.0	H		
1158	ykchy	2	0.009	2	yk	y		yk:adjust.watch.end	0	c	y	True	0.0	0.5	0.0	H		
1159	tcho	2	0.009	2	tch	o		tch:arrange	0	o	o	False	0.5	1.0	0.0	H		
1160	xar	2	0.009	2		x	ar	diagram.yield.respond	0	x	r	True	0.0	0.0	0.0	H		
1161	lchdal	2	0.009	2	lch	d	al	lch:do.yield.state	0	d	l	True	0.0	0.5	0.0	H		
1162	ear	2	0.009	2		e	ar	cool.yield.respond	1	e	r	False	0.0	0.0	0.0	H		
1163	sheokey	2	0.009	2	sh	eoke	y	sh:cool.arrange.heat.cool.end	1	e	y	False	0.0	0.0	0.0	H		
1164	dchos	2	0.009	2	dch	o	s	dch:arrange.sequence	0	o	s	False	0.0	1.0	0.0	H		
1165	qotchody	2	0.009	2	qo	tcho	dy	qo:transfer.adjust.watch.arrange.do.end	0	t	y	False	0.0	0.0	0.0	H		
1166	octhody	2	0.009	2		octho	dy	arrange.adjust.transfer.watch.arrange.do.end	0	o	y	False	0.0	0.0	0.0	H		
1167	qokcho	2	0.009	2	qo	kcho		qo:heat.adjust.watch.arrange	0	k	o	False	0.0	0.5	0.0	H		
1168	qokedam	2	0.009	2	qo	ked	am	qo:heat.cool.do.yield.final	1	k	m	False	0.0	0.0	0.5	H		
1169	odair	2	0.009	2		odai	r	arrange.do.yield.iterate.respond	0	o	r	False	0.0	0.5	0.0	H		
1170	qcthhy	2	0.009	2		qcthh	y	?.adjust.transfer.watch.watch.end	0	q	y	True	0.0	0.0	0.0	H		
1171	c	2	0.009	2		c		adjust	0	c	c	True	0.5	0.5	0.5	T		
1172	chekeey	2	0.009	2	ch	ekee	y	ch:cool.heat.cool.cool.end	2	e	y	False	0.0	0.0	0.0	T		
1173	shetey	2	0.009	2	sh	ete	y	sh:cool.transfer.cool.end	1	e	y	False	0.0	0.0	0.0	T		
1174	sheodal	2	0.009	2	sh	eod	al	sh:cool.arrange.do.yield.state	1	e	l	False	0.0	0.0	0.0	T		
1175	cheer	2	0.009	2	ch	ee	r	ch:cool.cool.respond	2	e	r	False	0.0	0.0	0.0	T		
1176	akar	2	0.009	2		ak	ar	yield.heat.yield.respond	0	a	r	False	0.0	0.0	0.0	T		
1177	chekchy	2	0.009	2	ch	ekch	y	ch:cool.heat.adjust.watch.end	1	e	y	False	0.0	0.0	0.0	T		
1178	qokoldy	2	0.009	2	qo	kol	dy	qo:heat.arrange.state.do.end	0	k	y	False	0.0	0.0	0.5	T		
1179	sheocthy	2	0.009	2	sh	eocth	y	sh:cool.arrange.adjust.transfer.watch.end	1	e	y	False	0.0	0.0	0.0	T		
1180	okalchedy	2	0.009	2	ok	alche	dy	ok:yield.state.adjust.watch.cool.do.end	1	a	y	False	0.0	0.0	0.0	T		
1181	okchdal	2	0.009	2	ok	d	al	ok:adjust.watch.do.yield.state	0	c	l	True	0.0	0.0	0.0	H		
1182	chokal	2	0.009	2	ch	ok	al	ch:arrange.heat.yield.state	0	o	l	False	0.0	0.0	0.0	H		
1183	ltain	2	0.009	2	ta	in		[l]ta:iterate.bind	0	i	n	True	0.0	0.0	0.5	B		
1184	shepchy	2	0.009	2	sh	epch	y	sh:cool.pause.adjust.watch.end	1	e	y	False	0.0	0.0	0.0	B		
1185	lolkaiin	2	0.009	2	ol	k	aiin	[l]ol:heat.yield.iterate.iterate.bind	0	k	n	False	0.0	0.5	0.0	B		
1186	olom	2	0.009	2	ol	om		ol:arrange.final	0	o	m	False	0.0	0.0	1.0	B		
1187	chsdy	2	0.009	2	ch	s	dy	ch:sequence.do.end	0	s	y	True	0.0	0.0	0.0	B		
1188	darom	2	0.009	2	da	r	om	da:respond.arrange.final	0	r	m	True	0.0	0.0	1.0	B		
1189	dykeedy	2	0.009	2	yk	ee	dy	[d]yk:cool.cool.do.end	2	e	y	False	0.0	0.0	0.0	B		
1190	chcphhy	2	0.009	2	ch	cphh	y	ch:adjust.pause.watch.watch.end	0	c	y	True	0.0	0.0	0.0	B		
1191	rshey	2	0.009	2	sh	e	y	[r]sh:cool.end	1	e	y	False	0.0	0.0	0.0	B		
1192	keed	2	0.009	2	ke	ed		ke:cool.do	1	e	d	False	0.0	0.0	0.0	B		
1193	taral	2	0.009	2	ta	r	al	ta:respond.yield.state	0	r	l	True	0.0	0.5	0.5	B		
1194	qokydy	2	0.009	2	qo	ky	dy	qo:heat.end.do.end	0	k	y	False	0.0	0.0	1.0	B		
1195	olshed	2	0.009	2	ol	ed		ol:sequence.watch.cool.do	1	s	d	True	0.0	0.0	0.0	B		
1196	dedy	2	0.009	2	de	dy		de:do.end	0	d	y	True	0.0	0.0	0.5	B		
1197	qolshey	2	0.009	2	qo	lshe	y	qo:state.sequence.watch.cool.end	1	l	y	True	0.0	0.0	0.0	B		
1198	lsheckhy	2	0.009	2	lsh	eckh	y	lsh:cool.adjust.heat.watch.end	1	e	y	False	0.0	0.0	0.0	B		
1199	lpchdy	2	0.009	2	pch	dy		[l]pch:do.end	0	d	y	True	0.0	0.0	0.0	B		
1200	chcphdy	2	0.009	2	ch	cph	dy	ch:adjust.pause.watch.do.end	0	c	y	True	0.0	0.0	0.0	B		
1201	aiiny	2	0.009	1		aiin	y	yield.iterate.iterate.bind.end	0	a	y	False	0.0	0.0	1.0	B		
1202	qotes	2	0.009	2	qo	te	s	qo:transfer.cool.sequence	1	t	s	False	0.0	0.5	0.0	B		
1203	lchar	2	0.009	2	lch	ar		lch:yield.respond	0	a	r	False	0.0	0.0	0.5	B		
1204	qolal	2	0.009	2	qo	l	al	qo:state.yield.state	0	l	l	True	0.0	0.0	0.0	B		
1205	dalaiin	2	0.009	2	da	l	aiin	da:state.yield.iterate.iterate.bind	0	l	n	True	0.0	0.0	0.0	B		
1206	ollchy	2	0.009	2	ol	lch	y	ol:state.adjust.watch.end	0	l	y	True	0.0	0.0	0.5	B		
1207	yksheol	2	0.009	2	yk	e	ol	yk:sequence.watch.cool.arrange.state	1	s	l	True	0.0	0.5	0.0	B		
1208	ch	2	0.009	2		ch		adjust.watch	0	c	h	True	0.0	0.0	0.0	B		
1209	chedor	2	0.009	2	ch	ed	or	ch:cool.do.arrange.respond	1	e	r	False	0.0	0.0	0.0	B		
1210	qolaiin	2	0.009	2	qo	l	aiin	qo:state.yield.iterate.iterate.bind	0	l	n	True	0.0	0.0	0.0	B		
1211	chdol	2	0.009	2	ch	d	ol	ch:do.arrange.state	0	d	l	True	0.0	0.0	0.0	B		
1212	polarar	2	0.009	2	po	lar	ar	po:state.yield.respond.yield.respond	0	l	r	True	1.0	1.0	0.0	B		
1213	cholkeeey	2	0.009	2	ch	olkeee	y	ch:arrange.state.heat.cool.cool.cool.end	3	o	y	False	0.0	0.0	0.0	B		
1214	shedam	2	0.009	2	sh	ed	am	sh:cool.do.yield.final	1	e	m	False	0.0	0.0	0.5	B		
1215	oleeedy	2	0.009	2	ol	eee	dy	ol:cool.cool.cool.do.end	3	e	y	False	0.0	0.0	0.0	B		
1216	deedy	2	0.009	2	de	e	dy	de:cool.do.end	1	e	y	False	0.0	0.0	0.5	B		
1217	shokaiin	2	0.009	2	sh	ok	aiin	sh:arrange.heat.yield.iterate.iterate.bind	0	o	n	False	0.0	0.0	0.0	B		
1218	qodeey	2	0.009	2	qo	dee	y	qo:do.cool.cool.end	2	d	y	True	0.0	0.0	0.0	B		
1219	salkeedy	2	0.009	2	sa	lkee	dy	sa:state.heat.cool.cool.do.end	2	l	y	True	0.0	0.5	0.0	B		
1220	psheoldy	2	0.009	2	sh	eol	dy	[p]sh:cool.arrange.state.do.end	1	e	y	False	1.0	1.0	0.0	B		
1221	kan	2	0.009	2	ka	n		ka:bind	0	n	n	True	0.0	0.0	0.0	B		
1222	cphey	2	0.009	2		cphe	y	adjust.pause.watch.cool.end	1	c	y	True	0.0	0.0	0.0	B		
1223	ychees	2	0.009	2	ch	ee	s	[y]ch:cool.cool.sequence	2	e	s	False	0.0	1.0	0.0	B		
1224	lshety	2	0.009	2	lsh	et	y	lsh:cool.transfer.end	1	e	y	False	0.0	0.0	0.0	B		
1225	qeedy	2	0.009	2		qee	dy	?.cool.cool.do.end	2	q	y	True	0.0	0.0	0.5	B		
1226	san	2	0.009	2	sa	n		sa:bind	0	n	n	True	0.0	0.0	0.0	B		
1227	soral	2	0.009	2	so	r	al	so:respond.yield.state	0	r	l	True	0.5	1.0	0.5	B		
1228	qolsheedy	2	0.009	2	qo	lshee	dy	qo:state.sequence.watch.cool.cool.do.end	2	l	y	True	0.0	0.0	0.0	B		
1229	qolcheedy	2	0.009	2	qo	lchee	dy	qo:state.adjust.watch.cool.cool.do.end	2	l	y	True	0.0	0.0	0.0	B		
1230	qolchy	2	0.009	2	qo	lch	y	qo:state.adjust.watch.end	0	l	y	True	0.0	0.5	0.5	B		
1231	daror	2	0.009	2	da	r	or	da:respond.arrange.respond	0	r	r	True	0.0	0.5	0.5	B		
1232	lod	2	0.009	2		lod		state.arrange.do	0	l	d	True	0.0	0.0	0.5	B		
1233	dalo	2	0.009	1	da	lo		da:state.arrange	0	l	o	True	0.0	0.0	0.5	B		
1234	sodar	2	0.009	2	so	d	ar	so:do.yield.respond	0	d	r	True	0.0	0.5	0.0	B		
1235	oloky	2	0.009	2	ol	ok	y	ol:arrange.heat.end	0	o	y	False	0.0	0.0	1.0	B		
1236	qy	2	0.009	2		q	y	?.end	0	q	y	True	0.0	0.0	0.0	B		
1237	rchr	2	0.009	1	rch	r		rch:respond	0	r	r	True	0.0	0.0	0.0	B		
1238	tchedar	2	0.009	2	tch	ed	ar	tch:cool.do.yield.respond	1	e	r	False	0.0	0.5	0.0	B		
1239	qotas	2	0.009	2	qo	ta	s	qo:transfer.yield.sequence	0	t	s	False	0.0	0.0	0.0	B		
1240	oqokain	2	0.009	2		oqok	ain	arrange.?.arrange.heat.yield.iterate.bind	0	o	n	False	0.5	0.5	0.0	B		
1241	rchy	2	0.009	2	rch	y		rch:end	0	y	y	True	0.0	0.0	0.0	B		
1242	ldol	2	0.009	2	do	l		[l]do:state	0	l	l	True	0.0	0.0	0.5	B		
1243	dchy	2	0.009	2	dch	y		dch:end	0	y	y	True	0.0	0.0	0.0	B		
1244	qolshedy	2	0.009	2	qo	lshe	dy	qo:state.sequence.watch.cool.do.end	1	l	y	True	0.0	0.0	0.0	B		
1245	tcheey	2	0.009	2	tch	ee	y	tch:cool.cool.end	2	e	y	False	0.0	0.5	0.0	B		
1246	qckhedy	2	0.009	2		qckhe	dy	?.adjust.heat.watch.cool.do.end	1	q	y	True	0.0	0.5	0.0	B		
1247	shekedy	2	0.009	2	sh	eke	dy	sh:cool.heat.cool.do.end	1	e	y	False	0.0	0.0	0.0	B		
1248	yched	2	0.009	2	ch	ed		[y]ch:cool.do	1	e	d	False	0.0	1.0	0.0	B		
1249	qeedar	2	0.009	2		qeed	ar	?.cool.cool.do.yield.respond	2	q	r	True	0.0	0.0	0.0	B		
1250	porain	2	0.009	2	po	r	ain	po:respond.yield.iterate.bind	0	r	n	True	1.0	1.0	0.0	B		
1251	tchal	2	0.009	2	tch	al		tch:yield.state	0	a	l	False	0.5	0.5	0.0	B		
1252	osal	2	0.009	2		os	al	arrange.sequence.yield.state	0	o	l	False	0.0	0.5	0.0	B		
1253	lshdy	2	0.009	2	lsh	dy		lsh:do.end	0	d	y	True	0.0	0.0	0.0	B		
1254	dkedy	2	0.009	2	ke	dy		[d]ke:do.end	0	d	y	True	0.0	0.0	0.0	B		
1255	qofcheol	2	0.009	2	qo	fche	ol	qo:flag.adjust.watch.cool.arrange.state	1	f	l	True	0.5	0.5	0.0	B		
1256	okalor	2	0.009	2	ok	al	or	ok:yield.state.arrange.respond	0	a	r	False	0.0	0.0	0.5	B		
1257	qolcheol	2	0.009	2	qo	lche	ol	qo:state.adjust.watch.cool.arrange.state	1	l	l	True	0.0	0.5	0.0	B		
1258	oltar	2	0.009	2	ol	t	ar	ol:transfer.yield.respond	0	t	r	False	0.0	0.0	0.0	B		
1259	oltal	2	0.009	2	ol	t	al	ol:transfer.yield.state	0	t	l	False	0.0	0.0	0.0	B		
1260	opcholor	2	0.009	2		opchol	or	arrange.pause.adjust.watch.arrange.state.arrange.respond	0	o	r	False	0.0	0.0	0.0	B		
1261	sheekeey	2	0.009	2	sh	eekee	y	sh:cool.cool.heat.cool.cool.end	2	e	y	False	0.0	0.5	0.0	B		
1262	qolshy	2	0.009	2	qo	lsh	y	qo:state.sequence.watch.end	0	l	y	True	0.5	0.5	0.0	B		
1263	qoteesy	2	0.009	2	qo	tees	y	qo:transfer.cool.cool.sequence.end	2	t	y	False	0.0	0.5	0.0	B		
1264	shoikhy	2	0.009	2	sh	oikh	y	sh:arrange.iterate.heat.watch.end	0	o	y	False	0.0	0.5	0.0	B		
1265	otchar	2	0.009	2	ot	ar		ot:adjust.watch.yield.respond	0	c	r	True	0.0	0.0	0.0	B		
1266	oikhy	2	0.009	2		oikh	y	arrange.iterate.heat.watch.end	0	o	y	False	0.0	0.0	0.0	B		
1267	cholchey	2	0.009	2	ch	olche	y	ch:arrange.state.adjust.watch.cool.end	1	o	y	False	0.0	0.5	0.0	B		
1268	chkam	2	0.009	2	ch	k	am	ch:heat.yield.final	0	k	m	False	0.0	0.0	0.5	B		
1269	cheekey	2	0.009	2	ch	eeke	y	ch:cool.cool.heat.cool.end	2	e	y	False	0.0	0.0	0.0	B		
1270	qolar	2	0.009	2	qo	l	ar	qo:state.yield.respond	0	l	r	True	0.0	0.0	0.0	B		
1271	ykees	2	0.009	2	yk	ee	s	yk:cool.cool.sequence	2	e	s	False	0.0	0.5	0.0	B		
1272	oroiiin	2	0.009	2	or	oi	iin	or:arrange.iterate.iterate.iterate.bind	0	o	n	False	0.0	0.0	1.0	B		
1273	okory	2	0.009	2	ok	o	ry	ok:arrange.respond.end	0	o	y	False	0.5	0.5	1.0	B		
1274	fshedy	2	0.009	2	sh	e	dy	[f]sh:cool.do.end	1	e	y	False	0.5	0.5	0.0	B		
1275	dalom	2	0.009	2	da	l	om	da:state.arrange.final	0	l	m	True	0.0	0.0	1.0	B		
1276	oltain	2	0.009	2	ol	t	ain	ol:transfer.yield.iterate.bind	0	t	n	False	0.0	0.0	0.0	B		
1277	olo	2	0.009	2	ol	o		ol:arrange	0	o	o	False	0.0	0.0	0.5	B		
1278	lchol	2	0.009	2	lch	ol		lch:arrange.state	0	o	l	False	0.0	0.5	0.0	B		
1279	korchy	2	0.009	2	ko	rch	y	ko:respond.adjust.watch.end	0	r	y	True	0.0	0.0	0.0	B		
1280	cseey	2	0.009	2		csee	y	adjust.sequence.cool.cool.end	2	c	y	True	0.0	0.0	0.0	B		
1281	rcheky	2	0.009	2	rch	ek	y	rch:cool.heat.end	1	e	y	False	0.0	0.0	0.0	B		
1282	lsheol	2	0.009	2	lsh	e	ol	lsh:cool.arrange.state	1	e	l	False	0.0	0.0	0.0	B		
1283	shekaiin	2	0.009	2	sh	ek	aiin	sh:cool.heat.yield.iterate.iterate.bind	1	e	n	False	0.0	0.0	0.0	B		
1284	cheyky	2	0.009	2	ch	eyk	y	ch:cool.end.heat.end	1	e	y	False	0.0	0.0	0.0	B		
1285	totol	2	0.009	2	to	t	ol	to:transfer.arrange.state	0	t	l	False	0.0	0.0	0.0	B		
1286	lteey	2	0.009	2	te	e	y	[l]te:cool.end	1	e	y	False	0.0	0.0	0.0	B		
1287	qotl	2	0.009	2	qo	t	l	qo:transfer.state	0	t	l	False	0.0	0.0	0.0	B		
1288	pcheedy	2	0.009	2	pch	ee	dy	pch:cool.cool.do.end	2	e	y	False	1.0	1.0	0.0	B		
1289	roly	2	0.009	2	ol	y		[r]ol:end	0	y	y	True	0.0	0.0	1.0	B		
1290	oithy	2	0.009	2		oith	y	arrange.iterate.transfer.watch.end	0	o	y	False	0.0	0.0	0.0	B		
1291	dolshedy	2	0.009	2	do	lshe	dy	do:state.sequence.watch.cool.do.end	1	l	y	True	0.0	0.0	0.0	B		
1292	solcheol	2	0.009	2	so	lche	ol	so:state.adjust.watch.cool.arrange.state	1	l	l	True	0.0	1.0	0.0	B		
1293	dkshey	2	0.009	2		dkshe	y	do.heat.sequence.watch.cool.end	1	d	y	True	0.0	0.0	0.0	B		
1294	oltydy	2	0.009	2	ol	ty	dy	ol:transfer.end.do.end	0	t	y	False	0.0	0.0	1.0	B		
1295	pshol	2	0.009	2	sh	ol		[p]sh:arrange.state	0	o	l	False	1.0	1.0	0.0	B		
1296	oltaiin	2	0.009	2	ol	t	aiin	ol:transfer.yield.iterate.iterate.bind	0	t	n	False	0.0	0.0	0.0	B		
1297	okiin	2	0.009	2	ok	iin		ok:iterate.iterate.bind	0	i	n	True	0.0	0.5	0.0	B		
1298	qcthy	2	0.009	2		qcth	y	?.adjust.transfer.watch.end	0	q	y	True	0.0	0.0	0.0	B		
1299	shokal	2	0.009	2	sh	ok	al	sh:arrange.heat.yield.state	0	o	l	False	0.0	0.0	0.0	B		
1300	polchey	2	0.009	2	po	lche	y	po:state.adjust.watch.cool.end	1	l	y	True	1.0	1.0	0.0	B		
1301	lchees	2	0.009	2	lch	ee	s	lch:cool.cool.sequence	2	e	s	False	0.0	0.0	0.0	B		
1302	dshees	2	0.009	2	sh	ee	s	[d]sh:cool.cool.sequence	2	e	s	False	0.0	1.0	0.0	B		
1303	polchdy	2	0.009	2	po	lch	dy	po:state.adjust.watch.do.end	0	l	y	True	1.0	1.0	0.0	B		
1304	opol	2	0.009	2		op	ol	arrange.pause.arrange.state	0	o	l	False	0.0	0.0	0.0	B		
1305	lchl	2	0.009	2	lch	l		lch:state	0	l	l	True	0.0	0.0	0.5	B		
1306	ofal	2	0.009	2		of	al	arrange.flag.yield.state	0	o	l	False	0.0	0.0	0.0	B		
1307	sheckhal	2	0.009	2	sh	eckh	al	sh:cool.adjust.heat.watch.yield.state	1	e	l	False	0.0	0.0	0.0	B		
1308	dkain	2	0.009	2	ka	in		[d]ka:iterate.bind	0	i	n	True	0.0	0.0	0.0	B		
1309	yar	2	0.009	2		y	ar	end.yield.respond	0	y	r	True	0.0	1.0	0.0	B		
1310	cseeky	2	0.009	2		cseek	y	adjust.sequence.cool.cool.heat.end	2	c	y	True	0.0	0.0	0.0	B		
1311	ltary	2	0.009	2	ta	ry		[l]ta:respond.end	0	r	y	True	0.0	0.0	1.0	B		
1312	qotedor	2	0.009	2	qo	ted	or	qo:transfer.cool.do.arrange.respond	1	t	r	False	0.0	0.0	0.0	B		
1313	rolchy	2	0.009	2	ol	y		[r]ol:adjust.watch.end	0	c	y	True	0.0	0.5	0.0	B		
1314	deeedy	2	0.009	2	de	ee	dy	de:cool.cool.do.end	2	e	y	False	0.0	0.5	0.0	B		
1315	polched	2	0.009	2	po	lched		po:state.adjust.watch.cool.do	1	l	d	True	0.0	0.5	0.0	B		
1316	qcthey	2	0.009	2		qcthe	y	?.adjust.transfer.watch.cool.end	1	q	y	True	0.0	0.0	0.0	B		
1317	lchedar	2	0.009	2	lch	ed	ar	lch:cool.do.yield.respond	1	e	r	False	0.0	0.0	0.0	B		
1318	qokoiin	2	0.009	2	qo	k	oiin	qo:heat.arrange.iterate.iterate.bind	0	k	n	False	0.0	0.5	0.0	B		
1319	lokam	2	0.009	2	ok	am		[l]ok:yield.final	0	a	m	False	0.0	0.0	1.0	B		
1320	dolchedy	2	0.009	2	do	lche	dy	do:state.adjust.watch.cool.do.end	1	l	y	True	0.0	0.5	0.0	B		
1321	lchedam	2	0.009	2	lch	ed	am	lch:cool.do.yield.final	1	e	m	False	0.0	0.0	1.0	B		
1322	lchs	2	0.009	2	lch	s		lch:sequence	0	s	s	True	0.0	0.0	0.0	B		
1323	chkeedy	2	0.009	2	ch	kee	dy	ch:heat.cool.cool.do.end	2	k	y	False	0.0	0.0	0.5	B		
1324	qeeedy	2	0.009	2		qeee	dy	?.cool.cool.cool.do.end	3	q	y	True	0.0	0.0	0.0	B		
1325	oqol	2	0.009	2		oq	ol	arrange.?.arrange.state	0	o	l	False	0.0	0.0	0.0	B		
1326	chary	2	0.009	2	ch	a	ry	ch:yield.respond.end	0	a	y	False	0.0	0.0	1.0	B		
1327	shechy	2	0.009	2	sh	ech	y	sh:cool.adjust.watch.end	1	e	y	False	0.0	0.0	0.0	B		
1328	pdal	2	0.009	2	da	l		[p]da:state	0	l	l	True	1.0	1.0	0.0	B		
1329	opshedy	2	0.009	2		opshe	dy	arrange.pause.sequence.watch.cool.do.end	1	o	y	False	0.0	0.0	0.0	B		
1330	ockhey	2	0.009	2		ockhe	y	arrange.adjust.heat.watch.cool.end	1	o	y	False	0.0	0.0	0.0	B		
1331	raly	2	0.009	2	al	y		[r]al:end	0	y	y	True	0.0	0.0	0.0	B		
1332	chepchedy	2	0.009	2	ch	epche	dy	ch:cool.pause.adjust.watch.cool.do.end	1	e	y	False	0.0	0.0	0.0	B		
1333	qoeeo	2	0.009	2	qo	eeo		qo:cool.cool.arrange	2	e	o	False	0.0	0.0	0.0	B		
1334	cheeaiin	2	0.009	2	ch	ee	aiin	ch:cool.cool.yield.iterate.iterate.bind	2	e	n	False	0.0	0.0	0.0	B		
1335	sheeckhy	2	0.009	2	sh	eeckh	y	sh:cool.cool.adjust.heat.watch.end	2	e	y	False	0.0	0.0	0.0	B		
1336	dalshdy	2	0.009	2	da	lsh	dy	da:state.sequence.watch.do.end	0	l	y	True	0.0	0.0	0.5	B		
1337	opoly	2	0.009	2		opo	ly	arrange.pause.arrange.state.end	0	o	y	False	0.0	0.0	1.0	B		
1338	cphol	2	0.009	2		cph	ol	adjust.pause.watch.arrange.state	0	c	l	True	0.0	0.0	0.0	B		
1339	opalkaiin	2	0.009	2		opalk	aiin	arrange.pause.yield.state.heat.yield.iterate.iterate.bind	0	o	n	False	0.0	0.0	0.0	B		
1340	olchcthy	2	0.009	1	ol	cth	y	ol:adjust.watch.adjust.transfer.watch.end	0	c	y	True	0.0	0.0	0.0	B		
1341	alkedy	2	0.009	2	al	ke	dy	al:heat.cool.do.end	1	k	y	False	0.0	0.0	0.0	B		
1342	oro	2	0.009	2	or	o		or:arrange	0	o	o	False	0.0	0.0	0.5	B		
1343	ydairol	2	0.009	1	da	ir	ol	[y]da:iterate.respond.arrange.state	0	i	l	True	0.0	0.5	1.0	B		
1344	ychckhy	2	0.009	1	ch	ckh	y	[y]ch:adjust.heat.watch.end	0	c	y	True	0.0	0.5	1.0	B		
1345	daisoldy	2	0.009	1	da	isol	dy	da:iterate.sequence.arrange.state.do.end	0	i	y	True	0.0	0.5	1.0	B		
1346	darchy	2	0.009	1	da	rch	y	da:respond.adjust.watch.end	0	r	y	True	0.0	0.5	1.0	B		
1347	yskhy	2	0.009	1		yskh	y	end.sequence.heat.watch.end	0	y	y	True	0.0	0.5	1.0	B		
1348	dolor	2	0.009	2	do	l	or	do:state.arrange.respond	0	l	r	True	0.0	0.0	0.0	B		
1349	otes	2	0.009	2	ot	e	s	ot:cool.sequence	1	e	s	False	0.0	0.5	0.0	B		
1350	tarar	2	0.009	2	ta	r	ar	ta:respond.yield.respond	0	r	r	True	0.0	1.0	0.0	T		
1351	opchsd	2	0.009	2		opchsd		arrange.pause.adjust.watch.sequence.do	0	o	d	False	0.0	0.0	0.0	T		
1352	qodal	2	0.009	2	qo	d	al	qo:do.yield.state	0	d	l	True	0.0	0.0	0.0	T		
1353	cheolkeedy	2	0.009	2	ch	eolkee	dy	ch:cool.arrange.state.heat.cool.cool.do.end	2	e	y	False	0.0	0.0	0.5	T		
1354	pdar	2	0.009	2	da	r		[p]da:respond	0	r	r	True	1.0	1.0	0.0	T		
1355	shdair	2	0.009	2	sh	dai	r	sh:do.yield.iterate.respond	0	d	r	True	0.0	0.0	0.0	T		
1356	qopcheedy	2	0.009	2	qo	pchee	dy	qo:pause.adjust.watch.cool.cool.do.end	2	p	y	True	0.0	0.0	0.0	T		
1357	shcphhy	2	0.009	2	sh	cphh	y	sh:adjust.pause.watch.watch.end	0	c	y	True	0.0	0.0	0.0	T		
1358	ofchey	2	0.009	2		ofche	y	arrange.flag.adjust.watch.cool.end	1	o	y	False	0.0	0.0	0.0	T		
1359	checphey	2	0.009	2	ch	ecphe	y	ch:cool.adjust.pause.watch.cool.end	1	e	y	False	0.0	0.0	0.0	T		
1360	qocphdy	2	0.009	2	qo	cph	dy	qo:adjust.pause.watch.do.end	0	c	y	True	0.0	0.0	0.0	T		
1361	dairar	2	0.009	2	da	ir	ar	da:iterate.respond.yield.respond	0	i	r	True	0.0	0.0	0.0	T		
1362	tedair	2	0.009	2	te	dai	r	te:do.yield.iterate.respond	0	d	r	True	0.0	0.5	0.0	T		
1363	yteol	2	0.009	2	te	ol		[y]te:arrange.state	0	o	l	False	0.0	0.0	0.0	T		
1364	alar	2	0.009	2	al	ar		al:yield.respond	0	a	r	False	0.0	0.0	0.0	T		
1365	chod	2	0.009	2	ch	od		ch:arrange.do	0	o	d	False	0.0	0.0	0.0	T		
1366	ofaiin	2	0.009	2		of	aiin	arrange.flag.yield.iterate.iterate.bind	0	o	n	False	0.0	0.0	0.0	C		
1367	ytedar	2	0.009	2	te	d	ar	[y]te:do.yield.respond	0	d	r	True	0.0	0.5	0.0	C		
1368	cher	2	0.009	2	ch	e	r	ch:cool.respond	1	e	r	False	0.0	0.0	0.0	C		
1369	pcheodar	2	0.009	2	pch	eod	ar	pch:cool.arrange.do.yield.respond	1	e	r	False	0.5	0.5	0.0	C		
1370	chdair	2	0.009	2	ch	dai	r	ch:do.yield.iterate.respond	0	d	r	True	0.0	0.0	0.0	C		
1371	octhedy	2	0.009	2		octhe	dy	arrange.adjust.transfer.watch.cool.do.end	1	o	y	False	0.0	0.0	0.0	C		
1372	oteedar	2	0.009	2	ot	eed	ar	ot:cool.cool.do.yield.respond	2	e	r	False	0.0	0.0	0.0	C		
1373	orchedy	2	0.009	2	or	e	dy	or:adjust.watch.cool.do.end	1	c	y	True	0.0	0.0	0.0	C		
1374	dan	2	0.009	2	da	n		da:bind	0	n	n	True	0.0	0.0	0.5	C		
1375	oedy	2	0.009	2		oe	dy	arrange.cool.do.end	1	o	y	False	0.0	0.0	0.0	C		
1376	sheeor	2	0.009	2	sh	ee	or	sh:cool.cool.arrange.respond	2	e	r	False	0.0	0.0	0.0	C		
1377	lcheody	2	0.009	2	lch	eo	dy	lch:cool.arrange.do.end	1	e	y	False	0.0	0.0	0.0	C		
1378	sarar	2	0.009	2	sa	r	ar	sa:respond.yield.respond	0	r	r	True	0.0	1.0	0.0	C		
1379	qckhy	2	0.009	2		qckh	y	?.adjust.heat.watch.end	0	q	y	True	0.0	0.0	0.0	C		
1380	ytair	2	0.009	2	ta	i	r	[y]ta:iterate.respond	0	i	r	True	0.0	0.0	0.0	C		
1381	cholkar	2	0.009	2	ch	olk	ar	ch:arrange.state.heat.yield.respond	0	o	r	False	0.0	0.0	1.0	C		
1382	opchor	2	0.009	2		opch	or	arrange.pause.adjust.watch.arrange.respond	0	o	r	False	0.0	0.0	0.0	C		
1383	lkeeor	2	0.009	2	lk	ee	or	lk:cool.cool.arrange.respond	2	e	r	False	0.0	0.0	0.0	C		
1384	olteody	2	0.009	2	ol	teo	dy	ol:transfer.cool.arrange.do.end	1	t	y	False	0.0	0.0	0.0	C		
1385	orchcthy	2	0.009	2	or	cth	y	or:adjust.watch.adjust.transfer.watch.end	0	c	y	True	0.0	0.0	0.0	C		
1386	kshd	2	0.009	2	sh	d		[k]sh:do	0	d	d	True	0.0	0.0	0.0	C		
1387	orom	2	0.009	2	or	om		or:arrange.final	0	o	m	False	0.0	0.0	1.0	C		
1388	kaiiin	2	0.009	2	ka	i	iin	ka:iterate.iterate.iterate.bind	0	i	n	True	0.0	0.0	0.5	C		
1389	lfchy	2	0.009	2	fch	y		[l]fch:end	0	y	y	True	0.0	0.0	0.0	C		
1390	sheokaiin	2	0.009	2	sh	eok	aiin	sh:cool.arrange.heat.yield.iterate.iterate.bind	1	e	n	False	0.0	0.0	0.0	C		
1391	chsky	2	0.009	2	ch	sk	y	ch:sequence.heat.end	0	s	y	True	0.0	0.0	0.5	C		
1392	ychor	2	0.009	2	ch	or		[y]ch:arrange.respond	0	o	r	False	0.0	1.0	0.0	C		
1393	oal	2	0.009	2		o	al	arrange.yield.state	0	o	l	False	0.0	0.0	0.0	C		
1394	lchody	2	0.009	2	lch	o	dy	lch:arrange.do.end	0	o	y	False	0.0	0.0	0.0	C		
1395	odeeey	2	0.009	2		odeee	y	arrange.do.cool.cool.cool.end	3	o	y	False	0.0	0.5	0.0	C		
1396	olfchey	2	0.009	2	ol	fche	y	ol:flag.adjust.watch.cool.end	1	f	y	True	0.0	0.0	0.0	C		
1397	ycheeody	2	0.009	2	ch	eeo	dy	[y]ch:cool.cool.arrange.do.end	2	e	y	False	0.0	1.0	0.0	C		
1398	yteeo	2	0.009	2	te	eo		[y]te:cool.arrange	1	e	o	False	0.0	1.0	0.0	C		
1399	aiim	2	0.009	2		ai	im	yield.iterate.iterate.final	0	a	m	False	0.0	0.0	1.0	C		
1400	tchol	2	0.009	2	tch	ol		tch:arrange.state	0	o	l	False	1.0	1.0	0.0	C		
1401	dady	2	0.009	2	da	dy		da:do.end	0	d	y	True	0.0	0.0	1.0	C		
1402	qotchedar	2	0.009	2	qo	tched	ar	qo:transfer.adjust.watch.cool.do.yield.respond	1	t	r	False	0.0	0.0	0.0	C		
1403	cholkain	2	0.009	2	ch	olk	ain	ch:arrange.state.heat.yield.iterate.bind	0	o	n	False	0.0	0.0	0.5	C		
1404	shodain	2	0.009	2	sh	od	ain	sh:arrange.do.yield.iterate.bind	0	o	n	False	0.0	0.5	0.0	C		
1405	chalkar	2	0.009	2	ch	alk	ar	ch:yield.state.heat.yield.respond	0	a	r	False	0.0	0.0	0.0	C		
1406	shocfhy	2	0.009	2	sh	ocfh	y	sh:arrange.adjust.flag.watch.end	0	o	y	False	0.0	0.0	0.0	C		
1407	olkechy	2	0.009	2	ol	kech	y	ol:heat.cool.adjust.watch.end	1	k	y	False	0.0	0.0	0.0	C		
1408	osain	2	0.009	2		os	ain	arrange.sequence.yield.iterate.bind	0	o	n	False	0.0	0.5	0.0	H		
1409	qekeey	2	0.009	2		qekee	y	?.cool.heat.cool.cool.end	2	q	y	True	0.0	0.0	0.0	H		
1410	teedal	2	0.009	2	te	ed	al	te:cool.do.yield.state	1	e	l	False	0.0	0.5	0.0	H		
1411	toky	2	0.009	2	to	k	y	to:heat.end	0	k	y	False	0.0	0.5	0.5	H		
1412	okchaiin	2	0.009	2	ok	aiin		ok:adjust.watch.yield.iterate.iterate.bind	0	c	n	True	0.0	0.0	0.0	H		
1413	chetaiin	2	0.009	2	ch	et	aiin	ch:cool.transfer.yield.iterate.iterate.bind	1	e	n	False	0.0	0.0	0.0	H		
1414	tchdor	2	0.009	2	tch	d	or	tch:do.arrange.respond	0	d	r	True	1.0	1.0	0.0	H		
1415	alod	2	0.009	2	al	od		al:arrange.do	0	o	d	False	0.0	0.0	1.0	H		
1416	tshod	2	0.009	2	sh	od		[t]sh:arrange.do	0	o	d	False	1.0	1.0	0.0	H		
1417	odaly	2	0.009	2		oda	ly	arrange.do.yield.state.end	0	o	y	False	0.0	0.0	0.5	H		
1418	chctham	2	0.009	2	ch	cth	am	ch:adjust.transfer.watch.yield.final	0	c	m	True	0.0	0.0	1.0	H		
1419	tchody	2	0.009	2	tch	o	dy	tch:arrange.do.end	0	o	y	False	0.5	1.0	0.0	H		
1420	tshdol	2	0.009	2	sh	d	ol	[t]sh:do.arrange.state	0	d	l	True	1.0	1.0	0.0	H		
1421	kshed	2	0.009	2	sh	ed		[k]sh:cool.do	1	e	d	False	0.5	0.5	0.0	H		
1422	qokeeod	2	0.009	2	qo	keeod		qo:heat.cool.cool.arrange.do	2	k	d	False	0.0	0.0	0.0	H		
1423	sheek	2	0.009	2	sh	eek		sh:cool.cool.heat	2	e	k	False	0.0	0.0	0.0	S		
1424	oteeos	2	0.009	2	ot	eeo	s	ot:cool.cool.arrange.sequence	2	e	s	False	0.0	0.5	0.0	S		
1425	dalkar	2	0.009	2	da	lk	ar	da:state.heat.yield.respond	0	l	r	True	0.0	0.0	0.0	S		
1426	eeol	2	0.009	2		ee	ol	cool.cool.arrange.state	2	e	l	False	0.0	0.0	0.0	S		
1427	qokeear	2	0.009	2	qo	kee	ar	qo:heat.cool.cool.yield.respond	2	k	r	False	0.5	0.5	0.0	S		
1428	keeos	2	0.009	2	ke	eo	s	ke:cool.arrange.sequence	1	e	s	False	0.0	0.0	0.0	S		
1429	chorol	2	0.009	2	ch	or	ol	ch:arrange.respond.arrange.state	0	o	l	False	0.0	0.0	0.0	S		
1430	ssheey	2	0.009	1	sh	ee	y	[s]sh:cool.cool.end	2	e	y	False	0.0	1.0	0.0	S		
1431	qoteeey	2	0.009	2	qo	teee	y	qo:transfer.cool.cool.cool.end	3	t	y	False	0.0	0.0	0.0	S		
1432	darchedy	2	0.009	2	da	rche	dy	da:respond.adjust.watch.cool.do.end	1	r	y	True	0.0	0.5	0.0	S		
1433	qotear	2	0.009	2	qo	te	ar	qo:transfer.cool.yield.respond	1	t	r	False	0.0	0.0	0.0	S		
1434	okeeshy	2	0.009	2	ok	eesh	y	ok:cool.cool.sequence.watch.end	2	e	y	False	0.0	0.0	0.0	S		
1435	tokain	2	0.009	2	to	k	ain	to:heat.yield.iterate.bind	0	k	n	False	0.0	0.5	0.0	S		
1436	ycheody	2	0.009	2	ch	eo	dy	[y]ch:cool.arrange.do.end	1	e	y	False	0.0	1.0	0.0	S		
1437	otear	2	0.009	2	ot	e	ar	ot:cool.yield.respond	1	e	r	False	0.0	0.0	0.0	S		
1438	oteeam	2	0.009	2	ot	ee	am	ot:cool.cool.yield.final	2	e	m	False	0.0	0.0	1.0	S		
1439	oteaiin	2	0.009	2	ot	e	aiin	ot:cool.yield.iterate.iterate.bind	1	e	n	False	0.0	0.0	0.5	S		
1440	poly	2	0.009	2	po	ly		po:state.end	0	l	y	True	0.5	0.5	0.0	S		
1441	chtain	2	0.009	2	ch	t	ain	ch:transfer.yield.iterate.bind	0	t	n	False	0.0	0.0	0.0	S		
1442	keechy	2	0.009	2	ke	ech	y	ke:cool.adjust.watch.end	1	e	y	False	0.0	0.0	0.5	S		
1443	okeedar	2	0.009	2	ok	eed	ar	ok:cool.cool.do.yield.respond	2	e	r	False	0.0	0.0	0.0	S		
1444	qkain	2	0.009	2		qk	ain	?.heat.yield.iterate.bind	0	q	n	True	0.0	0.5	0.0	S		
1445	cheodar	2	0.009	2	ch	eod	ar	ch:cool.arrange.do.yield.respond	1	e	r	False	0.0	0.0	0.0	S		
1446	qodaiiin	2	0.009	2	qo	dai	iin	qo:do.yield.iterate.iterate.iterate.bind	0	d	n	True	0.0	0.0	0.0	S		
1447	oeeal	2	0.009	2		oee	al	arrange.cool.cool.yield.state	2	o	l	False	0.0	0.0	0.5	S		
1448	airod	2	0.009	2		airod		yield.iterate.respond.arrange.do	0	a	d	False	0.0	0.0	0.5	S		
1449	rl	2	0.009	2		r	l	respond.state	0	r	l	True	0.0	0.0	0.5	S		
1450	olkeeor	2	0.009	2	ol	kee	or	ol:heat.cool.cool.arrange.respond	2	k	r	False	0.0	0.0	0.0	S		
1451	ysheo	2	0.009	2	sh	eo		[y]sh:cool.arrange	1	e	o	False	0.0	1.0	0.0	S		
1452	lkechey	2	0.009	2	lk	eche	y	lk:cool.adjust.watch.cool.end	1	e	y	False	0.0	0.0	0.0	S		
1453	ysheeody	2	0.009	2	sh	eeo	dy	[y]sh:cool.cool.arrange.do.end	2	e	y	False	0.0	1.0	0.0	S		
1454	qokcheedy	2	0.009	2	qo	kchee	dy	qo:heat.adjust.watch.cool.cool.do.end	2	k	y	False	0.0	0.0	0.0	S		
1455	olcheo	2	0.009	2	ol	eo		ol:adjust.watch.cool.arrange	1	c	o	True	0.0	0.5	0.0	S		
1456	ksheody	2	0.009	2	sh	eo	dy	[k]sh:cool.arrange.do.end	1	e	y	False	0.0	0.0	0.0	S		
1457	qotechy	2	0.009	2	qo	tech	y	qo:transfer.cool.adjust.watch.end	1	t	y	False	0.0	0.0	0.0	S		
1458	oair	2	0.009	2		oai	r	arrange.yield.iterate.respond	0	o	r	False	0.0	0.0	0.0	S		
1459	qotaiiin	2	0.009	2	qo	tai	iin	qo:transfer.yield.iterate.iterate.iterate.bind	0	t	n	False	0.0	0.0	0.5	S		
1460	qoeedaiin	2	0.009	2	qo	eed	aiin	qo:cool.cool.do.yield.iterate.iterate.bind	2	e	n	False	0.0	0.0	0.0	S		
1461	ychedaiin	2	0.009	2	ch	ed	aiin	[y]ch:cool.do.yield.iterate.iterate.bind	1	e	n	False	0.0	1.0	0.0	S		
1462	ockhhy	2	0.009	2		ockhh	y	arrange.adjust.heat.watch.watch.end	0	o	y	False	0.0	0.0	0.5	S		
1463	oeedaiin	2	0.009	2		oeed	aiin	arrange.cool.cool.do.yield.iterate.iterate.bind	2	o	n	False	0.0	0.0	0.0	S		
1464	sairol	2	0.009	2	sa	ir	ol	sa:iterate.respond.arrange.state	0	i	l	True	0.0	0.5	0.0	S		
1465	qoteeo	2	0.009	2	qo	teeo		qo:transfer.cool.cool.arrange	2	t	o	False	0.0	0.0	0.0	S		
1466	lcheod	2	0.009	2	lch	eod		lch:cool.arrange.do	1	e	d	False	0.0	0.5	0.0	S		
1467	dlchd	2	0.009	2	lch	d		[d]lch:do	0	d	d	True	0.0	0.0	0.5	S		
1468	lsaiin	2	0.009	2	sa	iin		[l]sa:iterate.iterate.bind	0	i	n	True	0.0	0.0	0.0	S		
1469	otairor	2	0.009	2	ot	air	or	ot:yield.iterate.respond.arrange.respond	0	a	r	False	0.0	0.0	0.0	S		
1470	adam	2	0.009	2		ad	am	yield.do.yield.final	0	a	m	False	0.0	0.0	1.0	S		
1471	kechy	2	0.009	2	ke	y		ke:adjust.watch.end	0	c	y	True	0.0	0.0	0.0	S		
1472	cheed	2	0.009	2	ch	eed		ch:cool.cool.do	2	e	d	False	0.0	0.0	0.0	S		
1473	oleeey	2	0.009	2	ol	eee	y	ol:cool.cool.cool.end	3	e	y	False	0.0	0.0	0.0	S		
1474	daiindy	2	0.009	1	da	iin	dy	da:iterate.iterate.bind.do.end	0	i	y	True	0.0	0.0	0.0	S		
1475	qoeeody	2	0.009	2	qo	eeo	dy	qo:cool.cool.arrange.do.end	2	e	y	False	0.0	0.0	0.0	S		
1476	otcheey	2	0.009	2	ot	ee	y	ot:adjust.watch.cool.cool.end	2	c	y	True	0.0	0.0	0.5	S		
1477	dyteey	2	0.009	1		dytee	y	do.end.transfer.cool.cool.end	2	d	y	True	0.0	1.0	0.0	S		
1478	paiir	2	0.009	2		paii	r	pause.yield.iterate.iterate.respond	0	p	r	True	0.5	0.5	0.0	S		
1479	teedar	2	0.009	2	te	ed	ar	te:cool.do.yield.respond	1	e	r	False	0.0	0.0	0.0	S		
1480	ylkaiin	2	0.009	2	lk	aiin		[y]lk:yield.iterate.iterate.bind	0	a	n	False	0.0	0.0	0.0	S		
1481	ckheey	2	0.009	2		ckhee	y	adjust.heat.watch.cool.cool.end	2	c	y	True	0.0	0.0	0.0	S		
1482	airal	2	0.009	2		air	al	yield.iterate.respond.yield.state	0	a	l	False	0.0	0.0	0.5	S		
1483	chdedy	2	0.009	2	ch	de	dy	ch:do.cool.do.end	1	d	y	True	0.0	0.0	0.0	S		
1484	laiiin	2	0.009	2		lai	iin	state.yield.iterate.iterate.iterate.bind	0	l	n	True	0.0	0.0	0.0	S		
1485	aiidy	2	0.009	2		aii	dy	yield.iterate.iterate.do.end	0	a	y	False	0.0	0.0	0.0	S		
1486	opched	2	0.009	2		opched		arrange.pause.adjust.watch.cool.do	1	o	d	False	0.0	0.0	0.0	S		
1487	ksheeol	2	0.009	2	sh	ee	ol	[k]sh:cool.cool.arrange.state	2	e	l	False	0.0	0.0	0.0	S		
1488	qoeees	2	0.009	2	qo	eee	s	qo:cool.cool.cool.sequence	3	e	s	False	0.0	0.0	0.0	S		
1489	otos	2	0.009	2	ot	o	s	ot:arrange.sequence	0	o	s	False	0.0	0.0	0.0	S		
1490	qolkaiin	2	0.009	2	qo	lk	aiin	qo:state.heat.yield.iterate.iterate.bind	0	l	n	True	0.0	0.0	0.0	S		
1491	lkaiir	2	0.009	2	lk	aii	r	lk:yield.iterate.iterate.respond	0	a	r	False	0.0	0.0	0.0	S		
1492	kl	2	0.009	2		k	l	heat.state	0	k	l	False	0.0	0.0	0.0	S		
1493	poar	2	0.009	2	po	ar		po:yield.respond	0	a	r	False	1.0	1.0	0.0	S		
1494	qoair	2	0.009	2	qo	ai	r	qo:yield.iterate.respond	0	a	r	False	0.0	0.0	0.0	S		
1495	aildy	2	0.009	2		ail	dy	yield.iterate.state.do.end	0	a	y	False	0.0	0.0	1.0	S		
1496	oaiir	2	0.009	2		oaii	r	arrange.yield.iterate.iterate.respond	0	o	r	False	0.0	0.0	0.0	S		
1497	cheokey	2	0.009	2	ch	eoke	y	ch:cool.arrange.heat.cool.end	1	e	y	False	0.0	0.0	0.0	S		
1498	lchg	2	0.009	2	lch	g		lch:?	0	g	g	True	0.0	0.0	1.0	S		
1499	shosaiin	2	0.009	2	sh	os	aiin	sh:arrange.sequence.yield.iterate.iterate.bind	0	o	n	False	0.0	0.0	0.0	S		
1500	qochedy	2	0.009	2	qo	e	dy	qo:adjust.watch.cool.do.end	1	c	y	True	0.0	0.0	0.0	S		
1501	rody	2	0.009	2		ro	dy	respond.arrange.do.end	0	r	y	True	0.0	0.0	0.0	S		
1502	chlar	2	0.009	2	ch	l	ar	ch:state.yield.respond	0	l	r	True	0.0	0.0	0.5	S		
1503	kairam	2	0.009	2	ka	ir	am	ka:iterate.respond.yield.final	0	i	m	True	0.0	0.0	1.0	S		
1504	lkshey	2	0.009	2	lk	e	y	lk:sequence.watch.cool.end	1	s	y	True	0.0	0.0	0.0	S		
1505	oporaiin	2	0.009	2		opor	aiin	arrange.pause.arrange.respond.yield.iterate.iterate.bind	0	o	n	False	0.0	0.0	0.0	S		
1506	okalal	2	0.009	2	ok	al	al	ok:yield.state.yield.state	0	a	l	False	0.0	0.0	0.0	S		
1507	daiiral	2	0.009	2	da	iir	al	da:iterate.iterate.respond.yield.state	0	i	l	True	0.0	0.5	0.0	S		
1508	chopchy	2	0.009	1	ch	opch	y	ch:arrange.pause.adjust.watch.end	0	o	y	False	0.0	0.0	0.0	S		
1509	sheeodar	2	0.009	2	sh	eeod	ar	sh:cool.cool.arrange.do.yield.respond	2	e	r	False	0.0	0.5	0.0	S		
1510	keor	2	0.009	2	ke	or		ke:arrange.respond	0	o	r	False	0.0	0.0	0.0	S		
1511	lody	2	0.009	2		lo	dy	state.arrange.do.end	0	l	y	True	0.0	0.0	0.5	S		
1512	shkar	2	0.009	2	sh	k	ar	sh:heat.yield.respond	0	k	r	False	0.0	0.0	0.0	S		
1513	alo	2	0.009	2	al	o		al:arrange	0	o	o	False	0.0	0.0	0.0	S		
1514	dairy	2	0.009	2	da	i	ry	da:iterate.respond.end	0	i	y	True	0.0	0.0	1.0	S		
1515	shokar	2	0.009	2	sh	ok	ar	sh:arrange.heat.yield.respond	0	o	r	False	0.0	0.5	0.0	S		
1516	okarol	2	0.009	2	ok	ar	ol	ok:yield.respond.arrange.state	0	a	l	False	0.0	0.0	1.0	S		
1517	kshar	2	0.009	2	sh	ar		[k]sh:yield.respond	0	a	r	False	0.0	0.0	0.0	S		
1518	ko	2	0.009	1		ko		heat.arrange	0	k	o	False	0.5	0.5	0.0	S		
1519	chosaiin	2	0.009	2	ch	os	aiin	ch:arrange.sequence.yield.iterate.iterate.bind	0	o	n	False	0.0	0.0	0.5	S		
1520	kcheeor	2	0.009	2	kch	ee	or	kch:cool.cool.arrange.respond	2	e	r	False	0.0	0.0	0.0	S		
1521	cheokaiin	2	0.009	2	ch	eok	aiin	ch:cool.arrange.heat.yield.iterate.iterate.bind	1	e	n	False	0.0	0.0	0.0	S		
1522	chokchedy	2	0.009	2	ch	okche	dy	ch:arrange.heat.adjust.watch.cool.do.end	1	o	y	False	0.0	0.0	0.5	S		
1523	otaral	2	0.009	2	ot	ar	al	ot:yield.respond.yield.state	0	a	l	False	0.0	0.0	1.0	S		
1524	kais	2	0.009	2	ka	i	s	ka:iterate.sequence	0	i	s	True	0.0	0.0	0.0	S		
1525	lldy	2	0.009	2		ll	dy	state.state.do.end	0	l	y	True	0.0	0.0	1.0	S		
1526	pal	2	0.009	1		p	al	pause.yield.state	0	p	l	True	0.5	0.5	0.0	S		
1527	ycheain	2	0.009	2	ch	e	ain	[y]ch:cool.yield.iterate.bind	1	e	n	False	0.0	1.0	0.0	S		
1528	pairar	2	0.009	2		pair	ar	pause.yield.iterate.respond.yield.respond	0	p	r	True	1.0	1.0	0.0	S		
1529	alchor	2	0.009	2	al	or		al:adjust.watch.arrange.respond	0	c	r	True	0.0	0.0	0.0	S		
1530	pcholky	2	0.009	2	pch	olk	y	pch:arrange.state.heat.end	0	o	y	False	1.0	1.0	0.0	S		
1531	okeear	2	0.009	2	ok	ee	ar	ok:cool.cool.yield.respond	2	e	r	False	0.0	0.5	0.0	S		
1532	kalkal	2	0.009	2	ka	lk	al	ka:state.heat.yield.state	0	l	l	True	0.0	0.0	0.0	S		
1533	chtl	2	0.009	1	ch	t	l	ch:transfer.state	0	t	l	False	0.0	0.0	0.0	S		
1534	lty	2	0.009	2		lt	y	state.transfer.end	0	l	y	True	0.0	0.0	0.5	S		
1535	lcheor	2	0.009	2	lch	e	or	lch:cool.arrange.respond	1	e	r	False	0.0	0.0	0.0	S		
1536	poraiin	2	0.009	2	po	r	aiin	po:respond.yield.iterate.iterate.bind	0	r	n	True	1.0	1.0	0.0	S		
1537	lkedal	2	0.009	2	lk	ed	al	lk:cool.do.yield.state	1	e	l	False	0.0	0.0	0.0	S		
1538	chokchy	2	0.009	2	ch	okch	y	ch:arrange.heat.adjust.watch.end	0	o	y	False	0.0	0.0	0.0	S		
1539	qaiin	2	0.009	2		q	aiin	?.yield.iterate.iterate.bind	0	q	n	True	0.0	0.0	0.0	S		
1540	shchy	2	0.009	2	sh	y		sh:adjust.watch.end	0	c	y	True	0.0	0.0	0.0	S		
1541	lkeal	2	0.009	2	lk	e	al	lk:cool.yield.state	1	e	l	False	0.0	0.0	0.0	S		
1542	lchdain	2	0.009	2	lch	d	ain	lch:do.yield.iterate.bind	0	d	n	True	0.0	0.0	0.0	S		
1543	chokeedy	2	0.009	2	ch	okee	dy	ch:arrange.heat.cool.cool.do.end	2	o	y	False	0.0	0.0	0.5	S		
1544	okeedain	2	0.009	2	ok	eed	ain	ok:cool.cool.do.yield.iterate.bind	2	e	n	False	0.0	0.0	0.5	S		
1545	lokeey	2	0.009	2	ok	ee	y	[l]ok:cool.cool.end	2	e	y	False	0.0	0.0	0.0	S		
1546	dalkedy	2	0.009	2	da	lke	dy	da:state.heat.cool.do.end	1	l	y	True	0.0	0.0	0.0	S		
1547	otedain	2	0.009	2	ot	ed	ain	ot:cool.do.yield.iterate.bind	1	e	n	False	0.0	0.0	0.0	S		
1548	arain	2	0.009	2	ar	ain		ar:yield.iterate.bind	0	a	n	False	0.0	0.0	0.0	S		
1549	keedain	2	0.009	2	ke	ed	ain	ke:cool.do.yield.iterate.bind	1	e	n	False	0.0	0.0	0.0	S		
1550	sholkeedy	2	0.009	1	sh	olkee	dy	sh:arrange.state.heat.cool.cool.do.end	2	o	y	False	0.0	0.0	0.0	S		
1551	qokeeos	2	0.009	2	qo	keeo	s	qo:heat.cool.cool.arrange.sequence	2	k	s	False	0.0	0.0	0.0	S		
1552	oteedain	2	0.009	2	ot	eed	ain	ot:cool.cool.do.yield.iterate.bind	2	e	n	False	0.0	0.0	0.0	S		
1553	lcheal	2	0.009	1	lch	e	al	lch:cool.yield.state	1	e	l	False	0.0	0.0	0.0	S		
1554	chokeol	2	0.009	2	ch	oke	ol	ch:arrange.heat.cool.arrange.state	1	o	l	False	0.0	0.0	0.0	S		
1555	checkhed	2	0.009	2	ch	eckhed		ch:cool.adjust.heat.watch.cool.do	1	e	d	False	0.0	0.0	0.0	S		
1556	lkedain	2	0.009	2	lk	ed	ain	lk:cool.do.yield.iterate.bind	1	e	n	False	0.0	0.0	0.0	S		
1557	cheokedy	2	0.009	2	ch	eoke	dy	ch:cool.arrange.heat.cool.do.end	1	e	y	False	0.0	0.0	0.0	S		
1558	shkaiin	2	0.009	2	sh	k	aiin	sh:heat.yield.iterate.iterate.bind	0	k	n	False	0.0	0.0	0.0	S		
1559	pchdam	2	0.009	2	pch	d	am	pch:do.yield.final	0	d	m	True	0.0	0.0	1.0	S		
1560	soaiin	2	0.009	2	so	aiin		so:yield.iterate.iterate.bind	0	a	n	False	0.0	1.0	0.0	S		
1561	chtar	2	0.009	2	ch	t	ar	ch:transfer.yield.respond	0	t	r	False	0.0	0.0	0.0	S		
1562	teed	2	0.009	1	te	ed		te:cool.do	1	e	d	False	0.0	0.0	0.0	S		
1563	lfchedy	2	0.009	2	fch	e	dy	[l]fch:cool.do.end	1	e	y	False	0.0	0.0	0.0	S		
1564	qoteal	2	0.009	2	qo	te	al	qo:transfer.cool.yield.state	1	t	l	False	0.0	0.0	0.5	S		
1565	chan	2	0.009	1	ch	an		ch:yield.bind	0	a	n	False	0.0	0.0	0.0	S		
1566	polar	2	0.009	2	po	l	ar	po:state.yield.respond	0	l	r	True	0.5	1.0	0.0	S		
1567	tarol	2	0.009	2	ta	r	ol	ta:respond.arrange.state	0	r	l	True	0.0	0.0	0.0	S		
1568	chotam	2	0.009	2	ch	ot	am	ch:arrange.transfer.yield.final	0	o	m	False	0.0	0.0	1.0	S		
1569	skaiin	2	0.009	2	ka	iin		[s]ka:iterate.iterate.bind	0	i	n	True	0.0	0.0	0.0	S		
1570	oteedal	2	0.009	2	ot	eed	al	ot:cool.cool.do.yield.state	2	e	l	False	0.0	0.0	0.0	S		
1571	olkeear	2	0.009	1	ol	kee	ar	ol:heat.cool.cool.yield.respond	2	k	r	False	0.0	0.0	0.0	S		
1572	octhdy	2	0.009	2		octh	dy	arrange.adjust.transfer.watch.do.end	0	o	y	False	0.0	0.0	0.5	S		
1573	shckhhy	2	0.009	2	sh	ckhh	y	sh:adjust.heat.watch.watch.end	0	c	y	True	0.0	0.0	0.0	S		
1574	chcfhy	2	0.009	2	ch	cfh	y	ch:adjust.flag.watch.end	0	c	y	True	0.0	0.0	0.0	S		
1575	ykeedain	2	0.009	1	yk	eed	ain	yk:cool.cool.do.yield.iterate.bind	2	e	n	False	0.0	0.5	0.0	S		
1576	ychedal	2	0.009	2	ch	ed	al	[y]ch:cool.do.yield.state	1	e	l	False	0.0	1.0	0.0	S		
1577	polor	2	0.009	2	po	l	or	po:state.arrange.respond	0	l	r	True	1.0	1.0	0.0	S		
1578	checkhol	2	0.009	2	ch	eckh	ol	ch:cool.adjust.heat.watch.arrange.state	1	e	l	False	0.0	0.0	0.0	S		
1579	otechy	2	0.009	2	ot	ech	y	ot:cool.adjust.watch.end	1	e	y	False	0.0	0.0	0.0	S		
1580	ycheod	2	0.009	2	ch	eod		[y]ch:cool.arrange.do	1	e	d	False	0.0	1.0	0.5	S		
1581	cheoaiin	2	0.009	2	ch	eo	aiin	ch:cool.arrange.yield.iterate.iterate.bind	1	e	n	False	0.0	0.0	0.0	S		
1582	shokchy	2	0.009	2	sh	okch	y	sh:arrange.heat.adjust.watch.end	0	o	y	False	0.0	0.0	0.5	S		
1583	kcheey	2	0.009	1	kch	ee	y	kch:cool.cool.end	2	e	y	False	0.0	0.0	0.0	S		
1584	lodar	2	0.009	2		lod	ar	state.arrange.do.yield.respond	0	l	r	True	0.0	0.0	0.5	S		
1585	shkchedy	2	0.009	2	sh	kche	dy	sh:heat.adjust.watch.cool.do.end	1	k	y	False	0.0	0.0	0.0	S		
1586	dsheo	2	0.009	2	sh	eo		[d]sh:cool.arrange	1	e	o	False	0.0	1.0	0.0	S		
1587	cholkeedy	2	0.009	2	ch	olkee	dy	ch:arrange.state.heat.cool.cool.do.end	2	o	y	False	0.0	0.0	0.0	S		
1588	lkches	2	0.009	2	lk	e	s	lk:adjust.watch.cool.sequence	1	c	s	True	0.0	0.0	0.0	S		
1589	kcheor	2	0.009	2	kch	e	or	kch:cool.arrange.respond	1	e	r	False	0.5	0.5	0.0	S		
1590	qokaram	2	0.009	2	qo	kar	am	qo:heat.yield.respond.yield.final	0	k	m	False	0.0	0.0	1.0	S		
1591	pcheos	2	0.009	1	pch	eo	s	pch:cool.arrange.sequence	1	e	s	False	0.5	0.5	0.0	S		
1592	okchedam	2	0.009	2	ok	ed	am	ok:adjust.watch.cool.do.yield.final	1	c	m	True	0.0	0.0	0.5	S		
1593	qodair	2	0.009	2	qo	dai	r	qo:do.yield.iterate.respond	0	d	r	True	0.0	0.0	0.0	S		
1594	cheedain	2	0.009	2	ch	eed	ain	ch:cool.cool.do.yield.iterate.bind	2	e	n	False	0.0	0.0	0.0	S		
1595	qotcho	2	0.009	2	qo	tcho		qo:transfer.adjust.watch.arrange	0	t	o	False	0.0	0.0	0.0	S		
1596	chedaiiin	2	0.009	2	ch	edai	iin	ch:cool.do.yield.iterate.iterate.iterate.bind	1	e	n	False	0.0	0.0	0.5	S		
1597	olkees	2	0.009	2	ol	kee	s	ol:heat.cool.cool.sequence	2	k	s	False	0.0	0.5	0.0	S		
1598	qokod	2	0.009	1	qo	kod		qo:heat.arrange.do	0	k	d	False	0.0	0.0	0.0	S		
1599	qopcheos	2	0.009	1	qo	pcheo	s	qo:pause.adjust.watch.cool.arrange.sequence	1	p	s	True	0.0	0.0	0.0	S		
1600	chotchdy	2	0.009	1	ch	otch	dy	ch:arrange.transfer.adjust.watch.do.end	0	o	y	False	0.0	0.0	0.5	S		
1601	qos	2	0.009	2	qo	s		qo:sequence	0	s	s	True	0.0	0.0	0.0	S		
1602	rodam	2	0.009	1		rod	am	respond.arrange.do.yield.final	0	r	m	True	0.0	0.0	1.0	S		
1603	chll	2	0.009	1	ch	l	l	ch:state.state	0	l	l	True	0.0	0.0	0.0	S		
1604	psheoky	1	0.004	1	sh	eok	y	[p]sh:cool.arrange.heat.end	1	e	y	False	1.0	1.0	0.0	H		
1605	odaiir	1	0.004	1		odaii	r	arrange.do.yield.iterate.iterate.respond	0	o	r	False	0.0	0.0	0.0	H		
1606	ofseod	1	0.004	1		ofseod		arrange.flag.sequence.cool.arrange.do	1	o	d	False	0.0	0.0	0.0	H		
1607	chypchey	1	0.004	1	ch	ypche	y	ch:end.pause.adjust.watch.cool.end	1	y	y	True	0.0	0.0	0.0	H		
1608	chofochcphdy	1	0.004	1	ch	ofochcph	dy	ch:arrange.flag.arrange.adjust.watch.adjust.pause.watch.do.end	0	o	y	False	0.0	0.0	1.0	H		
1609	adeeody	1	0.004	1		adeeo	dy	yield.do.cool.cool.arrange.do.end	2	a	y	False	0.0	0.0	0.0	H		
1610	ykecthhy	1	0.004	1	yk	ecthh	y	yk:cool.adjust.transfer.watch.watch.end	1	e	y	False	0.0	0.0	0.0	H		
1611	eteeda	1	0.004	1		eteeda		cool.transfer.cool.cool.do.yield	2	e	a	False	0.0	0.0	0.0	H		
1612	gal	1	0.004	1		g	al	?.yield.state	0	g	l	True	0.0	0.0	0.0	H		
1613	haiin	1	0.004	1		h	aiin	watch.yield.iterate.iterate.bind	0	h	n	True	0.0	1.0	0.0	H		
1614	schy	1	0.004	1	sch	y		sch:end	0	y	y	True	0.0	0.0	0.0	H		
1615	pcho	1	0.004	1	pch	o		pch:arrange	0	o	o	False	1.0	1.0	0.0	H		
1616	ypchseds	1	0.004	1	pch	sed	s	[y]pch:sequence.cool.do.sequence	1	s	s	True	0.0	0.0	0.0	H		
1617	shapchedyfeey	1	0.004	1	sh	apchedyfee	y	sh:yield.pause.adjust.watch.cool.do.end.flag.cool.cool.end	2	a	y	False	0.0	0.0	0.0	H		
1618	geedy	1	0.004	1		gee	dy	?.cool.cool.do.end	2	g	y	True	0.0	0.0	0.0	H		
1619	shese	1	0.004	1	sh	ese		sh:cool.sequence.cool	1	e	e	False	0.0	1.0	0.0	H		
1620	qodary	1	0.004	1	qo	da	ry	qo:do.yield.respond.end	0	d	y	True	0.0	0.0	0.0	H		
1621	pcheety	1	0.004	1	pch	eet	y	pch:cool.cool.transfer.end	2	e	y	False	0.0	0.0	0.0	H		
1622	saraiir	1	0.004	1	sa	raii	r	sa:respond.yield.iterate.iterate.respond	0	r	r	True	0.0	1.0	0.0	H		
1623	etedy	1	0.004	1		ete	dy	cool.transfer.cool.do.end	1	e	y	False	0.0	0.0	0.0	H		
1624	aree	1	0.004	1	ar	ee		ar:cool.cool	2	e	e	False	0.0	0.0	0.0	H		
1625	alys	1	0.004	1	al	y	s	al:end.sequence	0	y	s	True	0.0	0.0	0.0	H		
1626	yckheody	1	0.004	1		yckheo	dy	end.adjust.heat.watch.cool.arrange.do.end	1	y	y	True	0.0	1.0	0.0	H		
1627	saldy	1	0.004	1	sa	l	dy	sa:state.do.end	0	l	y	True	0.0	0.0	0.0	H		
1628	eeeos	1	0.004	1		eeeo	s	cool.cool.cool.arrange.sequence	3	e	s	False	0.0	0.0	0.0	H		
1629	deeol	1	0.004	1	de	e	ol	de:cool.arrange.state	1	e	l	False	1.0	1.0	0.0	H		
1630	eeeody	1	0.004	1		eeeo	dy	cool.cool.cool.arrange.do.end	3	e	y	False	0.0	0.0	0.0	H		
1631	toeedy	1	0.004	1	to	ee	dy	to:cool.cool.do.end	2	e	y	False	0.0	1.0	0.0	H		
1632	cheoet	1	0.004	1	ch	eoet		ch:cool.arrange.cool.transfer	1	e	t	False	0.0	0.0	0.0	H		
1633	chkeeey	1	0.004	1	ch	keee	y	ch:heat.cool.cool.cool.end	3	k	y	False	0.0	0.0	0.0	H		
1634	ysaiin	1	0.004	1	sa	iin		[y]sa:iterate.iterate.bind	0	i	n	True	0.0	0.0	0.0	H		
1635	qokes	1	0.004	1	qo	ke	s	qo:heat.cool.sequence	1	k	s	False	0.0	0.0	0.0	H		
1636	shodypshey	1	0.004	1	sh	odypshe	y	sh:arrange.do.end.pause.sequence.watch.cool.end	1	o	y	False	0.0	0.0	0.0	H		
1637	todydy	1	0.004	1	to	dy	dy	to:do.end.do.end	0	d	y	True	0.0	0.0	1.0	H		
1638	keedey	1	0.004	1	ke	ede	y	ke:cool.do.cool.end	1	e	y	False	1.0	1.0	0.0	H		
1639	qokeefcy	1	0.004	1	qo	keefc	y	qo:heat.cool.cool.flag.adjust.end	2	k	y	False	0.0	0.0	0.0	H		
1640	chepakeo	1	0.004	1	ch	epakeo		ch:cool.pause.yield.heat.cool.arrange	1	e	o	False	0.0	0.0	1.0	H		
1641	qef	1	0.004	1		qef		?.cool.flag	1	q	f	True	0.0	0.0	1.0	H		
1642	lk	1	0.004	1		lk		state.heat	0	l	k	True	0.0	0.0	0.0	H		
1643	sheoody	1	0.004	1	sh	eoo	dy	sh:cool.arrange.arrange.do.end	1	e	y	False	0.0	0.0	0.0	H		
1644	tshokeody	1	0.004	1	sh	okeo	dy	[t]sh:arrange.heat.cool.arrange.do.end	1	o	y	False	1.0	1.0	0.0	H		
1645	ykeedar	1	0.004	1	yk	eed	ar	yk:cool.cool.do.yield.respond	2	e	r	False	0.0	1.0	0.0	H		
1646	shso	1	0.004	1	sh	so		sh:sequence.arrange	0	s	o	True	0.0	0.0	0.0	H		
1647	shedshey	1	0.004	1	sh	edshe	y	sh:cool.do.sequence.watch.cool.end	1	e	y	False	0.0	0.0	1.0	H		
1648	dals	1	0.004	1	da	l	s	da:state.sequence	0	l	s	True	0.0	0.0	1.0	H		
1649	yshedair	1	0.004	1	sh	edai	r	[y]sh:cool.do.yield.iterate.respond	1	e	r	False	0.0	1.0	0.0	H		
1650	aiicthy	1	0.004	1		aiicth	y	yield.iterate.iterate.adjust.transfer.watch.end	0	a	y	False	0.0	0.0	1.0	H		
1651	dkarar	1	0.004	1	ka	r	ar	[d]ka:respond.yield.respond	0	r	r	True	0.0	0.0	0.0	H		
1652	ytchos	1	0.004	1	tch	o	s	[y]tch:arrange.sequence	0	o	s	False	0.0	1.0	0.0	H		
1653	cheeoy	1	0.004	1	ch	eeo	y	ch:cool.cool.arrange.end	2	e	y	False	0.0	0.0	0.0	H		
1654	eeecfhy	1	0.004	1		eeecfh	y	cool.cool.cool.adjust.flag.watch.end	3	e	y	False	0.0	0.0	0.0	H		
1655	chefchol	1	0.004	1	ch	efch	ol	ch:cool.flag.adjust.watch.arrange.state	1	e	l	False	0.0	0.0	0.0	H		
1656	olteedam	1	0.004	1	ol	teed	am	ol:transfer.cool.cool.do.yield.final	2	t	m	False	0.0	1.0	0.0	H		
1657	cheokar	1	0.004	1	ch	eok	ar	ch:cool.arrange.heat.yield.respond	1	e	r	False	0.0	0.0	0.0	H		
1658	chee	1	0.004	1	ch	ee		ch:cool.cool	2	e	e	False	0.0	0.0	0.0	H		
1659	ychek	1	0.004	1	ch	ek		[y]ch:cool.heat	1	e	k	False	0.0	0.0	0.0	H		
1660	eeor	1	0.004	1		ee	or	cool.cool.arrange.respond	2	e	r	False	0.0	0.0	0.0	H		
1661	okechoked	1	0.004	1	ok	echoked		ok:cool.adjust.watch.arrange.heat.cool.do	1	e	d	False	0.0	0.0	0.0	H		
1662	ytecheol	1	0.004	1	te	e	ol	[y]te:adjust.watch.cool.arrange.state	1	c	l	True	0.0	1.0	0.0	H		
1663	sheoeky	1	0.004	1	sh	eoek	y	sh:cool.arrange.cool.heat.end	1	e	y	False	0.0	0.0	0.0	H		
1664	okeos	1	0.004	1	ok	eo	s	ok:cool.arrange.sequence	1	e	s	False	0.0	0.0	0.0	H		
1665	acthedy	1	0.004	1		acthe	dy	yield.adjust.transfer.watch.cool.do.end	1	a	y	False	0.0	0.0	0.0	H		
1666	chetchey	1	0.004	1	ch	etche	y	ch:cool.transfer.adjust.watch.cool.end	1	e	y	False	0.0	0.0	0.0	H		
1667	seoar	1	0.004	1	se	o	ar	se:arrange.yield.respond	0	o	r	False	0.0	0.0	0.0	H		
1668	oeeeos	1	0.004	1		oeeeo	s	arrange.cool.cool.cool.arrange.sequence	3	o	s	False	0.0	0.0	0.0	H		
1669	ekeey	1	0.004	1		ekee	y	cool.heat.cool.cool.end	2	e	y	False	0.0	0.0	0.0	H		
1670	ckheos	1	0.004	1		ckheo	s	adjust.heat.watch.cool.arrange.sequence	1	c	s	True	0.0	0.0	0.0	H		
1671	tshdar	1	0.004	1	sh	d	ar	[t]sh:do.yield.respond	0	d	r	True	1.0	1.0	0.0	H		
1672	shdor	1	0.004	1	sh	d	or	sh:do.arrange.respond	0	d	r	True	0.0	0.0	0.0	H		
1673	shepchdy	1	0.004	1	sh	epch	dy	sh:cool.pause.adjust.watch.do.end	1	e	y	False	0.0	0.0	0.0	H		
1674	cphody	1	0.004	1		cpho	dy	adjust.pause.watch.arrange.do.end	0	c	y	True	0.0	0.0	0.0	H		
1675	yfoldy	1	0.004	1		yfol	dy	end.flag.arrange.state.do.end	0	y	y	True	0.0	0.0	0.0	H		
1676	qofockhdy	1	0.004	1	qo	fockh	dy	qo:flag.arrange.adjust.heat.watch.do.end	0	f	y	True	0.0	0.0	0.0	H		
1677	lfchdy	1	0.004	1	fch	dy		[l]fch:do.end	0	d	y	True	0.0	0.0	0.0	H		
1678	oldor	1	0.004	1	ol	d	or	ol:do.arrange.respond	0	d	r	True	0.0	0.0	0.0	H		
1679	otardam	1	0.004	1	ot	ard	am	ot:yield.respond.do.yield.final	0	a	m	False	0.0	0.0	1.0	H		
1680	chechdaiin	1	0.004	1	ch	echd	aiin	ch:cool.adjust.watch.do.yield.iterate.iterate.bind	1	e	n	False	0.0	0.0	0.0	H		
1681	alaiiin	1	0.004	1	al	ai	iin	al:yield.iterate.iterate.iterate.bind	0	a	n	False	0.0	0.0	0.0	H		
1682	qakar	1	0.004	1		qak	ar	?.yield.heat.yield.respond	0	q	r	True	0.0	0.0	0.0	H		
1683	tchedydy	1	0.004	1	tch	edy	dy	tch:cool.do.end.do.end	1	e	y	False	0.0	0.0	0.0	H		
1684	cheekaiin	1	0.004	1	ch	eek	aiin	ch:cool.cool.heat.yield.iterate.iterate.bind	2	e	n	False	0.0	0.0	0.0	H		
1685	dolr	1	0.004	1	do	l	r	do:state.respond	0	l	r	True	0.0	0.0	0.0	H		
1686	okardy	1	0.004	1	ok	ar	dy	ok:yield.respond.do.end	0	a	y	False	0.0	0.0	0.0	H		
1687	komdy	1	0.004	1	ko	m	dy	ko:final.do.end	0	m	y	True	0.0	0.0	1.0	H		
1688	dodl	1	0.004	1	do	d	l	do:do.state	0	d	l	True	0.0	0.0	0.0	H		
1689	shckhdy	1	0.004	1	sh	ckh	dy	sh:adjust.heat.watch.do.end	0	c	y	True	0.0	0.0	0.0	H		
1690	chdyshdy	1	0.004	1	ch	dysh	dy	ch:do.end.sequence.watch.do.end	0	d	y	True	0.0	0.0	0.0	H		
1691	porar	1	0.004	1	po	r	ar	po:respond.yield.respond	0	r	r	True	0.0	0.0	1.0	H		
1692	darar	1	0.004	1	da	r	ar	da:respond.yield.respond	0	r	r	True	0.0	1.0	0.0	H		
1693	lchoar	1	0.004	1	lch	o	ar	lch:arrange.yield.respond	0	o	r	False	0.0	1.0	0.0	H		
1694	pcheoepchy	1	0.004	1	pch	eoepch	y	pch:cool.arrange.cool.pause.adjust.watch.end	1	e	y	False	1.0	1.0	0.0	H		
1695	yfody	1	0.004	1		yfo	dy	end.flag.arrange.do.end	0	y	y	True	0.0	0.0	0.0	H		
1696	okedody	1	0.004	1	ok	edo	dy	ok:cool.do.arrange.do.end	1	e	y	False	0.0	0.0	0.0	H		
1697	ololdy	1	0.004	1	ol	ol	dy	ol:arrange.state.do.end	0	o	y	False	0.0	0.0	0.0	H		
1698	octhede	1	0.004	1		octhede		arrange.adjust.transfer.watch.cool.do.cool	1	o	e	False	0.0	0.0	0.0	H		
1699	oltey	1	0.004	1	ol	te	y	ol:transfer.cool.end	1	t	y	False	0.0	0.0	0.0	H		
1700	chyty	1	0.004	1	ch	yt	y	ch:end.transfer.end	0	y	y	True	0.0	0.0	0.0	H		
1701	oltchedy	1	0.004	1	ol	tche	dy	ol:transfer.adjust.watch.cool.do.end	1	t	y	False	0.0	0.0	0.0	H		
1702	okes	1	0.004	1	ok	e	s	ok:cool.sequence	1	e	s	False	0.0	0.0	0.0	H		
1703	ykeedl	1	0.004	1	yk	eed	l	yk:cool.cool.do.state	2	e	l	False	0.0	0.0	0.0	H		
1704	fchs	1	0.004	1	fch	s		fch:sequence	0	s	s	True	0.0	0.0	0.0	H		
1705	amg	1	0.004	1		am	g	yield.final.?	0	a	g	False	0.0	0.0	1.0	H		
1706	ykcheg	1	0.004	1	yk	e	g	yk:adjust.watch.cool.?	1	c	g	True	0.0	0.0	0.0	H		
1707	olk	1	0.004	1	ol	k		ol:heat	0	k	k	False	0.0	0.0	0.0	H		
1708	ysair	1	0.004	1	sa	i	r	[y]sa:iterate.respond	0	i	r	True	0.0	0.0	0.0	H		
1709	chct	1	0.004	1	ch	ct		ch:adjust.transfer	0	c	t	True	0.0	0.0	0.0	H		
1710	orlchey	1	0.004	1	or	lche	y	or:state.adjust.watch.cool.end	1	l	y	True	0.0	0.0	0.0	H		
1711	todaly	1	0.004	1	to	da	ly	to:do.yield.state.end	0	d	y	True	0.0	0.0	0.0	H		
1712	dardy	1	0.004	1	da	r	dy	da:respond.do.end	0	r	y	True	0.0	0.0	1.0	H		
1713	olchckhy	1	0.004	1	ol	ckh	y	ol:adjust.watch.adjust.heat.watch.end	0	c	y	True	0.0	0.0	0.0	H		
1714	chefalas	1	0.004	1	ch	efala	s	ch:cool.flag.yield.state.yield.sequence	1	e	s	False	0.0	0.0	1.0	H		
1715	kaldaiin	1	0.004	1	ka	ld	aiin	ka:state.do.yield.iterate.iterate.bind	0	l	n	True	0.0	0.0	0.0	H		
1716	cthdaly	1	0.004	1	ct	hda	ly	ct:watch.do.yield.state.end	0	h	y	True	0.0	0.0	0.0	H		
1717	ked	1	0.004	1	ke	d		ke:do	0	d	d	True	0.0	0.0	0.0	H		
1718	cheolchcthy	1	0.004	1	ch	eolchcth	y	ch:cool.arrange.state.adjust.watch.adjust.transfer.watch.end	1	e	y	False	0.0	0.0	1.0	H		
1719	kschdy	1	0.004	1	sch	dy		[k]sch:do.end	0	d	y	True	1.0	1.0	0.0	H		
1720	shdydy	1	0.004	1	sh	dy	dy	sh:do.end.do.end	0	d	y	True	0.0	0.0	0.0	H		
1721	chdalchdy	1	0.004	1	ch	dalch	dy	ch:do.yield.state.adjust.watch.do.end	0	d	y	True	0.0	0.0	0.0	H		
1722	spaiin	1	0.004	1		sp	aiin	sequence.pause.yield.iterate.iterate.bind	0	s	n	True	0.0	0.0	1.0	H		
1723	loees	1	0.004	1		loee	s	state.arrange.cool.cool.sequence	2	l	s	True	0.0	0.0	0.0	H		
1724	seor	1	0.004	1	se	or		se:arrange.respond	0	o	r	False	0.0	0.0	0.0	H		
1725	kedaiiin	1	0.004	1	ke	dai	iin	ke:do.yield.iterate.iterate.iterate.bind	0	d	n	True	0.0	0.0	0.0	H		
1726	dasam	1	0.004	1	da	s	am	da:sequence.yield.final	0	s	m	True	0.0	0.0	1.0	H		
1727	qoldar	1	0.004	1	qo	ld	ar	qo:state.do.yield.respond	0	l	r	True	0.0	0.0	0.0	H		
1728	lshaiir	1	0.004	1	lsh	aii	r	lsh:yield.iterate.iterate.respond	0	a	r	False	0.0	1.0	0.0	H		
1729	dykey	1	0.004	1	yk	e	y	[d]yk:cool.end	1	e	y	False	0.0	0.0	0.0	H		
1730	chekaly	1	0.004	1	ch	eka	ly	ch:cool.heat.yield.state.end	1	e	y	False	0.0	0.0	0.0	H		
1731	seear	1	0.004	1	se	e	ar	se:cool.yield.respond	1	e	r	False	0.0	0.0	0.0	H		
1732	ypchdaiin	1	0.004	1	pch	d	aiin	[y]pch:do.yield.iterate.iterate.bind	0	d	n	True	0.0	0.0	0.0	H		
1733	ysheos	1	0.004	1	sh	eo	s	[y]sh:cool.arrange.sequence	1	e	s	False	0.0	1.0	0.0	H		
1734	choraiin	1	0.004	1	ch	or	aiin	ch:arrange.respond.yield.iterate.iterate.bind	0	o	n	False	0.0	0.0	0.0	H		
1735	yshos	1	0.004	1	sh	o	s	[y]sh:arrange.sequence	0	o	s	False	0.0	1.0	0.0	H		
1736	okoy	1	0.004	1	ok	o	y	ok:arrange.end	0	o	y	False	0.0	0.0	0.0	H		
1737	chshd	1	0.004	1	ch	d		ch:sequence.watch.do	0	s	d	True	0.0	0.0	0.0	H		
1738	cphhofy	1	0.004	1		cphhof	y	adjust.pause.watch.watch.arrange.flag.end	0	c	y	True	0.0	0.0	0.0	H		
1739	fsey	1	0.004	1	se	y		[f]se:end	0	y	y	True	0.0	0.0	0.0	H		
1740	cheepaiin	1	0.004	1	ch	eep	aiin	ch:cool.cool.pause.yield.iterate.iterate.bind	2	e	n	False	0.0	0.0	0.0	H		
1741	koly	1	0.004	1	ko	ly		ko:state.end	0	l	y	True	0.0	0.0	0.0	H		
1742	chckshy	1	0.004	1	ch	cksh	y	ch:adjust.heat.sequence.watch.end	0	c	y	True	0.0	0.0	0.0	H		
1743	dold	1	0.004	1	do	ld		do:state.do	0	l	d	True	0.0	0.0	1.0	H		
1744	tohedy	1	0.004	1	to	he	dy	to:watch.cool.do.end	1	h	y	True	0.0	1.0	0.0	H		
1745	shckhdchy	1	0.004	1	sh	ckhdch	y	sh:adjust.heat.watch.do.adjust.watch.end	0	c	y	True	0.0	0.0	0.0	H		
1746	ordy	1	0.004	1	or	dy		or:do.end	0	d	y	True	0.0	0.0	0.0	H		
1747	okalcheg	1	0.004	1	ok	alche	g	ok:yield.state.adjust.watch.cool.?	1	a	g	False	0.0	0.0	1.0	H		
1748	dydy	1	0.004	1		dy	dy	do.end.do.end	0	d	y	True	0.0	0.0	0.0	H		
1749	opchekaiin	1	0.004	1		opchek	aiin	arrange.pause.adjust.watch.cool.heat.yield.iterate.iterate.bind	1	o	n	False	0.0	0.0	0.0	H		
1750	shockhchy	1	0.004	1	sh	ockhch	y	sh:arrange.adjust.heat.watch.adjust.watch.end	0	o	y	False	0.0	0.0	0.0	H		
1751	shdalo	1	0.004	1	sh	dalo		sh:do.yield.state.arrange	0	d	o	True	0.0	0.0	0.0	H		
1752	eeesaiin	1	0.004	1		eees	aiin	cool.cool.cool.sequence.yield.iterate.iterate.bind	3	e	n	False	0.0	0.0	1.0	H		
1753	chcfhhy	1	0.004	1	ch	cfhh	y	ch:adjust.flag.watch.watch.end	0	c	y	True	0.0	0.0	0.0	H		
1754	dairom	1	0.004	1	da	ir	om	da:iterate.respond.arrange.final	0	i	m	True	0.0	0.0	1.0	H		
1755	ykeols	1	0.004	1	yk	eol	s	yk:cool.arrange.state.sequence	1	e	s	False	0.0	0.0	0.0	H		
1756	qockhdy	1	0.004	1	qo	ckh	dy	qo:adjust.heat.watch.do.end	0	c	y	True	0.0	0.0	0.0	H		
1757	syky	1	0.004	1	yk	y		[s]yk:end	0	y	y	True	0.0	0.0	1.0	H		
1758	qokaldar	1	0.004	1	qo	kald	ar	qo:heat.yield.state.do.yield.respond	0	k	r	False	0.0	0.0	0.0	H		
1759	tolchdaiin	1	0.004	1	to	lchd	aiin	to:state.adjust.watch.do.yield.iterate.iterate.bind	0	l	n	True	0.0	1.0	0.0	H		
1760	sheolkedy	1	0.004	1	sh	eolke	dy	sh:cool.arrange.state.heat.cool.do.end	1	e	y	False	0.0	0.0	0.0	H		
1761	chekl	1	0.004	1	ch	ek	l	ch:cool.heat.state	1	e	l	False	0.0	0.0	0.0	H		
1762	dld	1	0.004	1		dld		do.state.do	0	d	d	True	0.0	0.0	0.0	H		
1763	ador	1	0.004	1		ad	or	yield.do.arrange.respond	0	a	r	False	0.0	0.0	0.0	H		
1764	ofcheefar	1	0.004	1		ofcheef	ar	arrange.flag.adjust.watch.cool.cool.flag.yield.respond	2	o	r	False	0.0	0.0	1.0	H		
1765	ykdy	1	0.004	1	yk	dy		yk:do.end	0	d	y	True	0.0	0.0	1.0	H		
1766	pdair	1	0.004	1	da	i	r	[p]da:iterate.respond	0	i	r	True	1.0	1.0	0.0	H		
1767	fdykain	1	0.004	1		fdyk	ain	flag.do.end.heat.yield.iterate.bind	0	f	n	True	0.0	0.0	0.0	H		
1768	sheykaiiin	1	0.004	1	sh	eykai	iin	sh:cool.end.heat.yield.iterate.iterate.iterate.bind	1	e	n	False	0.0	0.0	0.0	H		
1769	oshdy	1	0.004	1		osh	dy	arrange.sequence.watch.do.end	0	o	y	False	0.0	0.0	1.0	H		
1770	okaiifchody	1	0.004	1	ok	aiifcho	dy	ok:yield.iterate.iterate.flag.adjust.watch.arrange.do.end	0	a	y	False	0.0	0.0	0.0	H		
1771	ytodaiin	1	0.004	1	to	d	aiin	[y]to:do.yield.iterate.iterate.bind	0	d	n	True	0.0	0.0	0.0	H		
1772	ytedykor	1	0.004	1	te	dyk	or	[y]te:do.end.heat.arrange.respond	0	d	r	True	0.0	1.0	0.0	H		
1773	ckhol	1	0.004	1		ckh	ol	adjust.heat.watch.arrange.state	0	c	l	True	0.0	0.0	0.0	H		
1774	shorqoy	1	0.004	1	sh	orqo	y	sh:arrange.respond.?.arrange.end	0	o	y	False	0.0	0.0	0.0	H		
1775	ckhcfhhy	1	0.004	1		ckhcfhh	y	adjust.heat.watch.adjust.flag.watch.watch.end	0	c	y	True	0.0	0.0	0.0	H		
1776	pardy	1	0.004	1	ar	dy		[p]ar:do.end	0	d	y	True	1.0	1.0	0.0	H		
1777	oraly	1	0.004	1	or	a	ly	or:yield.state.end	0	a	y	False	0.0	0.0	0.0	H		
1778	oekar	1	0.004	1		oek	ar	arrange.cool.heat.yield.respond	1	o	r	False	0.0	1.0	0.0	H		
1779	ydam	1	0.004	1	da	m		[y]da:final	0	m	m	True	0.0	0.0	0.0	H		
1780	kshy	1	0.004	1	sh	y		[k]sh:end	0	y	y	True	0.0	0.0	0.0	H		
1781	olchef	1	0.004	1	ol	ef		ol:adjust.watch.cool.flag	1	c	f	True	0.0	0.0	1.0	H		
1782	daiiiny	1	0.004	1	da	iiin	y	da:iterate.iterate.iterate.bind.end	0	i	y	True	0.0	0.0	1.0	H		
1783	cholody	1	0.004	1	ch	olo	dy	ch:arrange.state.arrange.do.end	0	o	y	False	0.0	0.0	1.0	H		
1784	aldydy	1	0.004	1	al	dy	dy	al:do.end.do.end	0	d	y	True	0.0	0.0	0.0	H		
1785	ordaiin	1	0.004	1	or	d	aiin	or:do.yield.iterate.iterate.bind	0	d	n	True	0.0	0.0	1.0	H		
1786	okos	1	0.004	1	ok	o	s	ok:arrange.sequence	0	o	s	False	0.0	0.0	0.0	H		
1787	aralos	1	0.004	1	ar	alo	s	ar:yield.state.arrange.sequence	0	a	s	False	0.0	0.0	1.0	H		
1788	okolchy	1	0.004	1	ok	olch	y	ok:arrange.state.adjust.watch.end	0	o	y	False	0.0	0.0	0.0	H		
1789	chekody	1	0.004	1	ch	eko	dy	ch:cool.heat.arrange.do.end	1	e	y	False	0.0	0.0	0.0	H		
1790	lokar	1	0.004	1	ok	ar		[l]ok:yield.respond	0	a	r	False	0.0	1.0	0.0	H		
1791	shokor	1	0.004	1	sh	ok	or	sh:arrange.heat.arrange.respond	0	o	r	False	0.0	0.0	0.0	H		
1792	ksheo	1	0.004	1	sh	eo		[k]sh:cool.arrange	1	e	o	False	1.0	1.0	0.0	H		
1793	cfhdy	1	0.004	1		cfh	dy	adjust.flag.watch.do.end	0	c	y	True	0.0	0.0	0.0	H		
1794	chefal	1	0.004	1	ch	ef	al	ch:cool.flag.yield.state	1	e	l	False	0.0	0.0	0.0	H		
1795	toar	1	0.004	1	to	ar		to:yield.respond	0	a	r	False	0.0	1.0	0.0	H		
1796	chefaiin	1	0.004	1	ch	ef	aiin	ch:cool.flag.yield.iterate.iterate.bind	1	e	n	False	0.0	0.0	0.0	H		
1797	todar	1	0.004	1	to	d	ar	to:do.yield.respond	0	d	r	True	0.0	1.0	0.0	H		
1798	solaiin	1	0.004	1	so	l	aiin	so:state.yield.iterate.iterate.bind	0	l	n	True	0.0	1.0	0.0	H		
1799	qoeed	1	0.004	1	qo	eed		qo:cool.cool.do	2	e	d	False	0.0	1.0	0.0	H		
1800	tchkaiin	1	0.004	1	tch	k	aiin	tch:heat.yield.iterate.iterate.bind	0	k	n	False	0.0	1.0	0.0	H		
1801	ycheekeey	1	0.004	1	ch	eekee	y	[y]ch:cool.cool.heat.cool.cool.end	2	e	y	False	0.0	1.0	0.0	H		
1802	toees	1	0.004	1	to	ee	s	to:cool.cool.sequence	2	e	s	False	1.0	1.0	0.0	H		
1803	chefain	1	0.004	1	ch	ef	ain	ch:cool.flag.yield.iterate.bind	1	e	n	False	0.0	0.0	1.0	H		
1804	faimy	1	0.004	1		faim	y	flag.yield.iterate.final.end	0	f	y	True	0.0	0.0	1.0	H		
1805	tochey	1	0.004	1	to	e	y	to:adjust.watch.cool.end	1	c	y	True	0.0	1.0	0.0	H		
1806	ofair	1	0.004	1		ofai	r	arrange.flag.yield.iterate.respond	0	o	r	False	0.0	0.0	0.0	H		
1807	kedaleey	1	0.004	1	ke	dalee	y	ke:do.yield.state.cool.cool.end	2	d	y	True	0.0	0.0	0.0	H		
1808	shekchey	1	0.004	1	sh	ekche	y	sh:cool.heat.adjust.watch.cool.end	1	e	y	False	0.0	0.0	0.0	H		
1809	opshes	1	0.004	1		opshe	s	arrange.pause.sequence.watch.cool.sequence	1	o	s	False	0.0	0.0	0.0	H		
1810	ypchd	1	0.004	1	pch	d		[y]pch:do	0	d	d	True	0.0	0.0	0.0	H		
1811	shkakeedy	1	0.004	1	sh	kakee	dy	sh:heat.yield.heat.cool.cool.do.end	2	k	y	False	0.0	0.0	1.0	H		
1812	keshdy	1	0.004	1	ke	dy		ke:sequence.watch.do.end	0	s	y	True	0.0	0.0	0.0	H		
1813	ycheoky	1	0.004	1	ch	eok	y	[y]ch:cool.arrange.heat.end	1	e	y	False	0.0	0.0	0.0	H		
1814	chpy	1	0.004	1	ch	p	y	ch:pause.end	0	p	y	True	0.0	0.0	0.0	H		
1815	yekedy	1	0.004	1		yeke	dy	end.cool.heat.cool.do.end	1	y	y	True	0.0	0.0	0.0	H		
1816	chdchy	1	0.004	1	ch	dch	y	ch:do.adjust.watch.end	0	d	y	True	0.0	1.0	0.0	H		
1817	ytcheeky	1	0.004	1	tch	eek	y	[y]tch:cool.cool.heat.end	2	e	y	False	0.0	0.0	0.0	H		
1818	dalain	1	0.004	1	da	l	ain	da:state.yield.iterate.bind	0	l	n	True	0.0	0.0	1.0	H		
1819	shedey	1	0.004	1	sh	ede	y	sh:cool.do.cool.end	1	e	y	False	1.0	1.0	0.0	H		
1820	chkchod	1	0.004	1	ch	kchod		ch:heat.adjust.watch.arrange.do	0	k	d	False	0.0	0.0	0.0	H		
1821	ypchedpy	1	0.004	1	pch	edp	y	[y]pch:cool.do.pause.end	1	e	y	False	0.0	0.0	0.0	H		
1822	shepy	1	0.004	1	sh	ep	y	sh:cool.pause.end	1	e	y	False	0.0	0.0	0.0	H		
1823	parchdy	1	0.004	1	ar	dy		[p]ar:adjust.watch.do.end	0	c	y	True	0.0	1.0	0.0	H		
1824	qokyl	1	0.004	1	qo	ky	l	qo:heat.end.state	0	k	l	False	0.0	0.0	0.0	H		
1825	qodor	1	0.004	1	qo	d	or	qo:do.arrange.respond	0	d	r	True	0.0	0.0	0.0	H		
1826	chckheody	1	0.004	1	ch	ckheo	dy	ch:adjust.heat.watch.cool.arrange.do.end	1	c	y	True	0.0	0.0	0.0	H		
1827	dchdaldy	1	0.004	1	dch	dal	dy	dch:do.yield.state.do.end	0	d	y	True	0.0	0.0	0.0	H		
1828	qokeg	1	0.004	1	qo	ke	g	qo:heat.cool.?	1	k	g	False	0.0	0.0	1.0	H		
1829	ykeod	1	0.004	1	yk	eod		yk:cool.arrange.do	1	e	d	False	0.0	1.0	0.0	H		
1830	keerodal	1	0.004	1	ke	erod	al	ke:cool.respond.arrange.do.yield.state	1	e	l	False	1.0	1.0	1.0	H		
1831	qofcheepy	1	0.004	1	qo	fcheep	y	qo:flag.adjust.watch.cool.cool.pause.end	2	f	y	True	0.0	0.0	0.0	H		
1832	cfhekchdy	1	0.004	1		cfhekch	dy	adjust.flag.watch.cool.heat.adjust.watch.do.end	1	c	y	True	0.0	0.0	0.0	H		
1833	chepchefy	1	0.004	1	ch	epchef	y	ch:cool.pause.adjust.watch.cool.flag.end	1	e	y	False	0.0	0.0	0.0	H		
1834	shdchdy	1	0.004	1	sh	dch	dy	sh:do.adjust.watch.do.end	0	d	y	True	0.0	0.0	0.0	H		
1835	keoy	1	0.004	1	ke	o	y	ke:arrange.end	0	o	y	False	0.0	0.0	0.0	H		
1836	oleeol	1	0.004	1	ol	ee	ol	ol:cool.cool.arrange.state	2	e	l	False	0.0	0.0	0.0	H		
1837	ycheos	1	0.004	1	ch	eo	s	[y]ch:cool.arrange.sequence	1	e	s	False	0.0	1.0	0.0	H		
1838	tarodaiin	1	0.004	1	ta	rod	aiin	ta:respond.arrange.do.yield.iterate.iterate.bind	0	r	n	True	1.0	1.0	0.0	H		
1839	ofchtar	1	0.004	1		ofcht	ar	arrange.flag.adjust.watch.transfer.yield.respond	0	o	r	False	0.0	0.0	0.0	H		
1840	folor	1	0.004	1	ol	or		[f]ol:arrange.respond	0	o	r	False	0.0	0.0	0.0	H		
1841	cphhy	1	0.004	1		cphh	y	adjust.pause.watch.watch.end	0	c	y	True	0.0	0.0	0.0	H		
1842	daral	1	0.004	1	da	r	al	da:respond.yield.state	0	r	l	True	0.0	0.0	0.0	H		
1843	qotydy	1	0.004	1	qo	ty	dy	qo:transfer.end.do.end	0	t	y	False	0.0	0.0	0.0	H		
1844	dasar	1	0.004	1	da	s	ar	da:sequence.yield.respond	0	s	r	True	0.0	1.0	0.0	H		
1845	shekalchdy	1	0.004	1	sh	ekalch	dy	sh:cool.heat.yield.state.adjust.watch.do.end	1	e	y	False	0.0	0.0	0.0	H		
1846	cholty	1	0.004	1	ch	olt	y	ch:arrange.state.transfer.end	0	o	y	False	0.0	0.0	0.0	H		
1847	shekody	1	0.004	1	sh	eko	dy	sh:cool.heat.arrange.do.end	1	e	y	False	0.0	0.0	0.0	H		
1848	choetchy	1	0.004	1	ch	oetch	y	ch:arrange.cool.transfer.adjust.watch.end	1	o	y	False	0.0	0.0	0.0	H		
1849	cheolkeepchy	1	0.004	1	ch	eolkeepch	y	ch:cool.arrange.state.heat.cool.cool.pause.adjust.watch.end	2	e	y	False	0.0	0.0	1.0	H		
1850	pshesy	1	0.004	1	sh	es	y	[p]sh:cool.sequence.end	1	e	y	False	1.0	1.0	0.0	H		
1851	shocphhy	1	0.004	1	sh	ocphh	y	sh:arrange.adjust.pause.watch.watch.end	0	o	y	False	0.0	0.0	0.0	H		
1852	dytydy	1	0.004	1		dyty	dy	do.end.transfer.end.do.end	0	d	y	True	0.0	0.0	0.0	H		
1853	ykolor	1	0.004	1	yk	ol	or	yk:arrange.state.arrange.respond	0	o	r	False	0.0	0.0	0.0	H		
1854	yfchdy	1	0.004	1	fch	dy		[y]fch:do.end	0	d	y	True	0.0	0.0	0.0	H		
1855	qockhhdy	1	0.004	1	qo	ckhh	dy	qo:adjust.heat.watch.watch.do.end	0	c	y	True	0.0	0.0	0.0	H		
1856	dydydy	1	0.004	1		dydy	dy	do.end.do.end.do.end	0	d	y	True	0.0	0.0	0.0	H		
1857	toldy	1	0.004	1	to	l	dy	to:state.do.end	0	l	y	True	0.0	0.0	0.0	H		
1858	otolol	1	0.004	1	ot	ol	ol	ot:arrange.state.arrange.state	0	o	l	False	0.0	0.0	0.0	H		
1859	ytol	1	0.004	1	to	l		[y]to:state	0	l	l	True	0.0	0.0	0.0	H		
1860	qokehdy	1	0.004	1	qo	keh	dy	qo:heat.cool.watch.do.end	1	k	y	False	0.0	0.0	0.0	H		
1861	okehdy	1	0.004	1	ok	eh	dy	ok:cool.watch.do.end	1	e	y	False	0.0	0.0	0.0	H		
1862	qosheckhhy	1	0.004	1	qo	eckhh	y	qo:sequence.watch.cool.adjust.heat.watch.watch.end	1	s	y	True	0.0	0.0	0.0	H		
1863	qeokehy	1	0.004	1		qeokeh	y	?.cool.arrange.heat.cool.watch.end	1	q	y	True	0.0	0.0	0.0	H		
1864	shodody	1	0.004	1	sh	odo	dy	sh:arrange.do.arrange.do.end	0	o	y	False	0.0	0.0	0.0	H		
1865	shochol	1	0.004	1	sh	och	ol	sh:arrange.adjust.watch.arrange.state	0	o	l	False	0.0	0.0	0.0	H		
1866	chotehy	1	0.004	1	ch	oteh	y	ch:arrange.transfer.cool.watch.end	1	o	y	False	0.0	0.0	0.0	H		
1867	chckhhhy	1	0.004	1	ch	ckhhh	y	ch:adjust.heat.watch.watch.watch.end	0	c	y	True	0.0	0.0	0.0	H		
1868	pdsairy	1	0.004	1		pdsai	ry	pause.do.sequence.yield.iterate.respond.end	0	p	y	True	1.0	1.0	0.0	H		
1869	dalteoshy	1	0.004	1	da	lteosh	y	da:state.transfer.cool.arrange.sequence.watch.end	1	l	y	True	0.0	0.0	0.0	H		
1870	otedyo	1	0.004	1	ot	edyo		ot:cool.do.end.arrange	1	e	o	False	0.0	0.0	0.0	H		
1871	poldy	1	0.004	1	po	l	dy	po:state.do.end	0	l	y	True	0.0	0.0	1.0	H		
1872	chesckhy	1	0.004	1	ch	esckh	y	ch:cool.sequence.adjust.heat.watch.end	1	e	y	False	0.0	0.0	0.0	H		
1873	chtey	1	0.004	1	ch	te	y	ch:transfer.cool.end	1	t	y	False	0.0	0.0	1.0	H		
1874	tolkchdy	1	0.004	1	to	lkch	dy	to:state.heat.adjust.watch.do.end	0	l	y	True	1.0	1.0	0.0	H		
1875	qokedol	1	0.004	1	qo	ked	ol	qo:heat.cool.do.arrange.state	1	k	l	False	0.0	0.0	0.0	H		
1876	dalorain	1	0.004	1	da	lor	ain	da:state.arrange.respond.yield.iterate.bind	0	l	n	True	0.0	0.0	1.0	H		
1877	oykeedy	1	0.004	1		oykee	dy	arrange.end.heat.cool.cool.do.end	2	o	y	False	0.0	0.0	0.0	H		
1878	shetcheodchs	1	0.004	1	sh	etcheodch	s	sh:cool.transfer.adjust.watch.cool.arrange.do.adjust.watch.sequence	1	e	s	False	0.0	1.0	0.0	H		
1879	chef	1	0.004	1	ch	ef		ch:cool.flag	1	e	f	False	0.0	0.0	1.0	H		
1880	daldar	1	0.004	1	da	ld	ar	da:state.do.yield.respond	0	l	r	True	0.0	0.0	0.0	H		
1881	yfor	1	0.004	1		yf	or	end.flag.arrange.respond	0	y	r	True	0.0	0.0	1.0	H		
1882	ekaiin	1	0.004	1		ek	aiin	cool.heat.yield.iterate.iterate.bind	1	e	n	False	0.0	0.0	0.0	H		
1883	chekcheey	1	0.004	1	ch	ekchee	y	ch:cool.heat.adjust.watch.cool.cool.end	2	e	y	False	0.0	0.0	0.0	H		
1884	cheetam	1	0.004	1	ch	eet	am	ch:cool.cool.transfer.yield.final	2	e	m	False	0.0	0.0	0.0	H		
1885	amam	1	0.004	1		am	am	yield.final.yield.final	0	a	m	False	0.0	0.0	1.0	H		
1886	dykeedain	1	0.004	1	yk	eed	ain	[d]yk:cool.cool.do.yield.iterate.bind	2	e	n	False	0.0	1.0	0.0	H		
1887	choal	1	0.004	1	ch	o	al	ch:arrange.yield.state	0	o	l	False	0.0	0.0	0.0	H		
1888	oteorom	1	0.004	1	ot	eor	om	ot:cool.arrange.respond.arrange.final	1	e	m	False	0.0	0.0	1.0	H		
1889	oteod	1	0.004	1	ot	eod		ot:cool.arrange.do	1	e	d	False	0.0	1.0	0.0	H		
1890	taros	1	0.004	1	ta	ro	s	ta:respond.arrange.sequence	0	r	s	True	0.0	0.0	1.0	H		
1891	oloaiin	1	0.004	1	ol	o	aiin	ol:arrange.yield.iterate.iterate.bind	0	o	n	False	0.0	0.0	0.0	H		
1892	pcheocphy	1	0.004	1	pch	eocph	y	pch:cool.arrange.adjust.pause.watch.end	1	e	y	False	1.0	1.0	0.0	H		
1893	chepchx	1	0.004	1	ch	epchx		ch:cool.pause.adjust.watch.diagram	1	e	x	False	0.0	0.0	0.0	H		
1894	yfcheky	1	0.004	1	fch	ek	y	[y]fch:cool.heat.end	1	e	y	False	0.0	0.0	0.0	H		
1895	sheeoly	1	0.004	1	sh	eeo	ly	sh:cool.cool.arrange.state.end	2	e	y	False	0.0	0.0	0.0	H		
1896	sheoteoly	1	0.004	1	sh	eoteo	ly	sh:cool.arrange.transfer.cool.arrange.state.end	1	e	y	False	0.0	0.0	0.0	H		
1897	sheksheet	1	0.004	1	sh	eksheet		sh:cool.heat.sequence.watch.cool.cool.transfer	2	e	t	False	0.0	0.0	0.0	H		
1898	xor	1	0.004	1		x	or	diagram.arrange.respond	0	x	r	True	0.0	0.0	0.0	H		
1899	dalshedo	1	0.004	1	da	lshedo		da:state.sequence.watch.cool.do.arrange	1	l	o	True	0.0	0.0	0.0	H		
1900	dalocthhy	1	0.004	1	da	locthh	y	da:state.arrange.adjust.transfer.watch.watch.end	0	l	y	True	0.0	0.0	1.0	H		
1901	chdalor	1	0.004	1	ch	dal	or	ch:do.yield.state.arrange.respond	0	d	r	True	0.0	0.0	0.0	H		
1902	xol	1	0.004	1		x	ol	diagram.arrange.state	0	x	l	True	0.0	1.0	0.0	H		
1903	feeedy	1	0.004	1		feee	dy	flag.cool.cool.cool.do.end	3	f	y	True	0.0	0.0	0.0	H		
1904	dyfchdy	1	0.004	1		dyfch	dy	do.end.flag.adjust.watch.do.end	0	d	y	True	0.0	0.0	0.0	H		
1905	kchs	1	0.004	1	kch	s		kch:sequence	0	s	s	True	0.0	0.0	0.0	H		
1906	karal	1	0.004	1	ka	r	al	ka:respond.yield.state	0	r	l	True	0.0	0.0	0.0	H		
1907	dardam	1	0.004	1	da	rd	am	da:respond.do.yield.final	0	r	m	True	0.0	0.0	1.0	H		
1908	aloldy	1	0.004	1	al	ol	dy	al:arrange.state.do.end	0	o	y	False	0.0	0.0	0.0	H		
1909	shepdaiin	1	0.004	1	sh	epd	aiin	sh:cool.pause.do.yield.iterate.iterate.bind	1	e	n	False	0.0	0.0	0.0	H		
1910	oifhedy	1	0.004	1		oifhe	dy	arrange.iterate.flag.watch.cool.do.end	1	o	y	False	0.0	0.0	0.0	H		
1911	opdarshdy	1	0.004	1		opdarsh	dy	arrange.pause.do.yield.respond.sequence.watch.do.end	0	o	y	False	0.0	0.0	0.0	H		
1912	sayfchedy	1	0.004	1	sa	yfche	dy	sa:end.flag.adjust.watch.cool.do.end	1	y	y	True	0.0	0.0	1.0	H		
1913	techy	1	0.004	1	te	y		te:adjust.watch.end	0	c	y	True	0.0	1.0	0.0	H		
1914	sheockhy	1	0.004	1	sh	eockh	y	sh:cool.arrange.adjust.heat.watch.end	1	e	y	False	0.0	0.0	0.0	H		
1915	chckham	1	0.004	1	ch	ckh	am	ch:adjust.heat.watch.yield.final	0	c	m	True	0.0	0.0	1.0	H		
1916	arakaiin	1	0.004	1	ar	ak	aiin	ar:yield.heat.yield.iterate.iterate.bind	0	a	n	False	0.0	1.0	0.0	H		
1917	otshealkar	1	0.004	1	ot	ealk	ar	ot:sequence.watch.cool.yield.state.heat.yield.respond	1	s	r	True	0.0	1.0	0.0	H		
1918	sholkshy	1	0.004	1	sh	olksh	y	sh:arrange.state.heat.sequence.watch.end	0	o	y	False	0.0	0.0	0.0	H		
1919	sholkal	1	0.004	1	sh	olk	al	sh:arrange.state.heat.yield.state	0	o	l	False	0.0	0.0	0.0	H		
1920	ypdy	1	0.004	1		yp	dy	end.pause.do.end	0	y	y	True	0.0	0.0	0.0	H		
1921	oepchol	1	0.004	1		oepch	ol	arrange.cool.pause.adjust.watch.arrange.state	1	o	l	False	0.0	0.0	0.0	H		
1922	tochsy	1	0.004	1	to	s	y	to:adjust.watch.sequence.end	0	c	y	True	0.0	0.0	0.0	H		
1923	ytasr	1	0.004	1	ta	s	r	[y]ta:sequence.respond	0	s	r	True	0.0	1.0	0.0	H		
1924	chockhdy	1	0.004	1	ch	ockh	dy	ch:arrange.adjust.heat.watch.do.end	0	o	y	False	0.0	0.0	0.0	H		
1925	okalshdy	1	0.004	1	ok	alsh	dy	ok:yield.state.sequence.watch.do.end	0	a	y	False	0.0	0.0	0.0	H		
1926	chdody	1	0.004	1	ch	do	dy	ch:do.arrange.do.end	0	d	y	True	0.0	0.0	0.0	H		
1927	shckhefy	1	0.004	1	sh	ckhef	y	sh:adjust.heat.watch.cool.flag.end	1	c	y	True	0.0	0.0	1.0	H		
1928	dykaly	1	0.004	1	yk	a	ly	[d]yk:yield.state.end	0	a	y	False	0.0	0.0	0.0	H		
1929	tos	1	0.004	1	to	s		to:sequence	0	s	s	True	0.0	1.0	0.0	H		
1930	aiirchar	1	0.004	1		aiirch	ar	yield.iterate.iterate.respond.adjust.watch.yield.respond	0	a	r	False	0.0	0.0	0.0	H		
1931	okeedchsy	1	0.004	1	ok	eedchs	y	ok:cool.cool.do.adjust.watch.sequence.end	2	e	y	False	0.0	0.0	0.0	H		
1932	chetedar	1	0.004	1	ch	eted	ar	ch:cool.transfer.cool.do.yield.respond	1	e	r	False	0.0	0.0	0.0	H		
1933	aicky	1	0.004	1		aick	y	yield.iterate.adjust.heat.end	0	a	y	False	0.0	0.0	1.0	H		
1934	tolshey	1	0.004	1	to	lshe	y	to:state.sequence.watch.cool.end	1	l	y	True	0.0	1.0	0.0	H		
1935	chocpheod	1	0.004	1	ch	ocpheod		ch:arrange.adjust.pause.watch.cool.arrange.do	1	o	d	False	0.0	0.0	0.0	H		
1936	pshdaiin	1	0.004	1	sh	d	aiin	[p]sh:do.yield.iterate.iterate.bind	0	d	n	True	1.0	1.0	0.0	H		
1937	sheokeol	1	0.004	1	sh	eoke	ol	sh:cool.arrange.heat.cool.arrange.state	1	e	l	False	0.0	0.0	0.0	H		
1938	opaldy	1	0.004	1		opal	dy	arrange.pause.yield.state.do.end	0	o	y	False	0.0	0.0	1.0	H		
1939	yteeol	1	0.004	1	te	e	ol	[y]te:cool.arrange.state	1	e	l	False	0.0	0.0	0.0	H		
1940	choody	1	0.004	1	ch	oo	dy	ch:arrange.arrange.do.end	0	o	y	False	0.0	0.0	0.0	H		
1941	kechodshey	1	0.004	1	ke	odshe	y	ke:adjust.watch.arrange.do.sequence.watch.cool.end	1	c	y	True	0.0	0.0	0.0	H		
1942	teoteey	1	0.004	1	te	otee	y	te:arrange.transfer.cool.cool.end	2	o	y	False	0.0	0.0	0.0	H		
1943	opchety	1	0.004	1		opchet	y	arrange.pause.adjust.watch.cool.transfer.end	1	o	y	False	0.0	0.0	0.0	H		
1944	tolkeol	1	0.004	1	to	lke	ol	to:state.heat.cool.arrange.state	1	l	l	True	0.0	1.0	0.0	H		
1945	chet	1	0.004	1	ch	et		ch:cool.transfer	1	e	t	False	0.0	0.0	0.0	H		
1946	ctheety	1	0.004	1	ct	heet	y	ct:watch.cool.cool.transfer.end	2	h	y	True	0.0	0.0	0.0	H		
1947	qoekaiin	1	0.004	1	qo	ek	aiin	qo:cool.heat.yield.iterate.iterate.bind	1	e	n	False	0.0	0.0	0.0	H		
1948	lotal	1	0.004	1	ot	al		[l]ot:yield.state	0	a	l	False	0.0	0.0	0.0	H		
1949	dalmy	1	0.004	1	da	lm	y	da:state.final.end	0	l	y	True	0.0	0.0	1.0	H		
1950	tocthy	1	0.004	1	to	cth	y	to:adjust.transfer.watch.end	0	c	y	True	0.0	1.0	0.0	H		
1951	lolkeol	1	0.004	1	ol	ke	ol	[l]ol:heat.cool.arrange.state	1	k	l	False	0.0	0.0	0.0	H		
1952	otolches	1	0.004	1	ot	olche	s	ot:arrange.state.adjust.watch.cool.sequence	1	o	s	False	0.0	0.0	0.0	H		
1953	ykeeodam	1	0.004	1	yk	eeod	am	yk:cool.cool.arrange.do.yield.final	2	e	m	False	0.0	0.0	0.0	H		
1954	otchdain	1	0.004	1	ot	d	ain	ot:adjust.watch.do.yield.iterate.bind	0	c	n	True	0.0	1.0	0.0	H		
1955	oteoly	1	0.004	1	ot	eo	ly	ot:cool.arrange.state.end	1	e	y	False	0.0	0.0	0.0	H		
1956	dr	1	0.004	1		d	r	do.respond	0	d	r	True	0.0	0.0	1.0	H		
1957	yteched	1	0.004	1	te	ed		[y]te:adjust.watch.cool.do	1	c	d	True	0.0	1.0	0.0	H		
1958	okeoam	1	0.004	1	ok	eo	am	ok:cool.arrange.yield.final	1	e	m	False	0.0	0.0	1.0	H		
1959	pcheodchy	1	0.004	1	pch	eodch	y	pch:cool.arrange.do.adjust.watch.end	1	e	y	False	1.0	1.0	0.0	H		
1960	chedyty	1	0.004	1	ch	edyt	y	ch:cool.do.end.transfer.end	1	e	y	False	0.0	0.0	1.0	H		
1961	otchody	1	0.004	1	ot	o	dy	ot:adjust.watch.arrange.do.end	0	c	y	True	0.0	0.0	0.0	H		
1962	yotedy	1	0.004	1	ot	e	dy	[y]ot:cool.do.end	1	e	y	False	0.0	0.0	0.0	H		
1963	choolkeey	1	0.004	1	ch	oolkee	y	ch:arrange.arrange.state.heat.cool.cool.end	2	o	y	False	0.0	0.0	1.0	H		
1964	tchddy	1	0.004	1	tch	d	dy	tch:do.do.end	0	d	y	True	0.0	0.0	0.0	H		
1965	otsh	1	0.004	1	ot	sh		ot:sequence.watch	0	s	h	True	0.0	0.0	0.0	H		
1966	shefeeedy	1	0.004	1	sh	efeee	dy	sh:cool.flag.cool.cool.cool.do.end	3	e	y	False	0.0	0.0	0.0	H		
1967	fcheodal	1	0.004	1	fch	eod	al	fch:cool.arrange.do.yield.state	1	e	l	False	0.0	0.0	0.0	H		
1968	cphheg	1	0.004	1		cphhe	g	adjust.pause.watch.watch.cool.?	1	c	g	True	0.0	0.0	1.0	H		
1969	kaly	1	0.004	1	ka	ly		ka:state.end	0	l	y	True	0.0	0.0	0.0	H		
1970	ytchedal	1	0.004	1	tch	ed	al	[y]tch:cool.do.yield.state	1	e	l	False	0.0	0.0	0.0	H		
1971	cheedls	1	0.004	1	ch	eedl	s	ch:cool.cool.do.state.sequence	2	e	s	False	0.0	0.0	0.0	H		
1972	psheor	1	0.004	1	sh	e	or	[p]sh:cool.arrange.respond	1	e	r	False	1.0	1.0	0.0	H		
1973	olkais	1	0.004	1	ol	kai	s	ol:heat.yield.iterate.sequence	0	k	s	False	0.0	0.0	0.0	H		
1974	qopeeedar	1	0.004	1	qo	peeed	ar	qo:pause.cool.cool.cool.do.yield.respond	3	p	r	True	0.0	0.0	0.0	H		
1975	chefchdy	1	0.004	1	ch	efch	dy	ch:cool.flag.adjust.watch.do.end	1	e	y	False	0.0	0.0	1.0	H		
1976	orsheckhy	1	0.004	1	or	eckh	y	or:sequence.watch.cool.adjust.heat.watch.end	1	s	y	True	0.0	0.0	0.0	H		
1977	ockhody	1	0.004	1		ockho	dy	arrange.adjust.heat.watch.arrange.do.end	0	o	y	False	0.0	0.0	0.0	H		
1978	tshol	1	0.004	1	sh	ol		[t]sh:arrange.state	0	o	l	False	0.0	1.0	0.0	H		
1979	keodaiin	1	0.004	1	ke	od	aiin	ke:arrange.do.yield.iterate.iterate.bind	0	o	n	False	0.0	0.0	0.0	H		
1980	solkchy	1	0.004	1	so	lkch	y	so:state.heat.adjust.watch.end	0	l	y	True	0.0	1.0	0.0	H		
1981	ssear	1	0.004	1	se	ar		[s]se:yield.respond	0	a	r	False	0.0	0.0	0.0	H		
1982	olkady	1	0.004	1	ol	ka	dy	ol:heat.yield.do.end	0	k	y	False	0.0	0.0	0.0	H		
1983	todalain	1	0.004	1	to	dal	ain	to:do.yield.state.yield.iterate.bind	0	d	n	True	0.0	1.0	0.0	H		
1984	ariin	1	0.004	1	ar	iin		ar:iterate.iterate.bind	0	i	n	True	0.0	0.0	0.0	H		
1985	dariin	1	0.004	1	da	r	iin	da:respond.iterate.iterate.bind	0	r	n	True	0.0	0.0	1.0	H		
1986	ykykaiin	1	0.004	1	yk	yk	aiin	yk:end.heat.yield.iterate.iterate.bind	0	y	n	True	0.0	1.0	0.0	H		
1987	shelain	1	0.004	1	sh	el	ain	sh:cool.state.yield.iterate.bind	1	e	n	False	0.0	0.0	0.0	H		
1988	taipar	1	0.004	1	ta	ip	ar	ta:iterate.pause.yield.respond	0	i	r	True	0.0	0.0	0.0	H		
1989	orolkain	1	0.004	1	or	olk	ain	or:arrange.state.heat.yield.iterate.bind	0	o	n	False	0.0	0.0	1.0	H		
1990	aldalosam	1	0.004	1	al	dalos	am	al:do.yield.state.arrange.sequence.yield.final	0	d	m	True	0.0	0.0	1.0	H		
1991	opalke	1	0.004	1		opalke		arrange.pause.yield.state.heat.cool	1	o	e	False	0.0	0.0	0.0	H		
1992	dario	1	0.004	1	da	rio		da:respond.iterate.arrange	0	r	o	True	0.0	0.0	0.0	H		
1993	shotchdy	1	0.004	1	sh	otch	dy	sh:arrange.transfer.adjust.watch.do.end	0	o	y	False	0.0	0.0	0.0	H		
1994	fardam	1	0.004	1	ar	d	am	[f]ar:do.yield.final	0	d	m	True	0.0	0.0	1.0	H		
1995	tchodain	1	0.004	1	tch	od	ain	tch:arrange.do.yield.iterate.bind	0	o	n	False	0.0	1.0	0.0	H		
1996	olraiin	1	0.004	1	ol	r	aiin	ol:respond.yield.iterate.iterate.bind	0	r	n	True	0.0	0.0	0.0	H		
1997	olcheky	1	0.004	1	ol	ek	y	ol:adjust.watch.cool.heat.end	1	c	y	True	0.0	0.0	0.0	H		
1998	okedyd	1	0.004	1	ok	edyd		ok:cool.do.end.do	1	e	d	False	0.0	0.0	1.0	H		
1999	kedair	1	0.004	1	ke	dai	r	ke:do.yield.iterate.respond	0	d	r	True	0.0	0.0	0.0	H		
2000	daisam	1	0.004	1	da	is	am	da:iterate.sequence.yield.final	0	i	m	True	0.0	0.0	1.0	H		
2001	ykchol	1	0.004	1	yk	ol		yk:adjust.watch.arrange.state	0	c	l	True	0.0	0.0	0.0	H		
2002	ytsheod	1	0.004	1		ytsheod		end.transfer.sequence.watch.cool.arrange.do	1	y	d	True	0.0	1.0	0.0	H		
2003	sheshy	1	0.004	1	sh	esh	y	sh:cool.sequence.watch.end	1	e	y	False	0.0	0.0	0.0	H		
2004	echedy	1	0.004	1		eche	dy	cool.adjust.watch.cool.do.end	1	e	y	False	0.0	0.0	0.0	H		
2005	oloeedy	1	0.004	1	ol	oee	dy	ol:arrange.cool.cool.do.end	2	o	y	False	0.0	0.0	0.0	H		
2006	ykeeod	1	0.004	1	yk	eeod		yk:cool.cool.arrange.do	2	e	d	False	0.0	0.0	0.0	H		
2007	qofair	1	0.004	1	qo	fai	r	qo:flag.yield.iterate.respond	0	f	r	True	0.0	0.0	0.0	H		
2008	chcpaiin	1	0.004	1	ch	cp	aiin	ch:adjust.pause.yield.iterate.iterate.bind	0	c	n	True	0.0	0.0	0.0	H		
2009	chas	1	0.004	1	ch	a	s	ch:yield.sequence	0	a	s	False	0.0	0.0	0.0	H		
2010	chdolaiin	1	0.004	1	ch	dol	aiin	ch:do.arrange.state.yield.iterate.iterate.bind	0	d	n	True	0.0	0.0	1.0	H		
2011	kchoy	1	0.004	1	kch	o	y	kch:arrange.end	0	o	y	False	0.0	0.0	0.0	H		
2012	pchtchdy	1	0.004	1	pch	tch	dy	pch:transfer.adjust.watch.do.end	0	t	y	False	0.0	0.0	0.0	H		
2013	oekaiin	1	0.004	1		oek	aiin	arrange.cool.heat.yield.iterate.iterate.bind	1	o	n	False	0.0	0.0	0.0	H		
2014	okasor	1	0.004	1	ok	as	or	ok:yield.sequence.arrange.respond	0	a	r	False	0.0	0.0	0.0	H		
2015	cheolkedy	1	0.004	1	ch	eolke	dy	ch:cool.arrange.state.heat.cool.do.end	1	e	y	False	0.0	0.0	0.0	H		
2016	olkardam	1	0.004	1	ol	kard	am	ol:heat.yield.respond.do.yield.final	0	k	m	False	0.0	0.0	1.0	H		
2017	dchykey	1	0.004	1	dch	yke	y	dch:end.heat.cool.end	1	y	y	True	0.0	1.0	0.0	H		
2018	xaloeees	1	0.004	1		xaloeee	s	diagram.yield.state.arrange.cool.cool.cool.sequence	3	x	s	True	0.0	0.0	0.0	H		
2019	cpheody	1	0.004	1		cpheo	dy	adjust.pause.watch.cool.arrange.do.end	1	c	y	True	0.0	0.0	0.0	H		
2020	orai	1	0.004	1	or	ai		or:yield.iterate	0	a	i	False	0.0	0.0	0.0	H		
2021	okad	1	0.004	1	ok	ad		ok:yield.do	0	a	d	False	0.0	0.0	0.0	H		
2022	otaldiin	1	0.004	1	ot	ald	iin	ot:yield.state.do.iterate.iterate.bind	0	a	n	False	0.0	0.0	1.0	H		
2023	chelal	1	0.004	1	ch	el	al	ch:cool.state.yield.state	1	e	l	False	0.0	0.0	0.0	H		
2024	kcheedchdy	1	0.004	1	kch	eedch	dy	kch:cool.cool.do.adjust.watch.do.end	2	e	y	False	1.0	1.0	0.0	H		
2025	oedaiin	1	0.004	1		oed	aiin	arrange.cool.do.yield.iterate.iterate.bind	1	o	n	False	0.0	0.0	0.0	H		
2026	dodyd	1	0.004	1	do	dyd		do:do.end.do	0	d	d	True	0.0	0.0	1.0	H		
2027	oeeed	1	0.004	1		oeeed		arrange.cool.cool.cool.do	3	o	d	False	0.0	1.0	0.0	H		
2028	ykeesan	1	0.004	1	yk	ees	an	yk:cool.cool.sequence.yield.bind	2	e	n	False	0.0	0.0	1.0	H		
2029	cheady	1	0.004	1	ch	ea	dy	ch:cool.yield.do.end	1	e	y	False	0.0	0.0	0.0	H		
2030	keeyfar	1	0.004	1	ke	eyf	ar	ke:cool.end.flag.yield.respond	1	e	r	False	0.0	0.0	0.0	H		
2031	ykan	1	0.004	1	yk	an		yk:yield.bind	0	a	n	False	0.0	0.0	0.0	H		
2032	talam	1	0.004	1	ta	l	am	ta:state.yield.final	0	l	m	True	0.0	0.0	1.0	H		
2033	otarcho	1	0.004	1	ot	archo		ot:yield.respond.adjust.watch.arrange	0	a	o	False	0.0	0.0	0.0	H		
2034	talody	1	0.004	1	ta	lo	dy	ta:state.arrange.do.end	0	l	y	True	0.0	0.0	0.0	H		
2035	ykaky	1	0.004	1	yk	ak	y	yk:yield.heat.end	0	a	y	False	0.0	1.0	0.0	H		
2036	otaky	1	0.004	1	ot	ak	y	ot:yield.heat.end	0	a	y	False	0.0	0.0	1.0	H		
2037	oltchy	1	0.004	1	ol	tch	y	ol:transfer.adjust.watch.end	0	t	y	False	0.0	0.0	0.0	H		
2038	sl	1	0.004	1		s	l	sequence.state	0	s	l	True	0.0	0.0	0.0	H		
2039	poeeo	1	0.004	1	po	eeo		po:cool.cool.arrange	2	e	o	False	1.0	1.0	0.0	H		
2040	cheop	1	0.004	1	ch	eop		ch:cool.arrange.pause	1	e	p	False	0.0	0.0	0.0	H		
2041	shocfhey	1	0.004	1	sh	ocfhe	y	sh:arrange.adjust.flag.watch.cool.end	1	o	y	False	0.0	0.0	0.0	H		
2042	sheep	1	0.004	1	sh	eep		sh:cool.cool.pause	2	e	p	False	0.0	0.0	0.0	H		
2043	yodam	1	0.004	1		yod	am	end.arrange.do.yield.final	0	y	m	True	0.0	0.0	1.0	H		
2044	cheotey	1	0.004	1	ch	eote	y	ch:cool.arrange.transfer.cool.end	1	e	y	False	0.0	0.0	0.0	H		
2045	shkchey	1	0.004	1	sh	kche	y	sh:heat.adjust.watch.cool.end	1	k	y	False	0.0	0.0	0.0	H		
2046	qykeeody	1	0.004	1		qykeeo	dy	?.end.heat.cool.cool.arrange.do.end	2	q	y	True	0.0	1.0	0.0	H		
2047	cheooky	1	0.004	1	ch	eook	y	ch:cool.arrange.arrange.heat.end	1	e	y	False	0.0	0.0	0.0	H		
2048	cheekeody	1	0.004	1	ch	eekeo	dy	ch:cool.cool.heat.cool.arrange.do.end	2	e	y	False	0.0	0.0	1.0	H		
2049	chteody	1	0.004	1	ch	teo	dy	ch:transfer.cool.arrange.do.end	1	t	y	False	0.0	0.0	0.0	H		
2050	cheeodam	1	0.004	1	ch	eeod	am	ch:cool.cool.arrange.do.yield.final	2	e	m	False	0.0	0.0	1.0	H		
2051	tsheodal	1	0.004	1	sh	eod	al	[t]sh:cool.arrange.do.yield.state	1	e	l	False	1.0	1.0	0.0	H		
2052	doctho	1	0.004	1	do	ctho		do:adjust.transfer.watch.arrange	0	c	o	True	0.0	0.0	0.0	H		
2053	kodain	1	0.004	1	ko	d	ain	ko:do.yield.iterate.bind	0	d	n	True	0.0	0.0	0.0	H		
2054	oforam	1	0.004	1		ofor	am	arrange.flag.arrange.respond.yield.final	0	o	m	False	0.0	0.0	1.0	H		
2055	chctey	1	0.004	1	ch	cte	y	ch:adjust.transfer.cool.end	1	c	y	True	0.0	0.0	0.0	H		
2056	okoldm	1	0.004	1	ok	old	m	ok:arrange.state.do.final	0	o	m	False	0.0	0.0	1.0	H		
2057	ckhchdy	1	0.004	1		ckhch	dy	adjust.heat.watch.adjust.watch.do.end	0	c	y	True	0.0	0.0	0.0	H		
2058	dcheckhey	1	0.004	1	dch	eckhe	y	dch:cool.adjust.heat.watch.cool.end	1	e	y	False	0.0	0.0	0.0	H		
2059	qoctchey	1	0.004	1	qo	ctche	y	qo:adjust.transfer.adjust.watch.cool.end	1	c	y	True	0.0	1.0	0.0	H		
2060	tcfhy	1	0.004	1		tcfh	y	transfer.adjust.flag.watch.end	0	t	y	False	0.0	0.0	1.0	H		
2061	ctechy	1	0.004	1	ct	ech	y	ct:cool.adjust.watch.end	1	e	y	False	0.0	0.0	0.0	H		
2062	cphedom	1	0.004	1		cphed	om	adjust.pause.watch.cool.do.arrange.final	1	c	m	True	0.0	0.0	1.0	H		
2063	p	1	0.004	1		p		pause	0	p	p	True	1.0	1.0	1.0	T		
2064	chap	1	0.004	1	ch	ap		ch:yield.pause	0	a	p	False	0.0	0.0	0.0	T		
2065	shddy	1	0.004	1	sh	d	dy	sh:do.do.end	0	d	y	True	0.0	0.0	0.0	T		
2066	ypcher	1	0.004	1	pch	e	r	[y]pch:cool.respond	1	e	r	False	0.0	0.0	0.0	T		
2067	cholpchd	1	0.004	1	ch	olpchd		ch:arrange.state.pause.adjust.watch.do	0	o	d	False	0.0	0.0	0.0	T		
2068	okedals	1	0.004	1	ok	edal	s	ok:cool.do.yield.state.sequence	1	e	s	False	0.0	0.0	1.0	T		
2069	ykshedy	1	0.004	1	yk	e	dy	yk:sequence.watch.cool.do.end	1	s	y	True	0.0	1.0	0.0	T		
2070	chcfheor	1	0.004	1	ch	cfhe	or	ch:adjust.flag.watch.cool.arrange.respond	1	c	r	True	0.0	0.0	0.0	T		
2071	kodary	1	0.004	1	ko	da	ry	ko:do.yield.respond.end	0	d	y	True	0.0	0.0	1.0	T		
2072	choekchy	1	0.004	1	ch	oekch	y	ch:arrange.cool.heat.adjust.watch.end	1	o	y	False	0.0	0.0	0.0	T		
2073	chekeody	1	0.004	1	ch	ekeo	dy	ch:cool.heat.cool.arrange.do.end	1	e	y	False	0.0	0.0	0.0	T		
2074	chctho	1	0.004	1	ch	ctho		ch:adjust.transfer.watch.arrange	0	c	o	True	0.0	0.0	0.0	T		
2075	rotaiin	1	0.004	1	ot	aiin		[r]ot:yield.iterate.iterate.bind	0	a	n	False	0.0	0.0	1.0	T		
2076	tocpheey	1	0.004	1	to	cphee	y	to:adjust.pause.watch.cool.cool.end	2	c	y	True	1.0	1.0	0.0	T		
2077	ykodas	1	0.004	1	yk	oda	s	yk:arrange.do.yield.sequence	0	o	s	False	0.0	0.0	0.0	T		
2078	okyd	1	0.004	1	ok	yd		ok:end.do	0	y	d	True	0.0	0.0	1.0	T		
2079	shka	1	0.004	1	sh	ka		sh:heat.yield	0	k	a	False	0.0	0.0	0.0	T		
2080	shekair	1	0.004	1	sh	ekai	r	sh:cool.heat.yield.iterate.respond	1	e	r	False	0.0	0.0	0.0	T		
2081	qocheky	1	0.004	1	qo	ek	y	qo:adjust.watch.cool.heat.end	1	c	y	True	0.0	1.0	0.0	T		
2082	chcta	1	0.004	1	ch	cta		ch:adjust.transfer.yield	0	c	a	True	0.0	0.0	0.0	T		
2083	shokaiir	1	0.004	1	sh	okaii	r	sh:arrange.heat.yield.iterate.iterate.respond	0	o	r	False	0.0	0.0	0.0	T		
2084	dasd	1	0.004	1	da	sd		da:sequence.do	0	s	d	True	0.0	0.0	1.0	T		
2085	qofchy	1	0.004	1	qo	fch	y	qo:flag.adjust.watch.end	0	f	y	True	0.0	0.0	0.0	T		
2086	chedair	1	0.004	1	ch	edai	r	ch:cool.do.yield.iterate.respond	1	e	r	False	0.0	0.0	0.0	T		
2087	kardy	1	0.004	1	ka	r	dy	ka:respond.do.end	0	r	y	True	0.0	0.0	1.0	T		
2088	ltar	1	0.004	1	ta	r		[l]ta:respond	0	r	r	True	0.0	0.0	0.0	T		
2089	axor	1	0.004	1		ax	or	yield.diagram.arrange.respond	0	a	r	False	0.0	0.0	0.0	T		
2090	pchof	1	0.004	1	pch	of		pch:arrange.flag	0	o	f	False	1.0	1.0	0.0	T		
2091	sholfosdaiin	1	0.004	1	sh	olfosd	aiin	sh:arrange.state.flag.arrange.sequence.do.yield.iterate.iterate.bind	0	o	n	False	0.0	0.0	0.0	T		
2092	fchedys	1	0.004	1	fch	edy	s	fch:cool.do.end.sequence	1	e	s	False	0.0	0.0	0.0	T		
2093	ofaram	1	0.004	1		ofar	am	arrange.flag.yield.respond.yield.final	0	o	m	False	0.0	0.0	1.0	T		
2094	dalcheeeky	1	0.004	1	da	lcheeek	y	da:state.adjust.watch.cool.cool.cool.heat.end	3	l	y	True	0.0	1.0	0.0	T		
2095	ykesheo	1	0.004	1	yk	esheo		yk:cool.sequence.watch.cool.arrange	1	e	o	False	0.0	0.0	0.0	T		
2096	cheyl	1	0.004	1	ch	ey	l	ch:cool.end.state	1	e	l	False	0.0	0.0	1.0	T		
2097	chxar	1	0.004	1	ch	x	ar	ch:diagram.yield.respond	0	x	r	True	0.0	0.0	0.0	T		
2098	fchdar	1	0.004	1	fch	d	ar	fch:do.yield.respond	0	d	r	True	0.0	0.0	0.0	T		
2099	shekeeody	1	0.004	1	sh	ekeeo	dy	sh:cool.heat.cool.cool.arrange.do.end	2	e	y	False	0.0	0.0	0.0	T		
2100	cfhol	1	0.004	1		cfh	ol	adjust.flag.watch.arrange.state	0	c	l	True	0.0	0.0	0.0	T		
2101	shofol	1	0.004	1	sh	of	ol	sh:arrange.flag.arrange.state	0	o	l	False	0.0	0.0	0.0	T		
2102	ytarody	1	0.004	1	ta	ro	dy	[y]ta:respond.arrange.do.end	0	r	y	True	0.0	0.0	0.0	T		
2103	dolar	1	0.004	1	do	l	ar	do:state.yield.respond	0	l	r	True	0.0	0.0	0.0	T		
2104	dos	1	0.004	1	do	s		do:sequence	0	s	s	True	0.0	0.0	1.0	T		
2105	tosheo	1	0.004	1	to	eo		to:sequence.watch.cool.arrange	1	s	o	True	0.0	1.0	0.0	T		
2106	kcheeky	1	0.004	1	kch	eek	y	kch:cool.cool.heat.end	2	e	y	False	0.0	0.0	0.0	T		
2107	todeeey	1	0.004	1	to	deee	y	to:do.cool.cool.cool.end	3	d	y	True	1.0	1.0	0.0	T		
2108	shekeefy	1	0.004	1	sh	ekeef	y	sh:cool.heat.cool.cool.flag.end	2	e	y	False	0.0	0.0	0.0	T		
2109	kechody	1	0.004	1	ke	o	dy	ke:adjust.watch.arrange.do.end	0	c	y	True	0.0	0.0	1.0	T		
2110	ysheeod	1	0.004	1	sh	eeod		[y]sh:cool.cool.arrange.do	2	e	d	False	0.0	1.0	0.0	T		
2111	qoteeod	1	0.004	1	qo	teeod		qo:transfer.cool.cool.arrange.do	2	t	d	False	0.0	0.0	0.0	T		
2112	oteochey	1	0.004	1	ot	eoche	y	ot:cool.arrange.adjust.watch.cool.end	1	e	y	False	0.0	0.0	0.0	T		
2113	tolchedy	1	0.004	1	to	lche	dy	to:state.adjust.watch.cool.do.end	1	l	y	True	0.0	0.0	0.0	T		
2114	lpchees	1	0.004	1	pch	ee	s	[l]pch:cool.cool.sequence	2	e	s	False	0.0	0.0	0.0	T		
2115	ltsholy	1	0.004	1		ltsho	ly	state.transfer.sequence.watch.arrange.state.end	0	l	y	True	0.0	0.0	0.0	T		
2116	shekol	1	0.004	1	sh	ek	ol	sh:cool.heat.arrange.state	1	e	l	False	0.0	0.0	0.0	T		
2117	qoteoly	1	0.004	1	qo	teo	ly	qo:transfer.cool.arrange.state.end	1	t	y	False	0.0	0.0	0.0	T		
2118	dkar	1	0.004	1	ka	r		[d]ka:respond	0	r	r	True	0.0	0.0	1.0	T		
2119	shekaly	1	0.004	1	sh	eka	ly	sh:cool.heat.yield.state.end	1	e	y	False	0.0	0.0	0.0	T		
2120	shckhar	1	0.004	1	sh	ckh	ar	sh:adjust.heat.watch.yield.respond	0	c	r	True	0.0	0.0	1.0	T		
2121	otcheo	1	0.004	1	ot	eo		ot:adjust.watch.cool.arrange	1	c	o	True	1.0	1.0	0.0	T		
2122	ykchscheg	1	0.004	1	yk	sche	g	yk:adjust.watch.sequence.adjust.watch.cool.?	1	c	g	True	0.0	0.0	1.0	T		
2123	okeodof	1	0.004	1	ok	eodof		ok:cool.arrange.do.arrange.flag	1	e	f	False	1.0	1.0	0.0	H		
2124	ychoopy	1	0.004	1	ch	oop	y	[y]ch:arrange.arrange.pause.end	0	o	y	False	0.0	0.0	0.0	H		
2125	opch	1	0.004	1		opch		arrange.pause.adjust.watch	0	o	h	False	0.0	0.0	0.0	H		
2126	dorshefy	1	0.004	1	do	rshef	y	do:respond.sequence.watch.cool.flag.end	1	r	y	True	0.0	0.0	0.0	H		
2127	daldeam	1	0.004	1	da	lde	am	da:state.do.cool.yield.final	1	l	m	True	0.0	0.0	1.0	H		
2128	teodal	1	0.004	1	te	od	al	te:arrange.do.yield.state	0	o	l	False	0.0	1.0	0.0	H		
2129	dcheeky	1	0.004	1	dch	eek	y	dch:cool.cool.heat.end	2	e	y	False	0.0	0.0	0.0	H		
2130	ytos	1	0.004	1	to	s		[y]to:sequence	0	s	s	True	0.0	1.0	0.0	H		
2131	shokeshy	1	0.004	1	sh	okesh	y	sh:arrange.heat.cool.sequence.watch.end	1	o	y	False	0.0	1.0	0.0	H		
2132	kodal	1	0.004	1	ko	d	al	ko:do.yield.state	0	d	l	True	0.0	0.0	0.0	H		
2133	shedefam	1	0.004	1	sh	edef	am	sh:cool.do.cool.flag.yield.final	1	e	m	False	0.0	0.0	0.0	H		
2134	tchod	1	0.004	1	tch	od		tch:arrange.do	0	o	d	False	1.0	1.0	0.0	H		
2135	shckhhd	1	0.004	1	sh	ckhhd		sh:adjust.heat.watch.watch.do	0	c	d	True	0.0	0.0	0.0	H		
2136	shsopam	1	0.004	1	sh	sop	am	sh:sequence.arrange.pause.yield.final	0	s	m	True	0.0	0.0	1.0	H		
2137	qokeos	1	0.004	1	qo	keo	s	qo:heat.cool.arrange.sequence	1	k	s	False	0.0	1.0	0.0	H		
2138	chekeor	1	0.004	1	ch	eke	or	ch:cool.heat.cool.arrange.respond	1	e	r	False	0.0	0.0	0.0	H		
2139	kotody	1	0.004	1	ko	to	dy	ko:transfer.arrange.do.end	0	t	y	False	0.0	0.0	0.0	H		
2140	dchekcsdy	1	0.004	1	dch	ekcs	dy	dch:cool.heat.adjust.sequence.do.end	1	e	y	False	0.0	1.0	0.0	H		
2141	chpadar	1	0.004	1	ch	pad	ar	ch:pause.yield.do.yield.respond	0	p	r	True	0.0	0.0	0.0	H		
2142	feedly	1	0.004	1		feed	ly	flag.cool.cool.do.state.end	2	f	y	True	0.0	0.0	0.0	H		
2143	cheoseesey	1	0.004	1	ch	eoseese	y	ch:cool.arrange.sequence.cool.cool.sequence.cool.end	2	e	y	False	0.0	0.0	0.0	H		
2144	qofchal	1	0.004	1	qo	fch	al	qo:flag.adjust.watch.yield.state	0	f	l	True	0.0	0.0	1.0	H		
2145	qokyr	1	0.004	1	qo	ky	r	qo:heat.end.respond	0	k	r	False	0.0	0.0	0.0	H		
2146	dakar	1	0.004	1	da	k	ar	da:heat.yield.respond	0	k	r	False	0.0	0.0	0.0	H		
2147	okag	1	0.004	1	ok	a	g	ok:yield.?	0	a	g	False	0.0	0.0	1.0	H		
2148	yteeod	1	0.004	1	te	eod		[y]te:cool.arrange.do	1	e	d	False	0.0	1.0	0.0	H		
2149	shekeod	1	0.004	1	sh	ekeod		sh:cool.heat.cool.arrange.do	1	e	d	False	0.0	0.0	0.0	H		
2150	ykofar	1	0.004	1	yk	of	ar	yk:arrange.flag.yield.respond	0	o	r	False	0.0	0.0	0.0	H		
2151	kara	1	0.004	1	ka	ra		ka:respond.yield	0	r	a	True	0.0	0.0	1.0	H		
2152	qekar	1	0.004	1		qek	ar	?.cool.heat.yield.respond	1	q	r	True	0.0	1.0	0.0	H		
2153	chkchody	1	0.004	1	ch	kcho	dy	ch:heat.adjust.watch.arrange.do.end	0	k	y	False	0.0	0.0	1.0	H		
2154	ydees	1	0.004	1	de	e	s	[y]de:cool.sequence	1	e	s	False	0.0	1.0	0.0	H		
2155	dalkal	1	0.004	1	da	lk	al	da:state.heat.yield.state	0	l	l	True	0.0	0.0	0.0	H		
2156	ykedaiin	1	0.004	1	yk	ed	aiin	yk:cool.do.yield.iterate.iterate.bind	1	e	n	False	0.0	0.0	0.0	H		
2157	ssheol	1	0.004	1	sh	e	ol	[s]sh:cool.arrange.state	1	e	l	False	0.0	0.0	0.0	B		
2158	chedykar	1	0.004	1	ch	edyk	ar	ch:cool.do.end.heat.yield.respond	1	e	r	False	0.0	0.0	0.0	B		
2159	qey	1	0.004	1		qe	y	?.cool.end	1	q	y	True	0.0	0.0	0.0	B		
2160	dackhy	1	0.004	1	da	ckh	y	da:adjust.heat.watch.end	0	c	y	True	0.0	1.0	0.0	B		
2161	lkamo	1	0.004	1	lk	amo		lk:yield.final.arrange	0	a	o	False	0.0	0.0	0.0	B		
2162	qotardy	1	0.004	1	qo	tar	dy	qo:transfer.yield.respond.do.end	0	t	y	False	0.0	0.0	0.0	B		
2163	dsheckhy	1	0.004	1	sh	eckh	y	[d]sh:cool.adjust.heat.watch.end	1	e	y	False	0.0	0.0	0.0	B		
2164	chekam	1	0.004	1	ch	ek	am	ch:cool.heat.yield.final	1	e	m	False	0.0	0.0	1.0	B		
2165	ssheckhy	1	0.004	1	sh	eckh	y	[s]sh:cool.adjust.heat.watch.end	1	e	y	False	0.0	1.0	0.0	B		
2166	keeshy	1	0.004	1	ke	esh	y	ke:cool.sequence.watch.end	1	e	y	False	0.0	0.0	0.0	B		
2167	keeoly	1	0.004	1	ke	eo	ly	ke:cool.arrange.state.end	1	e	y	False	0.0	0.0	0.0	B		
2168	lch	1	0.004	1		lch		state.adjust.watch	0	l	h	True	0.0	0.0	0.0	B		
2169	shokain	1	0.004	1	sh	ok	ain	sh:arrange.heat.yield.iterate.bind	0	o	n	False	0.0	0.0	0.0	B		
2170	lshedary	1	0.004	1	lsh	eda	ry	lsh:cool.do.yield.respond.end	1	e	y	False	0.0	0.0	0.0	B		
2171	ithey	1	0.004	1		ithe	y	iterate.transfer.watch.cool.end	1	i	y	True	0.0	0.0	0.0	B		
2172	oqekain	1	0.004	1		oqek	ain	arrange.?.cool.heat.yield.iterate.bind	1	o	n	False	0.0	1.0	0.0	B		
2173	qckhsy	1	0.004	1		qckhs	y	?.adjust.heat.watch.sequence.end	0	q	y	True	0.0	0.0	0.0	B		
2174	qolkary	1	0.004	1	qo	lka	ry	qo:state.heat.yield.respond.end	0	l	y	True	0.0	0.0	0.0	B		
2175	ady	1	0.004	1		a	dy	yield.do.end	0	a	y	False	0.0	0.0	1.0	B		
2176	pdalshor	1	0.004	1	da	lsh	or	[p]da:state.sequence.watch.arrange.respond	0	l	r	True	1.0	1.0	0.0	B		
2177	shtol	1	0.004	1	sh	t	ol	sh:transfer.arrange.state	0	t	l	False	0.0	0.0	0.0	B		
2178	pshar	1	0.004	1	sh	ar		[p]sh:yield.respond	0	a	r	False	0.0	0.0	0.0	B		
2179	qotan	1	0.004	1	qo	t	an	qo:transfer.yield.bind	0	t	n	False	0.0	0.0	1.0	B		
2180	sorol	1	0.004	1	so	r	ol	so:respond.arrange.state	0	r	l	True	0.0	0.0	0.0	B		
2181	qopdy	1	0.004	1	qo	p	dy	qo:pause.do.end	0	p	y	True	0.0	0.0	0.0	B		
2182	chetas	1	0.004	1	ch	eta	s	ch:cool.transfer.yield.sequence	1	e	s	False	0.0	0.0	0.0	B		
2183	rd	1	0.004	1		rd		respond.do	0	r	d	True	0.0	0.0	0.0	B		
2184	ocheain	1	0.004	1		oche	ain	arrange.adjust.watch.cool.yield.iterate.bind	1	o	n	False	0.0	1.0	0.0	B		
2185	olshty	1	0.004	1	ol	t	y	ol:sequence.watch.transfer.end	0	s	y	True	0.0	0.0	0.0	B		
2186	oloin	1	0.004	1	ol	oin		ol:arrange.iterate.bind	0	o	n	False	0.0	0.0	0.0	B		
2187	lshdyqo	1	0.004	1	lsh	dyqo		lsh:do.end.?.arrange	0	d	o	True	0.0	0.0	1.0	B		
2188	odchedy	1	0.004	1		odche	dy	arrange.do.adjust.watch.cool.do.end	1	o	y	False	0.0	1.0	0.0	B		
2189	qolshdy	1	0.004	1	qo	lsh	dy	qo:state.sequence.watch.do.end	0	l	y	True	0.0	0.0	0.0	B		
2190	shokshdy	1	0.004	1	sh	oksh	dy	sh:arrange.heat.sequence.watch.do.end	0	o	y	False	0.0	0.0	0.0	B		
2191	qolol	1	0.004	1	qo	l	ol	qo:state.arrange.state	0	l	l	True	0.0	0.0	0.0	B		
2192	qokalom	1	0.004	1	qo	kal	om	qo:heat.yield.state.arrange.final	0	k	m	False	0.0	0.0	1.0	B		
2193	shedykain	1	0.004	1	sh	edyk	ain	sh:cool.do.end.heat.yield.iterate.bind	1	e	n	False	0.0	0.0	0.0	B		
2194	olked	1	0.004	1	ol	ked		ol:heat.cool.do	1	k	d	False	0.0	0.0	0.0	B		
2195	qoqokeey	1	0.004	1	qo	qokee	y	qo:?.arrange.heat.cool.cool.end	2	q	y	True	0.0	1.0	0.0	B		
2196	dlshedy	1	0.004	1	lsh	e	dy	[d]lsh:cool.do.end	1	e	y	False	0.0	1.0	0.0	B		
2197	qoin	1	0.004	1	qo	in		qo:iterate.bind	0	i	n	True	0.0	0.0	0.0	B		
2198	sheolo	1	0.004	1	sh	eolo		sh:cool.arrange.state.arrange	1	e	o	False	0.0	0.0	1.0	B		
2199	charor	1	0.004	1	ch	ar	or	ch:yield.respond.arrange.respond	0	a	r	False	0.0	0.0	1.0	B		
2200	pokain	1	0.004	1	po	k	ain	po:heat.yield.iterate.bind	0	k	n	False	1.0	1.0	0.0	B		
2201	olshees	1	0.004	1	ol	ee	s	ol:sequence.watch.cool.cool.sequence	2	s	s	True	0.0	1.0	0.0	B		
2202	saino	1	0.004	1	sa	ino		sa:iterate.bind.arrange	0	i	o	True	0.0	0.0	0.0	B		
2203	kolkedy	1	0.004	1	ko	lke	dy	ko:state.heat.cool.do.end	1	l	y	True	1.0	1.0	0.0	B		
2204	qolkchy	1	0.004	1	qo	lkch	y	qo:state.heat.adjust.watch.end	0	l	y	True	0.0	0.0	0.0	B		
2205	oqoky	1	0.004	1		oqok	y	arrange.?.arrange.heat.end	0	o	y	False	0.0	0.0	0.0	B		
2206	qekytedar	1	0.004	1		qekyted	ar	?.cool.heat.end.transfer.cool.do.yield.respond	1	q	r	True	0.0	0.0	0.0	B		
2207	okeshey	1	0.004	1	ok	eshe	y	ok:cool.sequence.watch.cool.end	1	e	y	False	0.0	1.0	0.0	B		
2208	qeky	1	0.004	1		qek	y	?.cool.heat.end	1	q	y	True	0.0	0.0	0.0	B		
2209	tedar	1	0.004	1	te	d	ar	te:do.yield.respond	0	d	r	True	0.0	0.0	0.0	B		
2210	potchokar	1	0.004	1	po	tchok	ar	po:transfer.adjust.watch.arrange.heat.yield.respond	0	t	r	False	1.0	1.0	0.0	B		
2211	chcfhdy	1	0.004	1	ch	cfh	dy	ch:adjust.flag.watch.do.end	0	c	y	True	0.0	0.0	0.0	B		
2212	opshdy	1	0.004	1		opsh	dy	arrange.pause.sequence.watch.do.end	0	o	y	False	0.0	0.0	0.0	B		
2213	qolp	1	0.004	1	qo	lp		qo:state.pause	0	l	p	True	0.0	0.0	0.0	B		
2214	opshey	1	0.004	1		opshe	y	arrange.pause.sequence.watch.cool.end	1	o	y	False	0.0	0.0	0.0	B		
2215	qofshy	1	0.004	1	qo	fsh	y	qo:flag.sequence.watch.end	0	f	y	True	0.0	0.0	0.0	B		
2216	qotddyar	1	0.004	1	qo	tddy	ar	qo:transfer.do.do.end.yield.respond	0	t	r	False	0.0	0.0	0.0	B		
2217	chkarol	1	0.004	1	ch	kar	ol	ch:heat.yield.respond.arrange.state	0	k	l	False	0.0	0.0	0.0	B		
2218	qotedshedy	1	0.004	1	qo	tedshe	dy	qo:transfer.cool.do.sequence.watch.cool.do.end	1	t	y	False	0.0	1.0	0.0	B		
2219	raiiin	1	0.004	1		rai	iin	respond.yield.iterate.iterate.iterate.bind	0	r	n	True	0.0	0.0	0.0	B		
2220	qctheed	1	0.004	1		qctheed		?.adjust.transfer.watch.cool.cool.do	2	q	d	True	0.0	0.0	0.0	B		
2221	chckheed	1	0.004	1	ch	ckheed		ch:adjust.heat.watch.cool.cool.do	2	c	d	True	0.0	0.0	0.0	B		
2222	qolair	1	0.004	1	qo	lai	r	qo:state.yield.iterate.respond	0	l	r	True	0.0	0.0	0.0	B		
2223	chekear	1	0.004	1	ch	eke	ar	ch:cool.heat.cool.yield.respond	1	e	r	False	0.0	0.0	1.0	B		
2224	chckh	1	0.004	1	ch	ckh		ch:adjust.heat.watch	0	c	h	True	0.0	0.0	0.0	B		
2225	qokaloro	1	0.004	1	qo	kaloro		qo:heat.yield.state.arrange.respond.arrange	0	k	o	False	0.0	0.0	1.0	B		
2226	otedyl	1	0.004	1	ot	edy	l	ot:cool.do.end.state	1	e	l	False	0.0	0.0	1.0	B		
2227	qokchsdy	1	0.004	1	qo	kchs	dy	qo:heat.adjust.watch.sequence.do.end	0	k	y	False	0.0	1.0	0.0	B		
2228	oleeed	1	0.004	1	ol	eeed		ol:cool.cool.cool.do	3	e	d	False	0.0	0.0	1.0	B		
2229	dalshedy	1	0.004	1	da	lshe	dy	da:state.sequence.watch.cool.do.end	1	l	y	True	0.0	1.0	0.0	B		
2230	alolor	1	0.004	1	al	ol	or	al:arrange.state.arrange.respond	0	o	r	False	0.0	0.0	0.0	B		
2231	qaloin	1	0.004	1		qal	oin	?.yield.state.arrange.iterate.bind	0	q	n	True	0.0	1.0	0.0	B		
2232	llaiiry	1	0.004	1		llaii	ry	state.state.yield.iterate.iterate.respond.end	0	l	y	True	0.0	0.0	1.0	B		
2233	qokalchey	1	0.004	1	qo	kalche	y	qo:heat.yield.state.adjust.watch.cool.end	1	k	y	False	0.0	0.0	0.0	B		
2234	lshcthy	1	0.004	1	lsh	cth	y	lsh:adjust.transfer.watch.end	0	c	y	True	0.0	0.0	0.0	B		
2235	ylaiin	1	0.004	1		yl	aiin	end.state.yield.iterate.iterate.bind	0	y	n	True	0.0	0.0	0.0	B		
2236	darchey	1	0.004	1	da	rche	y	da:respond.adjust.watch.cool.end	1	r	y	True	0.0	1.0	0.0	B		
2237	cheolchey	1	0.004	1	ch	eolche	y	ch:cool.arrange.state.adjust.watch.cool.end	1	e	y	False	0.0	0.0	0.0	B		
2238	qoolkal	1	0.004	1	qo	olk	al	qo:arrange.state.heat.yield.state	0	o	l	False	0.0	0.0	0.0	B		
2239	shlches	1	0.004	1	sh	lche	s	sh:state.adjust.watch.cool.sequence	1	l	s	True	0.0	0.0	0.0	B		
2240	okeolor	1	0.004	1	ok	eol	or	ok:cool.arrange.state.arrange.respond	1	e	r	False	0.0	0.0	0.0	B		
2241	alshy	1	0.004	1	al	y		al:sequence.watch.end	0	s	y	True	0.0	0.0	0.0	B		
2242	talor	1	0.004	1	ta	l	or	ta:state.arrange.respond	0	l	r	True	0.0	0.0	0.0	B		
2243	olalor	1	0.004	1	ol	al	or	ol:yield.state.arrange.respond	0	a	r	False	0.0	0.0	0.0	B		
2244	okeyr	1	0.004	1	ok	ey	r	ok:cool.end.respond	1	e	r	False	0.0	0.0	0.0	B		
2245	polalchdy	1	0.004	1	po	lalch	dy	po:state.yield.state.adjust.watch.do.end	0	l	y	True	1.0	1.0	0.0	B		
2246	chpsheedy	1	0.004	1	ch	pshee	dy	ch:pause.sequence.watch.cool.cool.do.end	2	p	y	True	0.0	0.0	0.0	B		
2247	qokchdyl	1	0.004	1	qo	kchdy	l	qo:heat.adjust.watch.do.end.state	0	k	l	False	0.0	0.0	1.0	B		
2248	lsh	1	0.004	1		lsh		state.sequence.watch	0	l	h	True	0.0	0.0	0.0	B		
2249	otalam	1	0.004	1	ot	al	am	ot:yield.state.yield.final	0	a	m	False	0.0	0.0	1.0	B		
2250	sheeoldy	1	0.004	1	sh	eeol	dy	sh:cool.cool.arrange.state.do.end	2	e	y	False	0.0	0.0	0.0	B		
2251	chaly	1	0.004	1	ch	a	ly	ch:yield.state.end	0	a	y	False	0.0	0.0	0.0	B		
2252	poleedaran	1	0.004	1	po	leedar	an	po:state.cool.cool.do.yield.respond.yield.bind	2	l	n	True	1.0	1.0	0.0	B		
2253	kolpy	1	0.004	1	ko	lp	y	ko:state.pause.end	0	l	y	True	0.0	0.0	1.0	B		
2254	qochy	1	0.004	1	qo	y		qo:adjust.watch.end	0	c	y	True	0.0	0.0	0.0	B		
2255	olchdar	1	0.004	1	ol	d	ar	ol:adjust.watch.do.yield.respond	0	c	r	True	0.0	0.0	0.0	B		
2256	loral	1	0.004	1	or	al		[l]or:yield.state	0	a	l	False	0.0	0.0	1.0	B		
2257	rory	1	0.004	1	or	y		[r]or:end	0	y	y	True	0.0	0.0	1.0	B		
2258	qkor	1	0.004	1		qk	or	?.heat.arrange.respond	0	q	r	True	1.0	1.0	0.0	B		
2259	olsheed	1	0.004	1	ol	eed		ol:sequence.watch.cool.cool.do	2	s	d	True	0.0	1.0	0.0	B		
2260	chedyl	1	0.004	1	ch	edy	l	ch:cool.do.end.state	1	e	l	False	0.0	0.0	1.0	B		
2261	choly	1	0.004	1	ch	o	ly	ch:arrange.state.end	0	o	y	False	0.0	0.0	0.0	B		
2262	solshey	1	0.004	1	so	lshe	y	so:state.sequence.watch.cool.end	1	l	y	True	0.0	0.0	0.0	B		
2263	okedalor	1	0.004	1	ok	edal	or	ok:cool.do.yield.state.arrange.respond	1	e	r	False	0.0	0.0	1.0	B		
2264	opchaly	1	0.004	1		opcha	ly	arrange.pause.adjust.watch.yield.state.end	0	o	y	False	0.0	0.0	0.0	B		
2265	qofchdal	1	0.004	1	qo	fchd	al	qo:flag.adjust.watch.do.yield.state	0	f	l	True	0.0	0.0	0.0	B		
2266	lkodol	1	0.004	1	lk	od	ol	lk:arrange.do.arrange.state	0	o	l	False	0.0	0.0	0.0	B		
2267	opa	1	0.004	1		opa		arrange.pause.yield	0	o	a	False	0.0	0.0	0.0	B		
2268	korols	1	0.004	1	ko	rol	s	ko:respond.arrange.state.sequence	0	r	s	True	0.0	0.0	1.0	B		
2269	scsedy	1	0.004	1		scse	dy	sequence.adjust.sequence.cool.do.end	1	s	y	True	0.0	1.0	0.0	B		
2270	otedor	1	0.004	1	ot	ed	or	ot:cool.do.arrange.respond	1	e	r	False	0.0	0.0	0.0	B		
2271	qoyky	1	0.004	1	qo	yk	y	qo:end.heat.end	0	y	y	True	0.0	0.0	1.0	B		
2272	chpchedy	1	0.004	1	ch	pche	dy	ch:pause.adjust.watch.cool.do.end	1	p	y	True	0.0	0.0	0.0	B		
2273	cpchy	1	0.004	1		cpch	y	adjust.pause.adjust.watch.end	0	c	y	True	0.0	0.0	0.0	B		
2274	ralchl	1	0.004	1	al	l		[r]al:adjust.watch.state	0	c	l	True	0.0	0.0	1.0	B		
2275	teyteg	1	0.004	1	te	yte	g	te:end.transfer.cool.?	1	y	g	True	0.0	0.0	1.0	B		
2276	doteey	1	0.004	1	do	tee	y	do:transfer.cool.cool.end	2	t	y	False	0.0	1.0	0.0	B		
2277	cheolchdy	1	0.004	1	ch	eolch	dy	ch:cool.arrange.state.adjust.watch.do.end	1	e	y	False	0.0	0.0	0.0	B		
2278	qolkeeey	1	0.004	1	qo	lkeee	y	qo:state.heat.cool.cool.cool.end	3	l	y	True	0.0	0.0	0.0	B		
2279	cphdor	1	0.004	1		cphd	or	adjust.pause.watch.do.arrange.respond	0	c	r	True	1.0	1.0	0.0	B		
2280	lsheetal	1	0.004	1	lsh	eet	al	lsh:cool.cool.transfer.yield.state	2	e	l	False	0.0	0.0	0.0	B		
2281	oekeedy	1	0.004	1		oekee	dy	arrange.cool.heat.cool.cool.do.end	2	o	y	False	0.0	0.0	0.0	B		
2282	otedeey	1	0.004	1	ot	edee	y	ot:cool.do.cool.cool.end	2	e	y	False	0.0	0.0	0.0	B		
2283	shcthedy	1	0.004	1	sh	cthe	dy	sh:adjust.transfer.watch.cool.do.end	1	c	y	True	0.0	0.0	0.0	B		
2284	qoeekeedy	1	0.004	1	qo	eekee	dy	qo:cool.cool.heat.cool.cool.do.end	2	e	y	False	0.0	0.0	0.0	B		
2285	polshdal	1	0.004	1	po	lshd	al	po:state.sequence.watch.do.yield.state	0	l	l	True	1.0	1.0	0.0	B		
2286	otedair	1	0.004	1	ot	edai	r	ot:cool.do.yield.iterate.respond	1	e	r	False	0.0	0.0	0.0	B		
2287	opshedal	1	0.004	1		opshed	al	arrange.pause.sequence.watch.cool.do.yield.state	1	o	l	False	0.0	0.0	0.0	B		
2288	pschedal	1	0.004	1	sch	ed	al	[p]sch:cool.do.yield.state	1	e	l	False	0.0	0.0	0.0	B		
2289	tsheokeedy	1	0.004	1	sh	eokee	dy	[t]sh:cool.arrange.heat.cool.cool.do.end	2	e	y	False	0.0	0.0	0.0	B		
2290	oshepols	1	0.004	1		oshepol	s	arrange.sequence.watch.cool.pause.arrange.state.sequence	1	o	s	False	0.0	0.0	1.0	B		
2291	sheolol	1	0.004	1	sh	eol	ol	sh:cool.arrange.state.arrange.state	1	e	l	False	0.0	0.0	0.0	B		
2292	chedchey	1	0.004	1	ch	edche	y	ch:cool.do.adjust.watch.cool.end	1	e	y	False	0.0	0.0	0.0	B		
2293	sheetey	1	0.004	1	sh	eete	y	sh:cool.cool.transfer.cool.end	2	e	y	False	0.0	0.0	0.0	B		
2294	loiiim	1	0.004	1		loii	im	state.arrange.iterate.iterate.iterate.final	0	l	m	True	0.0	0.0	1.0	B		
2295	dytey	1	0.004	1		dyte	y	do.end.transfer.cool.end	1	d	y	True	0.0	0.0	0.0	B		
2296	olchedr	1	0.004	1	ol	ed	r	ol:adjust.watch.cool.do.respond	1	c	r	True	0.0	0.0	0.0	B		
2297	opalshedy	1	0.004	1		opalshe	dy	arrange.pause.yield.state.sequence.watch.cool.do.end	1	o	y	False	0.0	0.0	0.0	B		
2298	fcham	1	0.004	1	fch	am		fch:yield.final	0	a	m	False	0.0	0.0	1.0	B		
2299	oteoldy	1	0.004	1	ot	eol	dy	ot:cool.arrange.state.do.end	1	e	y	False	0.0	0.0	0.0	B		
2300	chckhyd	1	0.004	1	ch	ckhyd		ch:adjust.heat.watch.end.do	0	c	d	True	0.0	0.0	0.0	B		
2301	chlaiiin	1	0.004	1	ch	lai	iin	ch:state.yield.iterate.iterate.iterate.bind	0	l	n	True	0.0	0.0	1.0	B		
2302	qolkey	1	0.004	1	qo	lke	y	qo:state.heat.cool.end	1	l	y	True	0.0	0.0	0.0	B		
2303	scheer	1	0.004	1	sch	ee	r	sch:cool.cool.respond	2	e	r	False	0.0	0.0	0.0	B		
2304	alaldy	1	0.004	1	al	al	dy	al:yield.state.do.end	0	a	y	False	0.0	0.0	1.0	B		
2305	lshees	1	0.004	1	lsh	ee	s	lsh:cool.cool.sequence	2	e	s	False	0.0	0.0	0.0	B		
2306	rshed	1	0.004	1	sh	ed		[r]sh:cool.do	1	e	d	False	0.0	0.0	0.0	B		
2307	lsan	1	0.004	1	sa	n		[l]sa:bind	0	n	n	True	0.0	0.0	1.0	B		
2308	shekaiiin	1	0.004	1	sh	ekai	iin	sh:cool.heat.yield.iterate.iterate.iterate.bind	1	e	n	False	0.0	0.0	0.0	B		
2309	shets	1	0.004	1	sh	et	s	sh:cool.transfer.sequence	1	e	s	False	0.0	0.0	0.0	B		
2310	sakaiin	1	0.004	1	sa	k	aiin	sa:heat.yield.iterate.iterate.bind	0	k	n	False	1.0	1.0	0.0	B		
2311	chchky	1	0.004	1	ch	k	y	ch:adjust.watch.heat.end	0	c	y	True	0.0	0.0	0.0	B		
2312	lolsaiiin	1	0.004	1	ol	sai	iin	[l]ol:sequence.yield.iterate.iterate.iterate.bind	0	s	n	True	0.0	0.0	0.0	B		
2313	olkchs	1	0.004	1	ol	kch	s	ol:heat.adjust.watch.sequence	0	k	s	False	1.0	1.0	1.0	B		
2314	otork	1	0.004	1	ot	ork		ot:arrange.respond.heat	0	o	k	False	1.0	1.0	1.0	B		
2315	darair	1	0.004	1	da	rai	r	da:respond.yield.iterate.respond	0	r	r	True	0.0	0.0	0.0	B		
2316	dylches	1	0.004	1		dylche	s	do.end.state.adjust.watch.cool.sequence	1	d	s	True	0.0	0.0	0.0	B		
2317	solteedy	1	0.004	1	so	ltee	dy	so:state.transfer.cool.cool.do.end	2	l	y	True	0.0	1.0	0.0	B		
2318	sokcheey	1	0.004	1	so	kchee	y	so:heat.adjust.watch.cool.cool.end	2	k	y	False	0.0	1.0	0.0	B		
2319	olaiiny	1	0.004	1	ol	aiin	y	ol:yield.iterate.iterate.bind.end	0	a	y	False	0.0	0.0	1.0	B		
2320	lfcheol	1	0.004	1	fch	e	ol	[l]fch:cool.arrange.state	1	e	l	False	0.0	0.0	0.0	B		
2321	qotary	1	0.004	1	qo	ta	ry	qo:transfer.yield.respond.end	0	t	y	False	0.0	0.0	1.0	B		
2322	chealor	1	0.004	1	ch	eal	or	ch:cool.yield.state.arrange.respond	1	e	r	False	0.0	0.0	0.0	B		
2323	qetaiin	1	0.004	1		qet	aiin	?.cool.transfer.yield.iterate.iterate.bind	1	q	n	True	0.0	0.0	0.0	B		
2324	oiiiin	1	0.004	1		oii	iin	arrange.iterate.iterate.iterate.iterate.bind	0	o	n	False	0.0	0.0	0.0	B		
2325	dolchl	1	0.004	1	do	lch	l	do:state.adjust.watch.state	0	l	l	True	0.0	0.0	0.0	B		
2326	teeolain	1	0.004	1	te	eol	ain	te:cool.arrange.state.yield.iterate.bind	1	e	n	False	0.0	1.0	0.0	B		
2327	ltaiin	1	0.004	1	ta	iin		[l]ta:iterate.iterate.bind	0	i	n	True	0.0	0.0	0.0	B		
2328	qykaiin	1	0.004	1		qyk	aiin	?.end.heat.yield.iterate.iterate.bind	0	q	n	True	0.0	0.0	0.0	B		
2329	chlr	1	0.004	1	ch	l	r	ch:state.respond	0	l	r	True	0.0	0.0	0.0	B		
2330	dchee	1	0.004	1	dch	ee		dch:cool.cool	2	e	e	False	0.0	1.0	0.0	B		
2331	qepchedy	1	0.004	1		qepche	dy	?.cool.pause.adjust.watch.cool.do.end	1	q	y	True	0.0	0.0	0.0	B		
2332	lchear	1	0.004	1	lch	e	ar	lch:cool.yield.respond	1	e	r	False	0.0	0.0	0.0	B		
2333	sls	1	0.004	1		sl	s	sequence.state.sequence	0	s	s	True	0.0	0.0	0.0	B		
2334	chlchpsheey	1	0.004	1	ch	lchpshee	y	ch:state.adjust.watch.pause.sequence.watch.cool.cool.end	2	l	y	True	0.0	0.0	0.0	B		
2335	arotey	1	0.004	1	ar	ote	y	ar:arrange.transfer.cool.end	1	o	y	False	0.0	0.0	0.0	B		
2336	saiirol	1	0.004	1	sa	iir	ol	sa:iterate.iterate.respond.arrange.state	0	i	l	True	0.0	0.0	0.0	B		
2337	darchdar	1	0.004	1	da	rchd	ar	da:respond.adjust.watch.do.yield.respond	0	r	r	True	1.0	1.0	1.0	B		
2338	dotedy	1	0.004	1	do	te	dy	do:transfer.cool.do.end	1	t	y	False	1.0	1.0	1.0	B		
2339	otolaiino	1	0.004	1	ot	olaiino		ot:arrange.state.yield.iterate.iterate.bind.arrange	0	o	o	False	1.0	1.0	1.0	B		
2340	olkeedal	1	0.004	1	ol	keed	al	ol:heat.cool.cool.do.yield.state	2	k	l	False	1.0	1.0	1.0	B		
2341	orchedal	1	0.004	1	or	ed	al	or:adjust.watch.cool.do.yield.state	1	c	l	True	1.0	1.0	1.0	B		
2342	sosoral	1	0.004	1	so	sor	al	so:sequence.arrange.respond.yield.state	0	s	l	True	1.0	1.0	1.0	B		
2343	okalo	1	0.004	1	ok	alo		ok:yield.state.arrange	0	a	o	False	1.0	1.0	1.0	B		
2344	qetedy	1	0.004	1		qete	dy	?.cool.transfer.cool.do.end	1	q	y	True	1.0	1.0	0.0	B		
2345	qodykey	1	0.004	1	qo	dyke	y	qo:do.end.heat.cool.end	1	d	y	True	0.0	0.0	0.0	B		
2346	taiiin	1	0.004	1	ta	i	iin	ta:iterate.iterate.iterate.bind	0	i	n	True	0.0	0.0	0.0	B		
2347	yry	1	0.004	1		y	ry	end.respond.end	0	y	y	True	0.0	0.0	1.0	B		
2348	chshy	1	0.004	1	ch	y		ch:sequence.watch.end	0	s	y	True	0.0	0.0	0.0	B		
2349	dsheedal	1	0.004	1	sh	eed	al	[d]sh:cool.cool.do.yield.state	2	e	l	False	0.0	0.0	0.0	B		
2350	darcheedal	1	0.004	1	da	rcheed	al	da:respond.adjust.watch.cool.cool.do.yield.state	2	r	l	True	0.0	1.0	0.0	B		
2351	qeedeey	1	0.004	1		qeedee	y	?.cool.cool.do.cool.cool.end	2	q	y	True	0.0	0.0	0.0	B		
2352	qedy	1	0.004	1		qe	dy	?.cool.do.end	1	q	y	True	0.0	0.0	0.0	B		
2353	tedal	1	0.004	1	te	d	al	te:do.yield.state	0	d	l	True	1.0	1.0	0.0	B		
2354	dasy	1	0.004	1	da	s	y	da:sequence.end	0	s	y	True	0.0	0.0	1.0	B		
2355	ekedy	1	0.004	1		eke	dy	cool.heat.cool.do.end	1	e	y	False	0.0	0.0	0.0	B		
2356	qoraiin	1	0.004	1	qo	r	aiin	qo:respond.yield.iterate.iterate.bind	0	r	n	True	0.0	1.0	0.0	B		
2357	keoly	1	0.004	1	ke	o	ly	ke:arrange.state.end	0	o	y	False	0.0	0.0	1.0	B		
2358	darory	1	0.004	1	da	ro	ry	da:respond.arrange.respond.end	0	r	y	True	0.0	0.0	1.0	B		
2359	dalohey	1	0.004	1	da	lohe	y	da:state.arrange.watch.cool.end	1	l	y	True	0.0	1.0	0.0	B		
2360	doraiin	1	0.004	1	do	r	aiin	do:respond.yield.iterate.iterate.bind	0	r	n	True	0.0	0.0	0.0	B		
2361	sheekey	1	0.004	1	sh	eeke	y	sh:cool.cool.heat.cool.end	2	e	y	False	0.0	0.0	0.0	B		
2362	dail	1	0.004	1	da	i	l	da:iterate.state	0	i	l	True	0.0	0.0	0.0	B		
2363	dairol	1	0.004	1	da	ir	ol	da:iterate.respond.arrange.state	0	i	l	True	0.0	1.0	0.0	B		
2364	lfol	1	0.004	1		lf	ol	state.flag.arrange.state	0	l	l	True	0.0	0.0	0.0	B		
2365	solkchedy	1	0.004	1	so	lkche	dy	so:state.heat.adjust.watch.cool.do.end	1	l	y	True	0.0	1.0	0.0	B		
2366	rched	1	0.004	1	rch	ed		rch:cool.do	1	e	d	False	0.0	0.0	1.0	B		
2367	toldal	1	0.004	1	to	ld	al	to:state.do.yield.state	0	l	l	True	0.0	1.0	0.0	B		
2368	dolcheedy	1	0.004	1	do	lchee	dy	do:state.adjust.watch.cool.cool.do.end	2	l	y	True	0.0	0.0	0.0	B		
2369	rolchedy	1	0.004	1	ol	e	dy	[r]ol:adjust.watch.cool.do.end	1	c	y	True	0.0	0.0	0.0	B		
2370	sockhey	1	0.004	1	so	ckhe	y	so:adjust.heat.watch.cool.end	1	c	y	True	0.0	0.0	0.0	B		
2371	ldchey	1	0.004	1	dch	e	y	[l]dch:cool.end	1	e	y	False	0.0	0.0	0.0	B		
2372	tshedor	1	0.004	1	sh	ed	or	[t]sh:cool.do.arrange.respond	1	e	r	False	1.0	1.0	0.0	B		
2373	sokol	1	0.004	1	so	k	ol	so:heat.arrange.state	0	k	l	False	0.0	0.0	0.0	B		
2374	qokededy	1	0.004	1	qo	kede	dy	qo:heat.cool.do.cool.do.end	1	k	y	False	0.0	0.0	0.0	B		
2375	dchckhedy	1	0.004	1	dch	ckhe	dy	dch:adjust.heat.watch.cool.do.end	1	c	y	True	0.0	1.0	0.0	B		
2376	oted	1	0.004	1	ot	ed		ot:cool.do	1	e	d	False	0.0	0.0	0.0	B		
2377	alory	1	0.004	1	al	o	ry	al:arrange.respond.end	0	o	y	False	0.0	0.0	1.0	B		
2378	tchdoltdy	1	0.004	1	tch	dolt	dy	tch:do.arrange.state.transfer.do.end	0	d	y	True	0.0	0.0	1.0	B		
2379	qokychdy	1	0.004	1	qo	kych	dy	qo:heat.end.adjust.watch.do.end	0	k	y	False	0.0	0.0	1.0	B		
2380	qchedy	1	0.004	1		qche	dy	?.adjust.watch.cool.do.end	1	q	y	True	0.0	1.0	0.0	B		
2381	loroin	1	0.004	1	or	oin		[l]or:arrange.iterate.bind	0	o	n	False	0.0	0.0	0.0	B		
2382	aol	1	0.004	1		a	ol	yield.arrange.state	0	a	l	False	0.0	0.0	1.0	B		
2383	daiil	1	0.004	1	da	ii	l	da:iterate.iterate.state	0	i	l	True	0.0	0.0	0.0	B		
2384	olkee	1	0.004	1	ol	kee		ol:heat.cool.cool	2	k	e	False	0.0	0.0	0.0	B		
2385	taly	1	0.004	1	ta	ly		ta:state.end	0	l	y	True	0.0	0.0	1.0	B		
2386	ololdal	1	0.004	1	ol	old	al	ol:arrange.state.do.yield.state	0	o	l	False	0.0	0.0	0.0	B		
2387	chchty	1	0.004	1	ch	t	y	ch:adjust.watch.transfer.end	0	c	y	True	0.0	0.0	0.0	B		
2388	dalky	1	0.004	1	da	lk	y	da:state.heat.end	0	l	y	True	0.0	0.0	0.0	B		
2389	yolsheey	1	0.004	1	ol	ee	y	[y]ol:sequence.watch.cool.cool.end	2	s	y	True	0.0	0.0	0.0	B		
2390	okeeal	1	0.004	1	ok	ee	al	ok:cool.cool.yield.state	2	e	l	False	0.0	0.0	0.0	B		
2391	ytees	1	0.004	1	te	e	s	[y]te:cool.sequence	1	e	s	False	0.0	0.0	0.0	B		
2392	ckhain	1	0.004	1		ckh	ain	adjust.heat.watch.yield.iterate.bind	0	c	n	True	0.0	0.0	0.0	B		
2393	drol	1	0.004	1		dr	ol	do.respond.arrange.state	0	d	l	True	0.0	0.0	1.0	B		
2394	chfaiin	1	0.004	1	ch	f	aiin	ch:flag.yield.iterate.iterate.bind	0	f	n	True	0.0	0.0	0.0	B		
2395	opaly	1	0.004	1		opa	ly	arrange.pause.yield.state.end	0	o	y	False	0.0	0.0	0.0	B		
2396	kotaly	1	0.004	1	ko	ta	ly	ko:transfer.yield.state.end	0	t	y	False	0.0	0.0	1.0	B		
2397	okchdldlo	1	0.004	1	ok	dldlo		ok:adjust.watch.do.state.do.state.arrange	0	c	o	True	1.0	1.0	1.0	B		
2398	daraloikhy	1	0.004	1	da	raloikh	y	da:respond.yield.state.arrange.iterate.heat.watch.end	0	r	y	True	1.0	1.0	1.0	B		
2399	dchedaly	1	0.004	1	dch	eda	ly	dch:cool.do.yield.state.end	1	e	y	False	1.0	1.0	1.0	B		
2400	otasodlory	1	0.004	1	ot	asodlo	ry	ot:yield.sequence.arrange.do.state.arrange.respond.end	0	a	y	False	1.0	1.0	0.0	B		
2401	orory	1	0.004	1	or	o	ry	or:arrange.respond.end	0	o	y	False	0.0	0.0	1.0	B		
2402	pykedy	1	0.004	1	yk	e	dy	[p]yk:cool.do.end	1	e	y	False	1.0	1.0	0.0	B		
2403	spchy	1	0.004	1	pch	y		[s]pch:end	0	y	y	True	0.0	0.0	0.0	B		
2404	ees	1	0.004	1		ee	s	cool.cool.sequence	2	e	s	False	0.0	0.0	0.0	B		
2405	lcheckhey	1	0.004	1	lch	eckhe	y	lch:cool.adjust.heat.watch.cool.end	1	e	y	False	0.0	0.0	0.0	B		
2406	lolkedy	1	0.004	1	ol	ke	dy	[l]ol:heat.cool.do.end	1	k	y	False	0.0	0.0	0.0	B		
2407	eesey	1	0.004	1		eese	y	cool.cool.sequence.cool.end	2	e	y	False	0.0	0.0	0.0	B		
2408	ycheolk	1	0.004	1	ch	eolk		[y]ch:cool.arrange.state.heat	1	e	k	False	0.0	1.0	0.0	B		
2409	qolsheey	1	0.004	1	qo	lshee	y	qo:state.sequence.watch.cool.cool.end	2	l	y	True	0.0	0.0	0.0	B		
2410	dchokol	1	0.004	1	dch	ok	ol	dch:arrange.heat.arrange.state	0	o	l	False	0.0	1.0	0.0	B		
2411	qolkeshdy	1	0.004	1	qo	lkesh	dy	qo:state.heat.cool.sequence.watch.do.end	1	l	y	True	0.0	1.0	0.0	B		
2412	lshckhy	1	0.004	1	lsh	ckh	y	lsh:adjust.heat.watch.end	0	c	y	True	0.0	0.0	0.0	B		
2413	shedaldy	1	0.004	1	sh	edal	dy	sh:cool.do.yield.state.do.end	1	e	y	False	0.0	0.0	0.0	B		
2414	cphar	1	0.004	1		cph	ar	adjust.pause.watch.yield.respond	0	c	r	True	0.0	0.0	0.0	B		
2415	qokedydy	1	0.004	1	qo	kedy	dy	qo:heat.cool.do.end.do.end	1	k	y	False	0.0	0.0	1.0	B		
2416	olkeshey	1	0.004	1	ol	keshe	y	ol:heat.cool.sequence.watch.cool.end	1	k	y	False	0.0	0.0	0.0	B		
2417	shr	1	0.004	1	sh	r		sh:respond	0	r	r	True	0.0	0.0	0.0	B		
2418	dchor	1	0.004	1	dch	or		dch:arrange.respond	0	o	r	False	0.0	0.0	0.0	B		
2419	torain	1	0.004	1	to	r	ain	to:respond.yield.iterate.bind	0	r	n	True	1.0	1.0	0.0	B		
2420	yshealdy	1	0.004	1	sh	eal	dy	[y]sh:cool.yield.state.do.end	1	e	y	False	0.0	1.0	0.0	B		
2421	sheds	1	0.004	1	sh	ed	s	sh:cool.do.sequence	1	e	s	False	0.0	0.0	0.0	B		
2422	yoky	1	0.004	1	ok	y		[y]ok:end	0	y	y	True	0.0	0.0	0.0	B		
2423	cholo	1	0.004	1	ch	olo		ch:arrange.state.arrange	0	o	o	False	0.0	0.0	1.0	B		
2424	psheedy	1	0.004	1	sh	ee	dy	[p]sh:cool.cool.do.end	2	e	y	False	0.0	0.0	0.0	B		
2425	otechys	1	0.004	1	ot	echy	s	ot:cool.adjust.watch.end.sequence	1	e	s	False	0.0	0.0	1.0	B		
2426	pshorol	1	0.004	1	sh	or	ol	[p]sh:arrange.respond.arrange.state	0	o	l	False	1.0	1.0	0.0	B		
2427	saral	1	0.004	1	sa	r	al	sa:respond.yield.state	0	r	l	True	0.0	1.0	0.0	B		
2428	dyty	1	0.004	1		dyt	y	do.end.transfer.end	0	d	y	True	0.0	0.0	0.0	B		
2429	solor	1	0.004	1	so	l	or	so:state.arrange.respond	0	l	r	True	0.0	1.0	0.0	B		
2430	sheyky	1	0.004	1	sh	eyk	y	sh:cool.end.heat.end	1	e	y	False	0.0	0.0	0.0	B		
2431	scthey	1	0.004	1	ct	he	y	[s]ct:watch.cool.end	1	h	y	True	0.0	0.0	0.0	B		
2432	okaos	1	0.004	1	ok	ao	s	ok:yield.arrange.sequence	0	a	s	False	0.0	0.0	0.0	B		
2433	dalkeeey	1	0.004	1	da	lkeee	y	da:state.heat.cool.cool.cool.end	3	l	y	True	0.0	0.0	0.0	B		
2434	efchedy	1	0.004	1		efche	dy	cool.flag.adjust.watch.cool.do.end	1	e	y	False	0.0	0.0	0.0	B		
2435	qofchey	1	0.004	1	qo	fche	y	qo:flag.adjust.watch.cool.end	1	f	y	True	0.0	0.0	0.0	B		
2436	olkl	1	0.004	1	ol	k	l	ol:heat.state	0	k	l	False	0.0	0.0	0.0	B		
2437	otory	1	0.004	1	ot	o	ry	ot:arrange.respond.end	0	o	y	False	0.0	0.0	1.0	B		
2438	qotshy	1	0.004	1	qo	tsh	y	qo:transfer.sequence.watch.end	0	t	y	False	0.0	0.0	0.0	B		
2439	chyteey	1	0.004	1	ch	ytee	y	ch:end.transfer.cool.cool.end	2	y	y	True	0.0	0.0	0.0	B		
2440	oltshedy	1	0.004	1	ol	tshe	dy	ol:transfer.sequence.watch.cool.do.end	1	t	y	False	0.0	0.0	0.0	B		
2441	chekes	1	0.004	1	ch	eke	s	ch:cool.heat.cool.sequence	1	e	s	False	0.0	0.0	0.0	B		
2442	polkeey	1	0.004	1	po	lkee	y	po:state.heat.cool.cool.end	2	l	y	True	1.0	1.0	0.0	B		
2443	orkar	1	0.004	1	or	k	ar	or:heat.yield.respond	0	k	r	False	0.0	0.0	0.0	B		
2444	shecphhdy	1	0.004	1	sh	ecphh	dy	sh:cool.adjust.pause.watch.watch.do.end	1	e	y	False	0.0	0.0	0.0	B		
2445	qokched	1	0.004	1	qo	kched		qo:heat.adjust.watch.cool.do	1	k	d	False	0.0	0.0	0.0	B		
2446	oltshey	1	0.004	1	ol	tshe	y	ol:transfer.sequence.watch.cool.end	1	t	y	False	0.0	0.0	0.0	B		
2447	otchotor	1	0.004	1	ot	ot	or	ot:adjust.watch.arrange.transfer.arrange.respond	0	c	r	True	0.0	0.0	0.0	B		
2448	oaan	1	0.004	1		oa	an	arrange.yield.yield.bind	0	o	n	False	0.0	0.0	0.0	B		
2449	cheory	1	0.004	1	ch	eo	ry	ch:cool.arrange.respond.end	1	e	y	False	0.0	0.0	1.0	B		
2450	poldshedy	1	0.004	1	po	ldshe	dy	po:state.do.sequence.watch.cool.do.end	1	l	y	True	1.0	1.0	0.0	B		
2451	olkory	1	0.004	1	ol	ko	ry	ol:heat.arrange.respond.end	0	k	y	False	0.0	0.0	0.0	B		
2452	qotolol	1	0.004	1	qo	tol	ol	qo:transfer.arrange.state.arrange.state	0	t	l	False	0.0	0.0	0.0	B		
2453	olorol	1	0.004	1	ol	or	ol	ol:arrange.respond.arrange.state	0	o	l	False	0.0	0.0	1.0	B		
2454	qorchedy	1	0.004	1	qo	rche	dy	qo:respond.adjust.watch.cool.do.end	1	r	y	True	0.0	0.0	1.0	B		
2455	cseedy	1	0.004	1		csee	dy	adjust.sequence.cool.cool.do.end	2	c	y	True	0.0	0.0	0.0	B		
2456	ycheckhey	1	0.004	1	ch	eckhe	y	[y]ch:cool.adjust.heat.watch.cool.end	1	e	y	False	0.0	1.0	0.0	B		
2457	tedyol	1	0.004	1	te	dy	ol	te:do.end.arrange.state	0	d	l	True	0.0	0.0	0.0	B		
2458	qokechey	1	0.004	1	qo	keche	y	qo:heat.cool.adjust.watch.cool.end	1	k	y	False	0.0	0.0	0.0	B		
2459	lsheckhedy	1	0.004	1	lsh	eckhe	dy	lsh:cool.adjust.heat.watch.cool.do.end	1	e	y	False	0.0	0.0	0.0	B		
2460	pshdy	1	0.004	1	sh	dy		[p]sh:do.end	0	d	y	True	1.0	1.0	0.0	B		
2461	qoltedy	1	0.004	1	qo	lte	dy	qo:state.transfer.cool.do.end	1	l	y	True	0.0	0.0	0.0	B		
2462	dytain	1	0.004	1		dyt	ain	do.end.transfer.yield.iterate.bind	0	d	n	True	0.0	0.0	0.0	B		
2463	olkshey	1	0.004	1	ol	kshe	y	ol:heat.sequence.watch.cool.end	1	k	y	False	0.0	0.0	0.0	B		
2464	ykail	1	0.004	1	yk	ai	l	yk:yield.iterate.state	0	a	l	False	0.0	1.0	0.0	B		
2465	qety	1	0.004	1		qet	y	?.cool.transfer.end	1	q	y	True	0.0	0.0	0.0	B		
2466	cther	1	0.004	1	ct	he	r	ct:watch.cool.respond	1	h	r	True	0.0	0.0	0.0	B		
2467	tolkey	1	0.004	1	to	lke	y	to:state.heat.cool.end	1	l	y	True	1.0	1.0	0.0	B		
2468	okylor	1	0.004	1	ok	yl	or	ok:end.state.arrange.respond	0	y	r	True	0.0	0.0	0.0	B		
2469	dalary	1	0.004	1	da	la	ry	da:state.yield.respond.end	0	l	y	True	0.0	0.0	1.0	B		
2470	ycheear	1	0.004	1	ch	ee	ar	[y]ch:cool.cool.yield.respond	2	e	r	False	0.0	1.0	0.0	B		
2471	dykaiin	1	0.004	1	yk	aiin		[d]yk:yield.iterate.iterate.bind	0	a	n	False	0.0	0.0	0.0	B		
2472	dkeey	1	0.004	1	ke	e	y	[d]ke:cool.end	1	e	y	False	0.0	0.0	0.0	B		
2473	oiiiny	1	0.004	1		oiiin	y	arrange.iterate.iterate.iterate.bind.end	0	o	y	False	0.0	0.0	1.0	B		
2474	odchey	1	0.004	1		odche	y	arrange.do.adjust.watch.cool.end	1	o	y	False	0.0	1.0	0.0	B		
2475	ksheol	1	0.004	1	sh	e	ol	[k]sh:cool.arrange.state	1	e	l	False	0.0	0.0	0.0	B		
2476	otalshdy	1	0.004	1	ot	alsh	dy	ot:yield.state.sequence.watch.do.end	0	a	y	False	0.0	0.0	0.0	B		
2477	skain	1	0.004	1	ka	in		[s]ka:iterate.bind	0	i	n	True	0.0	0.0	0.0	B		
2478	yshees	1	0.004	1	sh	ee	s	[y]sh:cool.cool.sequence	2	e	s	False	0.0	1.0	0.0	B		
2479	orsheedy	1	0.004	1	or	ee	dy	or:sequence.watch.cool.cool.do.end	2	s	y	True	0.0	0.0	0.0	B		
2480	oltshsey	1	0.004	1	ol	tshse	y	ol:transfer.sequence.watch.sequence.cool.end	1	t	y	False	0.0	0.0	0.0	B		
2481	sheepshey	1	0.004	1	sh	eepshe	y	sh:cool.cool.pause.sequence.watch.cool.end	2	e	y	False	0.0	0.0	1.0	B		
2482	otchsdy	1	0.004	1	ot	s	dy	ot:adjust.watch.sequence.do.end	0	c	y	True	0.0	0.0	0.0	B		
2483	sheckhdy	1	0.004	1	sh	eckh	dy	sh:cool.adjust.heat.watch.do.end	1	e	y	False	0.0	0.0	0.0	B		
2484	dag	1	0.004	1	da	g		da:?	0	g	g	True	0.0	0.0	1.0	B		
2485	yefaiin	1	0.004	1		yef	aiin	end.cool.flag.yield.iterate.iterate.bind	1	y	n	True	0.0	0.0	0.0	B		
2486	qokoin	1	0.004	1	qo	k	oin	qo:heat.arrange.iterate.bind	0	k	n	False	0.0	0.0	0.0	B		
2487	ydaral	1	0.004	1	da	r	al	[y]da:respond.yield.state	0	r	l	True	0.0	0.0	1.0	B		
2488	yoraly	1	0.004	1	or	a	ly	[y]or:yield.state.end	0	a	y	False	1.0	1.0	1.0	B		
2489	okolo	1	0.004	1	ok	olo		ok:arrange.state.arrange	0	o	o	False	1.0	1.0	1.0	B		
2490	pdol	1	0.004	1	do	l		[p]do:state	0	l	l	True	1.0	1.0	0.0	B		
2491	qopolkain	1	0.004	1	qo	polk	ain	qo:pause.arrange.state.heat.yield.iterate.bind	0	p	n	True	0.0	0.0	0.0	B		
2492	octhor	1	0.004	1		octh	or	arrange.adjust.transfer.watch.arrange.respond	0	o	r	False	0.0	0.0	0.0	B		
2493	qopcheol	1	0.004	1	qo	pche	ol	qo:pause.adjust.watch.cool.arrange.state	1	p	l	True	0.0	0.0	0.0	B		
2494	oltoiin	1	0.004	1	ol	t	oiin	ol:transfer.arrange.iterate.iterate.bind	0	t	n	False	0.0	0.0	0.0	B		
2495	darshey	1	0.004	1	da	rshe	y	da:respond.sequence.watch.cool.end	1	r	y	True	0.0	0.0	1.0	B		
2496	dykshy	1	0.004	1	yk	y		[d]yk:sequence.watch.end	0	s	y	True	0.0	1.0	0.0	B		
2497	olotchedy	1	0.004	1	ol	otche	dy	ol:arrange.transfer.adjust.watch.cool.do.end	1	o	y	False	0.0	0.0	0.0	B		
2498	qolr	1	0.004	1	qo	l	r	qo:state.respond	0	l	r	True	0.0	0.0	1.0	B		
2499	qokechckhy	1	0.004	1	qo	kechckh	y	qo:heat.cool.adjust.watch.adjust.heat.watch.end	1	k	y	False	0.0	0.0	0.0	B		
2500	cheoltain	1	0.004	1	ch	eolt	ain	ch:cool.arrange.state.transfer.yield.iterate.bind	1	e	n	False	0.0	0.0	0.0	B		
2501	saltar	1	0.004	1	sa	lt	ar	sa:state.transfer.yield.respond	0	l	r	True	0.0	0.0	0.0	B		
2502	solky	1	0.004	1	so	lk	y	so:state.heat.end	0	l	y	True	0.0	1.0	0.0	B		
2503	shkeol	1	0.004	1	sh	ke	ol	sh:heat.cool.arrange.state	1	k	l	False	0.0	0.0	0.0	B		
2504	day	1	0.004	1	da	y		da:end	0	y	y	True	0.0	0.0	1.0	B		
2505	schcthy	1	0.004	1	sch	cth	y	sch:adjust.transfer.watch.end	0	c	y	True	0.0	0.0	0.0	B		
2506	dalched	1	0.004	1	da	lched		da:state.adjust.watch.cool.do	1	l	d	True	0.0	0.0	0.0	B		
2507	epchey	1	0.004	1		epche	y	cool.pause.adjust.watch.cool.end	1	e	y	False	0.0	0.0	0.0	B		
2508	las	1	0.004	1		la	s	state.yield.sequence	0	l	s	True	0.0	0.0	1.0	B		
2509	chedyor	1	0.004	1	ch	edy	or	ch:cool.do.end.arrange.respond	1	e	r	False	0.0	0.0	1.0	B		
2510	eeesal	1	0.004	1		eees	al	cool.cool.cool.sequence.yield.state	3	e	l	False	0.0	0.0	0.0	B		
2511	opcheeky	1	0.004	1		opcheek	y	arrange.pause.adjust.watch.cool.cool.heat.end	2	o	y	False	0.0	0.0	0.0	B		
2512	pcheolkal	1	0.004	1	pch	eolk	al	pch:cool.arrange.state.heat.yield.state	1	e	l	False	1.0	1.0	0.0	B		
2513	cheykain	1	0.004	1	ch	eyk	ain	ch:cool.end.heat.yield.iterate.bind	1	e	n	False	0.0	0.0	0.0	B		
2514	cthcthey	1	0.004	1	ct	hcthe	y	ct:watch.adjust.transfer.watch.cool.end	1	h	y	True	1.0	1.0	0.0	B		
2515	shepchedy	1	0.004	1	sh	epche	dy	sh:cool.pause.adjust.watch.cool.do.end	1	e	y	False	0.0	0.0	0.0	B		
2516	koroiin	1	0.004	1	ko	r	oiin	ko:respond.arrange.iterate.iterate.bind	0	r	n	True	0.0	0.0	0.0	B		
2517	qokady	1	0.004	1	qo	ka	dy	qo:heat.yield.do.end	0	k	y	False	0.0	0.0	1.0	B		
2518	ltalor	1	0.004	1	ta	l	or	[l]ta:state.arrange.respond	0	l	r	True	0.0	0.0	0.0	B		
2519	qokail	1	0.004	1	qo	kai	l	qo:heat.yield.iterate.state	0	k	l	False	0.0	0.0	0.0	B		
2520	alshees	1	0.004	1	al	ee	s	al:sequence.watch.cool.cool.sequence	2	s	s	True	0.0	0.0	1.0	B		
2521	torolshsdy	1	0.004	1	to	rolshs	dy	to:respond.arrange.state.sequence.watch.sequence.do.end	0	r	y	True	1.0	1.0	0.0	B		
2522	ycheeytal	1	0.004	1	ch	eeyt	al	[y]ch:cool.cool.end.transfer.yield.state	2	e	l	False	0.0	1.0	0.0	B		
2523	qokolkain	1	0.004	1	qo	kolk	ain	qo:heat.arrange.state.heat.yield.iterate.bind	0	k	n	False	0.0	0.0	0.0	B		
2524	lolom	1	0.004	1	ol	om		[l]ol:arrange.final	0	o	m	False	0.0	0.0	1.0	B		
2525	polchy	1	0.004	1	po	lch	y	po:state.adjust.watch.end	0	l	y	True	1.0	1.0	0.0	B		
2526	efaloir	1	0.004	1		efaloi	r	cool.flag.yield.state.arrange.iterate.respond	1	e	r	False	0.0	0.0	0.0	B		
2527	ylor	1	0.004	1		yl	or	end.state.arrange.respond	0	y	r	True	0.0	0.0	0.0	B		
2528	oklor	1	0.004	1	ok	l	or	ok:state.arrange.respond	0	l	r	True	0.0	0.0	1.0	B		
2529	okainy	1	0.004	1	ok	ain	y	ok:yield.iterate.bind.end	0	a	y	False	0.0	0.0	1.0	B		
2530	talkl	1	0.004	1	ta	lk	l	ta:state.heat.state	0	l	l	True	0.0	1.0	0.0	B		
2531	tl	1	0.004	1		t	l	transfer.state	0	t	l	False	0.0	0.0	0.0	B		
2532	qoklcheey	1	0.004	1	qo	klchee	y	qo:heat.state.adjust.watch.cool.cool.end	2	k	y	False	0.0	0.0	0.0	B		
2533	eey	1	0.004	1		ee	y	cool.cool.end	2	e	y	False	0.0	0.0	0.0	B		
2534	otlol	1	0.004	1	ot	l	ol	ot:state.arrange.state	0	l	l	True	0.0	0.0	1.0	B		
2535	dolfchedy	1	0.004	1	do	lfche	dy	do:state.flag.adjust.watch.cool.do.end	1	l	y	True	0.0	0.0	0.0	B		
2536	shectyhy	1	0.004	1	sh	ectyh	y	sh:cool.adjust.transfer.end.watch.end	1	e	y	False	0.0	0.0	0.0	B		
2537	polshol	1	0.004	1	po	lsh	ol	po:state.sequence.watch.arrange.state	0	l	l	True	1.0	1.0	0.0	B		
2538	qotshey	1	0.004	1	qo	tshe	y	qo:transfer.sequence.watch.cool.end	1	t	y	False	0.0	0.0	0.0	B		
2539	stolpchy	1	0.004	1	to	lpch	y	[s]to:state.pause.adjust.watch.end	0	l	y	True	0.0	0.0	1.0	B		
2540	taldain	1	0.004	1	ta	ld	ain	ta:state.do.yield.iterate.bind	0	l	n	True	0.0	0.0	0.0	B		
2541	rorcheey	1	0.004	1	or	ee	y	[r]or:adjust.watch.cool.cool.end	2	c	y	True	0.0	0.0	0.0	B		
2542	qopalor	1	0.004	1	qo	pal	or	qo:pause.yield.state.arrange.respond	0	p	r	True	0.0	0.0	1.0	B		
2543	cheoldy	1	0.004	1	ch	eol	dy	ch:cool.arrange.state.do.end	1	e	y	False	0.0	0.0	0.0	B		
2544	qotlolkal	1	0.004	1	qo	tlolk	al	qo:transfer.state.arrange.state.heat.yield.state	0	t	l	False	0.0	0.0	0.0	B		
2545	chedyr	1	0.004	1	ch	edy	r	ch:cool.do.end.respond	1	e	r	False	0.0	0.0	1.0	B		
2546	qokopy	1	0.004	1	qo	kop	y	qo:heat.arrange.pause.end	0	k	y	False	0.0	0.0	0.0	B		
2547	olpoikhy	1	0.004	1	ol	poikh	y	ol:pause.arrange.iterate.heat.watch.end	0	p	y	True	0.0	0.0	0.0	B		
2548	qorar	1	0.004	1	qo	r	ar	qo:respond.yield.respond	0	r	r	True	0.0	0.0	0.0	B		
2549	yrchey	1	0.004	1	rch	e	y	[y]rch:cool.end	1	e	y	False	0.0	0.0	0.0	B		
2550	polteshol	1	0.004	1	po	ltesh	ol	po:state.transfer.cool.sequence.watch.arrange.state	1	l	l	True	1.0	1.0	0.0	B		
2551	kolshd	1	0.004	1	ko	lshd		ko:state.sequence.watch.do	0	l	d	True	0.0	0.0	0.0	B		
2552	okalchy	1	0.004	1	ok	alch	y	ok:yield.state.adjust.watch.end	0	a	y	False	0.0	0.0	0.0	B		
2553	qoker	1	0.004	1	qo	ke	r	qo:heat.cool.respond	1	k	r	False	0.0	0.0	0.0	B		
2554	tchcthy	1	0.004	1	tch	cth	y	tch:adjust.transfer.watch.end	0	c	y	True	0.0	0.0	0.0	B		
2555	sheyr	1	0.004	1	sh	ey	r	sh:cool.end.respond	1	e	r	False	0.0	0.0	0.0	B		
2556	ylchdy	1	0.004	1	lch	dy		[y]lch:do.end	0	d	y	True	0.0	0.0	0.0	B		
2557	polshdy	1	0.004	1	po	lsh	dy	po:state.sequence.watch.do.end	0	l	y	True	0.0	1.0	0.0	B		
2558	ololchey	1	0.004	1	ol	olche	y	ol:arrange.state.adjust.watch.cool.end	1	o	y	False	0.0	0.0	1.0	B		
2559	dalar	1	0.004	1	da	l	ar	da:state.yield.respond	0	l	r	True	0.0	0.0	0.0	B		
2560	ofshdy	1	0.004	1		ofsh	dy	arrange.flag.sequence.watch.do.end	0	o	y	False	0.0	0.0	0.0	B		
2561	lshl	1	0.004	1	lsh	l		lsh:state	0	l	l	True	0.0	0.0	0.0	B		
2562	eses	1	0.004	1		ese	s	cool.sequence.cool.sequence	1	e	s	False	0.0	0.0	0.0	B		
2563	oeeedy	1	0.004	1		oeee	dy	arrange.cool.cool.cool.do.end	3	o	y	False	0.0	0.0	1.0	B		
2564	oroiry	1	0.004	1	or	oi	ry	or:arrange.iterate.respond.end	0	o	y	False	0.0	0.0	1.0	B		
2565	ychecthy	1	0.004	1	ch	ecth	y	[y]ch:cool.adjust.transfer.watch.end	1	e	y	False	0.0	1.0	0.0	B		
2566	ochedar	1	0.004	1		oched	ar	arrange.adjust.watch.cool.do.yield.respond	1	o	r	False	0.0	0.0	1.0	B		
2567	osheedy	1	0.004	1		oshee	dy	arrange.sequence.watch.cool.cool.do.end	2	o	y	False	0.0	1.0	0.0	B		
2568	parody	1	0.004	1	ar	o	dy	[p]ar:arrange.do.end	0	o	y	False	1.0	1.0	0.0	B		
2569	okais	1	0.004	1	ok	ai	s	ok:yield.iterate.sequence	0	a	s	False	0.0	0.0	0.0	B		
2570	qcthdys	1	0.004	1		qcthdy	s	?.adjust.transfer.watch.do.end.sequence	0	q	s	True	0.0	0.0	1.0	B		
2571	qokesdy	1	0.004	1	qo	kes	dy	qo:heat.cool.sequence.do.end	1	k	y	False	0.0	1.0	0.0	B		
2572	lchcthy	1	0.004	1	lch	cth	y	lch:adjust.transfer.watch.end	0	c	y	True	0.0	0.0	0.0	B		
2573	olkshdy	1	0.004	1	ol	ksh	dy	ol:heat.sequence.watch.do.end	0	k	y	False	0.0	0.0	1.0	B		
2574	dykain	1	0.004	1	yk	ain		[d]yk:yield.iterate.bind	0	a	n	False	0.0	0.0	0.0	B		
2575	oshyteed	1	0.004	1		oshyteed		arrange.sequence.watch.end.transfer.cool.cool.do	2	o	d	False	0.0	0.0	0.0	B		
2576	dairam	1	0.004	1	da	ir	am	da:iterate.respond.yield.final	0	i	m	True	0.0	0.0	1.0	B		
2577	okylky	1	0.004	1	ok	ylk	y	ok:end.state.heat.end	0	y	y	True	0.0	0.0	0.0	B		
2578	dsholyd	1	0.004	1	sh	olyd		[d]sh:arrange.state.end.do	0	o	d	False	0.0	0.0	1.0	B		
2579	lkedey	1	0.004	1	lk	ede	y	lk:cool.do.cool.end	1	e	y	False	0.0	0.0	0.0	B		
2580	ykecsey	1	0.004	1	yk	ecse	y	yk:cool.adjust.sequence.cool.end	1	e	y	False	0.0	1.0	0.0	B		
2581	ykeda	1	0.004	1	yk	eda		yk:cool.do.yield	1	e	a	False	0.0	0.0	0.0	B		
2582	iphy	1	0.004	1		iph	y	iterate.pause.watch.end	0	i	y	True	0.0	0.0	0.0	B		
2583	lchpchdy	1	0.004	1	lch	pch	dy	lch:pause.adjust.watch.do.end	0	p	y	True	0.0	0.0	1.0	B		
2584	salshcthdy	1	0.004	1	sa	lshcth	dy	sa:state.sequence.watch.adjust.transfer.watch.do.end	0	l	y	True	0.0	0.0	0.0	B		
2585	rshdy	1	0.004	1	sh	dy		[r]sh:do.end	0	d	y	True	0.0	0.0	0.0	B		
2586	sshkchdy	1	0.004	1	sh	kch	dy	[s]sh:heat.adjust.watch.do.end	0	k	y	False	0.0	1.0	0.0	B		
2587	dcsedy	1	0.004	1		dcse	dy	do.adjust.sequence.cool.do.end	1	d	y	True	0.0	0.0	0.0	B		
2588	qoldy	1	0.004	1	qo	l	dy	qo:state.do.end	0	l	y	True	0.0	0.0	0.0	B		
2589	lsho	1	0.004	1	lsh	o		lsh:arrange	0	o	o	False	0.0	1.0	0.0	B		
2590	lchedal	1	0.004	1	lch	ed	al	lch:cool.do.yield.state	1	e	l	False	0.0	0.0	0.0	B		
2591	lohedy	1	0.004	1		lohe	dy	state.arrange.watch.cool.do.end	1	l	y	True	0.0	0.0	0.0	B		
2592	chtedytar	1	0.004	1	ch	tedyt	ar	ch:transfer.cool.do.end.transfer.yield.respond	1	t	r	False	0.0	0.0	1.0	B		
2593	qekchy	1	0.004	1		qekch	y	?.cool.heat.adjust.watch.end	1	q	y	True	0.0	0.0	0.0	B		
2594	yshchey	1	0.004	1	sh	e	y	[y]sh:adjust.watch.cool.end	1	c	y	True	0.0	0.0	0.0	B		
2595	tchd	1	0.004	1	tch	d		tch:do	0	d	d	True	0.0	0.0	0.0	B		
2596	chechol	1	0.004	1	ch	ech	ol	ch:cool.adjust.watch.arrange.state	1	e	l	False	0.0	0.0	0.0	B		
2597	otoin	1	0.004	1	ot	oin		ot:arrange.iterate.bind	0	o	n	False	1.0	1.0	0.0	B		
2598	qocseedy	1	0.004	1	qo	csee	dy	qo:adjust.sequence.cool.cool.do.end	2	c	y	True	1.0	1.0	0.0	B		
2599	lcheckhedy	1	0.004	1	lch	eckhe	dy	lch:cool.adjust.heat.watch.cool.do.end	1	e	y	False	0.0	0.0	0.0	B		
2600	octheol	1	0.004	1		octhe	ol	arrange.adjust.transfer.watch.cool.arrange.state	1	o	l	False	0.0	0.0	0.0	B		
2601	sotaiin	1	0.004	1	so	t	aiin	so:transfer.yield.iterate.iterate.bind	0	t	n	False	0.0	0.0	0.0	B		
2602	sshol	1	0.004	1	sh	ol		[s]sh:arrange.state	0	o	l	False	0.0	1.0	0.0	B		
2603	dairchey	1	0.004	1	da	irche	y	da:iterate.respond.adjust.watch.cool.end	1	i	y	True	0.0	0.0	0.0	B		
2604	kolchdy	1	0.004	1	ko	lch	dy	ko:state.adjust.watch.do.end	0	l	y	True	1.0	1.0	0.0	B		
2605	chopchedy	1	0.004	1	ch	opche	dy	ch:arrange.pause.adjust.watch.cool.do.end	1	o	y	False	0.0	0.0	0.0	B		
2606	qodched	1	0.004	1	qo	dched		qo:do.adjust.watch.cool.do	1	d	d	True	0.0	0.0	0.0	B		
2607	olqo	1	0.004	1	ol	qo		ol:?.arrange	0	q	o	True	0.0	0.0	0.0	B		
2608	checkho	1	0.004	1	ch	eckho		ch:cool.adjust.heat.watch.arrange	1	e	o	False	0.0	0.0	0.0	B		
2609	lolol	1	0.004	1	ol	ol		[l]ol:arrange.state	0	o	l	False	0.0	0.0	0.0	B		
2610	raity	1	0.004	1		rait	y	respond.yield.iterate.transfer.end	0	r	y	True	0.0	0.0	0.0	B		
2611	rolchey	1	0.004	1	ol	e	y	[r]ol:adjust.watch.cool.end	1	c	y	True	0.0	0.0	1.0	B		
2612	lsoraiin	1	0.004	1	so	r	aiin	[l]so:respond.yield.iterate.iterate.bind	0	r	n	True	0.0	0.0	0.0	B		
2613	posalshy	1	0.004	1	po	salsh	y	po:sequence.yield.state.sequence.watch.end	0	s	y	True	1.0	1.0	0.0	B		
2614	cphal	1	0.004	1		cph	al	adjust.pause.watch.yield.state	0	c	l	True	0.0	0.0	0.0	B		
2615	rolshey	1	0.004	1	ol	e	y	[r]ol:sequence.watch.cool.end	1	s	y	True	0.0	0.0	0.0	B		
2616	qoesedy	1	0.004	1	qo	ese	dy	qo:cool.sequence.cool.do.end	1	e	y	False	0.0	0.0	0.0	B		
2617	sheeerl	1	0.004	1	sh	eeer	l	sh:cool.cool.cool.respond.state	3	e	l	False	0.0	0.0	0.0	B		
2618	rsheal	1	0.004	1	sh	e	al	[r]sh:cool.yield.state	1	e	l	False	0.0	0.0	0.0	B		
2619	lochedy	1	0.004	1		loche	dy	state.arrange.adjust.watch.cool.do.end	1	l	y	True	0.0	0.0	1.0	B		
2620	okchhy	1	0.004	1	ok	h	y	ok:adjust.watch.watch.end	0	c	y	True	0.0	0.0	0.0	B		
2621	lcheeor	1	0.004	1	lch	ee	or	lch:cool.cool.arrange.respond	2	e	r	False	0.0	0.0	0.0	B		
2622	teoiin	1	0.004	1	te	oiin		te:arrange.iterate.iterate.bind	0	o	n	False	0.0	1.0	0.0	B		
2623	ikhey	1	0.004	1		ikhe	y	iterate.heat.watch.cool.end	1	i	y	True	0.0	0.0	0.0	B		
2624	tokol	1	0.004	1	to	k	ol	to:heat.arrange.state	0	k	l	False	1.0	1.0	0.0	B		
2625	otdal	1	0.004	1	ot	d	al	ot:do.yield.state	0	d	l	True	0.0	0.0	0.0	B		
2626	qoteytyqoky	1	0.004	1	qo	teytyqok	y	qo:transfer.cool.end.transfer.end.?.arrange.heat.end	1	t	y	False	0.0	0.0	0.0	B		
2627	qocthes	1	0.004	1	qo	cthe	s	qo:adjust.transfer.watch.cool.sequence	1	c	s	True	0.0	0.0	0.0	B		
2628	rsheol	1	0.004	1	sh	e	ol	[r]sh:cool.arrange.state	1	e	l	False	0.0	0.0	0.0	B		
2629	okai	1	0.004	1	ok	ai		ok:yield.iterate	0	a	i	False	0.0	0.0	0.0	B		
2630	rches	1	0.004	1	rch	e	s	rch:cool.sequence	1	e	s	False	0.0	0.0	0.0	B		
2631	tolsheol	1	0.004	1	to	lshe	ol	to:state.sequence.watch.cool.arrange.state	1	l	l	True	1.0	1.0	0.0	B		
2632	qolkedy	1	0.004	1	qo	lke	dy	qo:state.heat.cool.do.end	1	l	y	True	0.0	0.0	0.0	B		
2633	rsheedar	1	0.004	1	sh	eed	ar	[r]sh:cool.cool.do.yield.respond	2	e	r	False	0.0	0.0	0.0	B		
2634	oinaly	1	0.004	1		oina	ly	arrange.iterate.bind.yield.state.end	0	o	y	False	0.0	0.0	1.0	B		
2635	okaraly	1	0.004	1	ok	ara	ly	ok:yield.respond.yield.state.end	0	a	y	False	0.0	0.0	1.0	B		
2636	qolkshey	1	0.004	1	qo	lkshe	y	qo:state.heat.sequence.watch.cool.end	1	l	y	True	0.0	0.0	0.0	B		
2637	olcheckhy	1	0.004	1	ol	eckh	y	ol:adjust.watch.cool.adjust.heat.watch.end	1	c	y	True	0.0	0.0	0.0	B		
2638	dytary	1	0.004	1		dyta	ry	do.end.transfer.yield.respond.end	0	d	y	True	0.0	0.0	0.0	B		
2639	lgl	1	0.004	1		lg	l	state.?.state	0	l	l	True	0.0	0.0	1.0	B		
2640	kechey	1	0.004	1	ke	e	y	ke:adjust.watch.cool.end	1	c	y	True	0.0	0.0	0.0	B		
2641	tchdarol	1	0.004	1	tch	dar	ol	tch:do.yield.respond.arrange.state	0	d	l	True	0.0	0.0	0.0	B		
2642	sheytchdy	1	0.004	1	sh	eytch	dy	sh:cool.end.transfer.adjust.watch.do.end	1	e	y	False	0.0	0.0	0.0	B		
2643	olchesy	1	0.004	1	ol	es	y	ol:adjust.watch.cool.sequence.end	1	c	y	True	0.0	0.0	0.0	B		
2644	aindar	1	0.004	1		aind	ar	yield.iterate.bind.do.yield.respond	0	a	r	False	0.0	0.0	1.0	B		
2645	qokalsh	1	0.004	1	qo	kalsh		qo:heat.yield.state.sequence.watch	0	k	h	False	0.0	0.0	0.0	B		
2646	olshalsy	1	0.004	1	ol	als	y	ol:sequence.watch.yield.state.sequence.end	0	s	y	True	0.0	0.0	1.0	B		
2647	loraiin	1	0.004	1	or	aiin		[l]or:yield.iterate.iterate.bind	0	a	n	False	0.0	0.0	0.0	B		
2648	qfol	1	0.004	1		qf	ol	?.flag.arrange.state	0	q	l	True	0.0	0.0	0.0	B		
2649	yckhey	1	0.004	1		yckhe	y	end.adjust.heat.watch.cool.end	1	y	y	True	0.0	1.0	0.0	B		
2650	qsain	1	0.004	1		qs	ain	?.sequence.yield.iterate.bind	0	q	n	True	0.0	0.0	0.0	B		
2651	dym	1	0.004	1		dy	m	do.end.final	0	d	m	True	0.0	0.0	1.0	B		
2652	sheecthey	1	0.004	1	sh	eecthe	y	sh:cool.cool.adjust.transfer.watch.cool.end	2	e	y	False	0.0	0.0	0.0	B		
2653	daltedy	1	0.004	1	da	lte	dy	da:state.transfer.cool.do.end	1	l	y	True	0.0	0.0	0.0	B		
2654	rcheold	1	0.004	1	rch	eold		rch:cool.arrange.state.do	1	e	d	False	0.0	0.0	1.0	B		
2655	dalchckhy	1	0.004	1	da	lchckh	y	da:state.adjust.watch.adjust.heat.watch.end	0	l	y	True	0.0	0.0	0.0	B		
2656	olkeeyr	1	0.004	1	ol	keey	r	ol:heat.cool.cool.end.respond	2	k	r	False	0.0	0.0	1.0	B		
2657	opcsedy	1	0.004	1		opcse	dy	arrange.pause.adjust.sequence.cool.do.end	1	o	y	False	0.0	0.0	0.0	B		
2658	chepol	1	0.004	1	ch	ep	ol	ch:cool.pause.arrange.state	1	e	l	False	0.0	0.0	0.0	B		
2659	shetar	1	0.004	1	sh	et	ar	sh:cool.transfer.yield.respond	1	e	r	False	0.0	0.0	0.0	B		
2660	cheg	1	0.004	1	ch	e	g	ch:cool.?	1	e	g	False	0.0	0.0	0.0	B		
2661	chedchy	1	0.004	1	ch	edch	y	ch:cool.do.adjust.watch.end	1	e	y	False	0.0	0.0	0.0	B		
2662	solshed	1	0.004	1	so	lshed		so:state.sequence.watch.cool.do	1	l	d	True	0.0	1.0	0.0	B		
2663	shecthedchy	1	0.004	1	sh	ecthedch	y	sh:cool.adjust.transfer.watch.cool.do.adjust.watch.end	1	e	y	False	0.0	0.0	0.0	B		
2664	checphedy	1	0.004	1	ch	ecphe	dy	ch:cool.adjust.pause.watch.cool.do.end	1	e	y	False	0.0	0.0	0.0	B		
2665	shedkedy	1	0.004	1	sh	edke	dy	sh:cool.do.heat.cool.do.end	1	e	y	False	0.0	0.0	0.0	B		
2666	qofshdy	1	0.004	1	qo	fsh	dy	qo:flag.sequence.watch.do.end	0	f	y	True	0.0	0.0	0.0	B		
2667	rchs	1	0.004	1	rch	s		rch:sequence	0	s	s	True	0.0	0.0	0.0	B		
2668	cheen	1	0.004	1	ch	ee	n	ch:cool.cool.bind	2	e	n	False	0.0	0.0	0.0	B		
2669	skal	1	0.004	1	ka	l		[s]ka:state	0	l	l	True	0.0	0.0	0.0	B		
2670	cthal	1	0.004	1	ct	h	al	ct:watch.yield.state	0	h	l	True	0.0	0.0	0.0	B		
2671	qockhol	1	0.004	1	qo	ckh	ol	qo:adjust.heat.watch.arrange.state	0	c	l	True	0.0	1.0	0.0	B		
2672	cseckhdy	1	0.004	1		cseckh	dy	adjust.sequence.cool.adjust.heat.watch.do.end	1	c	y	True	0.0	0.0	0.0	B		
2673	ckol	1	0.004	1		ck	ol	adjust.heat.arrange.state	0	c	l	True	0.0	0.0	0.0	B		
2674	saltedy	1	0.004	1	sa	lte	dy	sa:state.transfer.cool.do.end	1	l	y	True	0.0	0.0	0.0	B		
2675	qpchedy	1	0.004	1		qpche	dy	?.pause.adjust.watch.cool.do.end	1	q	y	True	0.0	0.0	0.0	B		
2676	lchcphedy	1	0.004	1	lch	cphe	dy	lch:adjust.pause.watch.cool.do.end	1	c	y	True	0.0	0.0	0.0	B		
2677	chldaiin	1	0.004	1	ch	ld	aiin	ch:state.do.yield.iterate.iterate.bind	0	l	n	True	0.0	0.0	0.0	B		
2678	chealror	1	0.004	1	ch	ealr	or	ch:cool.yield.state.respond.arrange.respond	1	e	r	False	0.0	0.0	1.0	B		
2679	schety	1	0.004	1	sch	et	y	sch:cool.transfer.end	1	e	y	False	0.0	0.0	1.0	B		
2680	shocphedy	1	0.004	1	sh	ocphe	dy	sh:arrange.adjust.pause.watch.cool.do.end	1	o	y	False	0.0	0.0	0.0	B		
2681	soldy	1	0.004	1	so	l	dy	so:state.do.end	0	l	y	True	0.0	0.0	1.0	B		
2682	qetal	1	0.004	1		qet	al	?.cool.transfer.yield.state	1	q	l	True	0.0	0.0	0.0	B		
2683	cheeety	1	0.004	1	ch	eeet	y	ch:cool.cool.cool.transfer.end	3	e	y	False	0.0	0.0	0.0	B		
2684	schedair	1	0.004	1	sch	edai	r	sch:cool.do.yield.iterate.respond	1	e	r	False	0.0	1.0	0.0	B		
2685	shecthedy	1	0.004	1	sh	ecthe	dy	sh:cool.adjust.transfer.watch.cool.do.end	1	e	y	False	0.0	0.0	0.0	B		
2686	olsaly	1	0.004	1	ol	sa	ly	ol:sequence.yield.state.end	0	s	y	True	0.0	0.0	0.0	B		
2687	qokylddy	1	0.004	1	qo	kyld	dy	qo:heat.end.state.do.do.end	0	k	y	False	0.0	0.0	1.0	B		
2688	kesd	1	0.004	1	ke	sd		ke:sequence.do	0	s	d	True	0.0	0.0	0.0	B		
2689	sairn	1	0.004	1	sa	ir	n	sa:iterate.respond.bind	0	i	n	True	0.0	0.0	1.0	B		
2690	techedy	1	0.004	1	te	e	dy	te:adjust.watch.cool.do.end	1	c	y	True	0.0	1.0	0.0	B		
2691	dolshed	1	0.004	1	do	lshed		do:state.sequence.watch.cool.do	1	l	d	True	0.0	0.0	0.0	B		
2692	dairydy	1	0.004	1	da	iry	dy	da:iterate.respond.end.do.end	0	i	y	True	0.0	0.0	1.0	B		
2693	solkey	1	0.004	1	so	lke	y	so:state.heat.cool.end	1	l	y	True	0.0	1.0	0.0	B		
2694	qotyl	1	0.004	1	qo	ty	l	qo:transfer.end.state	0	t	l	False	0.0	0.0	0.0	B		
2695	skar	1	0.004	1	ka	r		[s]ka:respond	0	r	r	True	0.0	1.0	0.0	B		
2696	chtorol	1	0.004	1	ch	tor	ol	ch:transfer.arrange.respond.arrange.state	0	t	l	False	1.0	1.0	1.0	B		
2697	olsaiin	1	0.004	1	ol	s	aiin	ol:sequence.yield.iterate.iterate.bind	0	s	n	True	1.0	1.0	1.0	B		
2698	saroldal	1	0.004	1	sa	rold	al	sa:respond.arrange.state.do.yield.state	0	r	l	True	1.0	1.0	1.0	B		
2699	darolsy	1	0.004	1	da	rols	y	da:respond.arrange.state.sequence.end	0	r	y	True	1.0	1.0	1.0	B		
2700	qekey	1	0.004	1		qeke	y	?.cool.heat.cool.end	1	q	y	True	0.0	0.0	0.0	B		
2701	solchkal	1	0.004	1	so	lchk	al	so:state.adjust.watch.heat.yield.state	0	l	l	True	0.0	1.0	0.0	B		
2702	ldalor	1	0.004	1	da	l	or	[l]da:state.arrange.respond	0	l	r	True	0.0	0.0	1.0	B		
2703	rtain	1	0.004	1	ta	in		[r]ta:iterate.bind	0	i	n	True	0.0	0.0	0.0	B		
2704	poldaky	1	0.004	1	po	ldak	y	po:state.do.yield.heat.end	0	l	y	True	1.0	1.0	0.0	B		
2705	chtair	1	0.004	1	ch	tai	r	ch:transfer.yield.iterate.respond	0	t	r	False	0.0	0.0	0.0	B		
2706	qotaldy	1	0.004	1	qo	tal	dy	qo:transfer.yield.state.do.end	0	t	y	False	0.0	0.0	0.0	B		
2707	doldy	1	0.004	1	do	l	dy	do:state.do.end	0	l	y	True	0.0	0.0	0.0	B		
2708	sheoldy	1	0.004	1	sh	eol	dy	sh:cool.arrange.state.do.end	1	e	y	False	0.0	0.0	0.0	B		
2709	qokalol	1	0.004	1	qo	kal	ol	qo:heat.yield.state.arrange.state	0	k	l	False	0.0	0.0	0.0	B		
2710	olkshedy	1	0.004	1	ol	kshe	dy	ol:heat.sequence.watch.cool.do.end	1	k	y	False	0.0	0.0	0.0	B		
2711	rolkeedy	1	0.004	1	ol	kee	dy	[r]ol:heat.cool.cool.do.end	2	k	y	False	0.0	1.0	0.0	B		
2712	ololary	1	0.004	1	ol	ola	ry	ol:arrange.state.yield.respond.end	0	o	y	False	1.0	1.0	1.0	B		
2713	okarchy	1	0.004	1	ok	arch	y	ok:yield.respond.adjust.watch.end	0	a	y	False	1.0	1.0	1.0	B		
2714	pchedas	1	0.004	1	pch	eda	s	pch:cool.do.yield.sequence	1	e	s	False	1.0	1.0	0.0	B		
2715	shedas	1	0.004	1	sh	eda	s	sh:cool.do.yield.sequence	1	e	s	False	0.0	0.0	0.0	B		
2716	okail	1	0.004	1	ok	ai	l	ok:yield.iterate.state	0	a	l	False	0.0	0.0	0.0	B		
2717	lsheg	1	0.004	1	lsh	e	g	lsh:cool.?	1	e	g	False	0.0	0.0	1.0	B		
2718	lldar	1	0.004	1		lld	ar	state.state.do.yield.respond	0	l	r	True	0.0	0.0	0.0	B		
2719	salched	1	0.004	1	sa	lched		sa:state.adjust.watch.cool.do	1	l	d	True	0.0	1.0	0.0	B		
2720	qolchdy	1	0.004	1	qo	lch	dy	qo:state.adjust.watch.do.end	0	l	y	True	0.0	0.0	0.0	B		
2721	chaloly	1	0.004	1	ch	alo	ly	ch:yield.state.arrange.state.end	0	a	y	False	0.0	0.0	1.0	B		
2722	qokaoy	1	0.004	1	qo	kao	y	qo:heat.yield.arrange.end	0	k	y	False	0.0	0.0	1.0	B		
2723	qolteedy	1	0.004	1	qo	ltee	dy	qo:state.transfer.cool.cool.do.end	2	l	y	True	0.0	0.0	0.0	B		
2724	tocthey	1	0.004	1	to	cthe	y	to:adjust.transfer.watch.cool.end	1	c	y	True	0.0	1.0	0.0	B		
2725	sheolkain	1	0.004	1	sh	eolk	ain	sh:cool.arrange.state.heat.yield.iterate.bind	1	e	n	False	0.0	0.0	0.0	B		
2726	cheolkain	1	0.004	1	ch	eolk	ain	ch:cool.arrange.state.heat.yield.iterate.bind	1	e	n	False	0.0	0.0	0.0	B		
2727	dalshal	1	0.004	1	da	lsh	al	da:state.sequence.watch.yield.state	0	l	l	True	0.0	0.0	0.0	B		
2728	shldy	1	0.004	1	sh	l	dy	sh:state.do.end	0	l	y	True	0.0	0.0	0.0	B		
2729	otechd	1	0.004	1	ot	echd		ot:cool.adjust.watch.do	1	e	d	False	0.0	0.0	0.0	B		
2730	lols	1	0.004	1	ol	s		[l]ol:sequence	0	s	s	True	0.0	0.0	1.0	B		
2731	oqo	1	0.004	1		oqo		arrange.?.arrange	0	o	o	False	0.0	0.0	0.0	B		
2732	sheam	1	0.004	1	sh	e	am	sh:cool.yield.final	1	e	m	False	0.0	0.0	1.0	B		
2733	qotals	1	0.004	1	qo	tal	s	qo:transfer.yield.state.sequence	0	t	s	False	0.0	0.0	1.0	B		
2734	oyshey	1	0.004	1		oyshe	y	arrange.end.sequence.watch.cool.end	1	o	y	False	0.0	1.0	0.0	B		
2735	olohy	1	0.004	1	ol	oh	y	ol:arrange.watch.end	0	o	y	False	0.0	0.0	1.0	B		
2736	lmyl	1	0.004	1		lmy	l	state.final.end.state	0	l	l	True	1.0	1.0	1.0	B		
2737	shekar	1	0.004	1	sh	ek	ar	sh:cool.heat.yield.respond	1	e	r	False	0.0	0.0	1.0	B		
2738	doiis	1	0.004	1	do	ii	s	do:iterate.iterate.sequence	0	i	s	True	1.0	1.0	1.0	B		
2739	okolshy	1	0.004	1	ok	olsh	y	ok:arrange.state.sequence.watch.end	0	o	y	False	1.0	1.0	1.0	B		
2740	opshed	1	0.004	1		opshed		arrange.pause.sequence.watch.cool.do	1	o	d	False	0.0	0.0	0.0	B		
2741	ykcsedy	1	0.004	1	yk	cse	dy	yk:adjust.sequence.cool.do.end	1	c	y	True	0.0	0.0	0.0	B		
2742	schckhy	1	0.004	1	sch	ckh	y	sch:adjust.heat.watch.end	0	c	y	True	0.0	0.0	0.0	B		
2743	schey	1	0.004	1	sch	e	y	sch:cool.end	1	e	y	False	0.0	0.0	0.0	B		
2744	yqokain	1	0.004	1	qo	k	ain	[y]qo:heat.yield.iterate.bind	0	k	n	False	0.0	0.0	0.0	B		
2745	pchcfhdy	1	0.004	1	pch	cfh	dy	pch:adjust.flag.watch.do.end	0	c	y	True	0.0	0.0	0.0	B		
2746	tory	1	0.004	1	to	ry		to:respond.end	0	r	y	True	0.0	0.0	0.0	B		
2747	qotchsdy	1	0.004	1	qo	tchs	dy	qo:transfer.adjust.watch.sequence.do.end	0	t	y	False	0.0	1.0	0.0	B		
2748	otaiiin	1	0.004	1	ot	ai	iin	ot:yield.iterate.iterate.iterate.bind	0	a	n	False	0.0	0.0	0.0	B		
2749	palchd	1	0.004	1	al	d		[p]al:adjust.watch.do	0	c	d	True	1.0	1.0	0.0	B		
2750	oqofchedy	1	0.004	1		oqofche	dy	arrange.?.arrange.flag.adjust.watch.cool.do.end	1	o	y	False	0.0	0.0	0.0	B		
2751	ofoly	1	0.004	1		ofo	ly	arrange.flag.arrange.state.end	0	o	y	False	0.0	0.0	0.0	B		
2752	yqor	1	0.004	1	qo	r		[y]qo:respond	0	r	r	True	0.0	0.0	0.0	B		
2753	qokolchedy	1	0.004	1	qo	kolche	dy	qo:heat.arrange.state.adjust.watch.cool.do.end	1	k	y	False	0.0	0.0	0.0	B		
2754	qsolkeedy	1	0.004	1		qsolkee	dy	?.sequence.arrange.state.heat.cool.cool.do.end	2	q	y	True	0.0	0.0	0.0	B		
2755	ykchdar	1	0.004	1	yk	d	ar	yk:adjust.watch.do.yield.respond	0	c	r	True	0.0	1.0	0.0	B		
2756	olkeed	1	0.004	1	ol	keed		ol:heat.cool.cool.do	2	k	d	False	0.0	0.0	0.0	B		
2757	shckhchy	1	0.004	1	sh	ckhch	y	sh:adjust.heat.watch.adjust.watch.end	0	c	y	True	0.0	0.0	0.0	B		
2758	aryly	1	0.004	1	ar	y	ly	ar:end.state.end	0	y	y	True	0.0	0.0	1.0	B		
2759	ytchor	1	0.004	1	tch	or		[y]tch:arrange.respond	0	o	r	False	0.0	0.0	0.0	B		
2760	olcsedy	1	0.004	1	ol	cse	dy	ol:adjust.sequence.cool.do.end	1	c	y	True	0.0	0.0	0.0	B		
2761	skeey	1	0.004	1	ke	e	y	[s]ke:cool.end	1	e	y	False	0.0	0.0	0.0	B		
2762	osy	1	0.004	1		os	y	arrange.sequence.end	0	o	y	False	0.0	0.0	1.0	B		
2763	ithhy	1	0.004	1		ithh	y	iterate.transfer.watch.watch.end	0	i	y	True	0.0	0.0	0.0	B		
2764	doledy	1	0.004	1	do	le	dy	do:state.cool.do.end	1	l	y	True	0.0	1.0	0.0	B		
2765	otdy	1	0.004	1	ot	dy		ot:do.end	0	d	y	True	1.0	1.0	0.0	B		
2766	cfhdorol	1	0.004	1		cfhdor	ol	adjust.flag.watch.do.arrange.respond.arrange.state	0	c	l	True	0.0	0.0	1.0	B		
2767	cseol	1	0.004	1		cse	ol	adjust.sequence.cool.arrange.state	1	c	l	True	0.0	1.0	0.0	B		
2768	teedam	1	0.004	1	te	ed	am	te:cool.do.yield.final	1	e	m	False	0.0	0.0	1.0	B		
2769	shedol	1	0.004	1	sh	ed	ol	sh:cool.do.arrange.state	1	e	l	False	0.0	1.0	0.0	B		
2770	dokedy	1	0.004	1	do	ke	dy	do:heat.cool.do.end	1	k	y	False	0.0	0.0	0.0	B		
2771	dolkedy	1	0.004	1	do	lke	dy	do:state.heat.cool.do.end	1	l	y	True	0.0	0.0	0.0	B		
2772	rkchdy	1	0.004	1	kch	dy		[r]kch:do.end	0	d	y	True	0.0	0.0	0.0	B		
2773	solkes	1	0.004	1	so	lke	s	so:state.heat.cool.sequence	1	l	s	True	0.0	1.0	0.0	B		
2774	olokar	1	0.004	1	ol	ok	ar	ol:arrange.heat.yield.respond	0	o	r	False	0.0	0.0	0.0	B		
2775	shkol	1	0.004	1	sh	k	ol	sh:heat.arrange.state	0	k	l	False	0.0	0.0	0.0	B		
2776	tolshy	1	0.004	1	to	lsh	y	to:state.sequence.watch.end	0	l	y	True	0.0	1.0	0.0	B		
2777	cfheey	1	0.004	1		cfhee	y	adjust.flag.watch.cool.cool.end	2	c	y	True	0.0	0.0	0.0	B		
2778	korol	1	0.004	1	ko	r	ol	ko:respond.arrange.state	0	r	l	True	0.0	0.0	0.0	B		
2779	qokeoly	1	0.004	1	qo	keo	ly	qo:heat.cool.arrange.state.end	1	k	y	False	0.0	0.0	1.0	B		
2780	cheel	1	0.004	1	ch	ee	l	ch:cool.cool.state	2	e	l	False	0.0	1.0	0.0	B		
2781	chckhor	1	0.004	1	ch	ckh	or	ch:adjust.heat.watch.arrange.respond	0	c	r	True	0.0	0.0	0.0	B		
2782	yfchedy	1	0.004	1	fch	e	dy	[y]fch:cool.do.end	1	e	y	False	0.0	0.0	0.0	B		
2783	lolor	1	0.004	1	ol	or		[l]ol:arrange.respond	0	o	r	False	0.0	0.0	0.0	B		
2784	tolokeedy	1	0.004	1	to	lokee	dy	to:state.arrange.heat.cool.cool.do.end	2	l	y	True	0.0	0.0	0.0	B		
2785	dys	1	0.004	1		dy	s	do.end.sequence	0	d	s	True	0.0	0.0	0.0	B		
2786	soly	1	0.004	1	so	ly		so:state.end	0	l	y	True	0.0	0.0	1.0	B		
2787	yteedar	1	0.004	1	te	ed	ar	[y]te:cool.do.yield.respond	1	e	r	False	0.0	1.0	0.0	B		
2788	lkeoldy	1	0.004	1	lk	eol	dy	lk:cool.arrange.state.do.end	1	e	y	False	0.0	0.0	0.0	B		
2789	pdsheody	1	0.004	1		pdsheo	dy	pause.do.sequence.watch.cool.arrange.do.end	1	p	y	True	1.0	1.0	0.0	T		
2790	shdol	1	0.004	1	sh	d	ol	sh:do.arrange.state	0	d	l	True	0.0	0.0	0.0	T		
2791	soeeedy	1	0.004	1	so	eee	dy	so:cool.cool.cool.do.end	3	e	y	False	0.0	0.0	0.0	T		
2792	dchefoey	1	0.004	1	dch	efoe	y	dch:cool.flag.arrange.cool.end	1	e	y	False	0.0	0.0	0.0	T		
2793	sodair	1	0.004	1	so	dai	r	so:do.yield.iterate.respond	0	d	r	True	0.0	0.0	0.0	T		
2794	yoiin	1	0.004	1		y	oiin	end.arrange.iterate.iterate.bind	0	y	n	True	0.0	1.0	0.0	T		
2795	qocthdy	1	0.004	1	qo	cth	dy	qo:adjust.transfer.watch.do.end	0	c	y	True	0.0	0.0	0.0	T		
2796	okshd	1	0.004	1	ok	d		ok:sequence.watch.do	0	s	d	True	0.0	0.0	0.0	T		
2797	ykdair	1	0.004	1	yk	dai	r	yk:do.yield.iterate.respond	0	d	r	True	0.0	0.0	0.0	T		
2798	odeedaiin	1	0.004	1		odeed	aiin	arrange.do.cool.cool.do.yield.iterate.iterate.bind	2	o	n	False	0.0	1.0	0.0	T		
2799	doltshdy	1	0.004	1	do	ltsh	dy	do:state.transfer.sequence.watch.do.end	0	l	y	True	0.0	0.0	0.0	T		
2800	tdam	1	0.004	1	da	m		[t]da:final	0	m	m	True	0.0	0.0	1.0	T		
2801	rorain	1	0.004	1	or	ain		[r]or:yield.iterate.bind	0	a	n	False	0.0	1.0	0.0	T		
2802	kchdar	1	0.004	1	kch	d	ar	kch:do.yield.respond	0	d	r	True	0.0	0.0	0.0	T		
2803	ldo	1	0.004	1		ldo		state.do.arrange	0	l	o	True	0.0	0.0	1.0	T		
2804	tsheed	1	0.004	1	sh	eed		[t]sh:cool.cool.do	2	e	d	False	0.0	1.0	0.0	T		
2805	qokeshy	1	0.004	1	qo	kesh	y	qo:heat.cool.sequence.watch.end	1	k	y	False	0.0	0.0	0.0	T		
2806	csedar	1	0.004	1		csed	ar	adjust.sequence.cool.do.yield.respond	1	c	r	True	0.0	0.0	0.0	T		
2807	chofchdy	1	0.004	1	ch	ofch	dy	ch:arrange.flag.adjust.watch.do.end	0	o	y	False	0.0	0.0	0.0	T		
2808	qotdcty	1	0.004	1	qo	tdct	y	qo:transfer.do.adjust.transfer.end	0	t	y	False	0.0	0.0	0.0	T		
2809	shefshoro	1	0.004	1	sh	efshoro		sh:cool.flag.sequence.watch.arrange.respond.arrange	1	e	o	False	0.0	0.0	0.0	T		
2810	opakam	1	0.004	1		opak	am	arrange.pause.yield.heat.yield.final	0	o	m	False	0.0	0.0	1.0	T		
2811	tdain	1	0.004	1	da	in		[t]da:iterate.bind	0	i	n	True	0.0	1.0	0.0	T		
2812	oeeseary	1	0.004	1		oeesea	ry	arrange.cool.cool.sequence.cool.yield.respond.end	2	o	y	False	0.0	0.0	0.0	T		
2813	dxar	1	0.004	1		dx	ar	do.diagram.yield.respond	0	d	r	True	0.0	0.0	0.0	T		
2814	rsheodor	1	0.004	1	sh	eod	or	[r]sh:cool.arrange.do.arrange.respond	1	e	r	False	0.0	1.0	0.0	T		
2815	qoctho	1	0.004	1	qo	ctho		qo:adjust.transfer.watch.arrange	0	c	o	True	0.0	0.0	0.0	T		
2816	ykeeeody	1	0.004	1	yk	eeeo	dy	yk:cool.cool.cool.arrange.do.end	3	e	y	False	0.0	0.0	0.0	T		
2817	qokeeodain	1	0.004	1	qo	keeod	ain	qo:heat.cool.cool.arrange.do.yield.iterate.bind	2	k	n	False	0.0	1.0	0.0	T		
2818	shoiin	1	0.004	1	sh	oiin		sh:arrange.iterate.iterate.bind	0	o	n	False	0.0	1.0	0.0	T		
2819	polky	1	0.004	1	po	lk	y	po:state.heat.end	0	l	y	True	1.0	1.0	0.0	T		
2820	shtor	1	0.004	1	sh	t	or	sh:transfer.arrange.respond	0	t	r	False	0.0	0.0	0.0	T		
2821	chcthihy	1	0.004	1	ch	cthih	y	ch:adjust.transfer.watch.iterate.watch.end	0	c	y	True	0.0	0.0	0.0	T		
2822	pcheoy	1	0.004	1	pch	eo	y	pch:cool.arrange.end	1	e	y	False	1.0	1.0	0.0	T		
2823	qofol	1	0.004	1	qo	f	ol	qo:flag.arrange.state	0	f	l	True	0.0	0.0	0.0	T		
2824	shdaldy	1	0.004	1	sh	dal	dy	sh:do.yield.state.do.end	0	d	y	True	0.0	0.0	0.0	T		
2825	cheocthey	1	0.004	1	ch	eocthe	y	ch:cool.arrange.adjust.transfer.watch.cool.end	1	e	y	False	0.0	0.0	0.0	T		
2826	ydair	1	0.004	1	da	i	r	[y]da:iterate.respond	0	i	r	True	0.0	1.0	0.0	T		
2827	shofshedy	1	0.004	1	sh	ofshe	dy	sh:arrange.flag.sequence.watch.cool.do.end	1	o	y	False	0.0	0.0	0.0	T		
2828	shetam	1	0.004	1	sh	et	am	sh:cool.transfer.yield.final	1	e	m	False	0.0	0.0	1.0	T		
2829	schedaiir	1	0.004	1	sch	edaii	r	sch:cool.do.yield.iterate.iterate.respond	1	e	r	False	0.0	1.0	0.0	T		
2830	pchdairor	1	0.004	1	pch	dair	or	pch:do.yield.iterate.respond.arrange.respond	0	d	r	True	1.0	1.0	0.0	T		
2831	shshdar	1	0.004	1	sh	d	ar	sh:sequence.watch.do.yield.respond	0	s	r	True	0.0	0.0	0.0	T		
2832	darordaiin	1	0.004	1	da	rord	aiin	da:respond.arrange.respond.do.yield.iterate.iterate.bind	0	r	n	True	0.0	0.0	1.0	T		
2833	shetshdy	1	0.004	1	sh	etsh	dy	sh:cool.transfer.sequence.watch.do.end	1	e	y	False	0.0	0.0	0.0	T		
2834	odeeed	1	0.004	1		odeeed		arrange.do.cool.cool.cool.do	3	o	d	False	0.0	0.0	1.0	T		
2835	kchedar	1	0.004	1	kch	ed	ar	kch:cool.do.yield.respond	1	e	r	False	1.0	1.0	0.0	T		
2836	qekedy	1	0.004	1		qeke	dy	?.cool.heat.cool.do.end	1	q	y	True	0.0	0.0	0.0	T		
2837	ors	1	0.004	1	or	s		or:sequence	0	s	s	True	0.0	0.0	0.0	T		
2838	dkam	1	0.004	1	ka	m		[d]ka:final	0	m	m	True	0.0	0.0	1.0	T		
2839	dorchdy	1	0.004	1	do	rch	dy	do:respond.adjust.watch.do.end	0	r	y	True	0.0	1.0	0.0	T		
2840	okedes	1	0.004	1	ok	ede	s	ok:cool.do.cool.sequence	1	e	s	False	0.0	0.0	0.0	T		
2841	otalom	1	0.004	1	ot	al	om	ot:yield.state.arrange.final	0	a	m	False	0.0	0.0	1.0	T		
2842	ypchdar	1	0.004	1	pch	d	ar	[y]pch:do.yield.respond	0	d	r	True	0.0	0.0	0.0	T		
2843	keshor	1	0.004	1	ke	or		ke:sequence.watch.arrange.respond	0	s	r	True	0.0	0.0	0.0	T		
2844	dchdal	1	0.004	1	dch	d	al	dch:do.yield.state	0	d	l	True	0.0	0.0	0.0	T		
2845	cholairy	1	0.004	1	ch	olai	ry	ch:arrange.state.yield.iterate.respond.end	0	o	y	False	0.0	0.0	1.0	T		
2846	shdytody	1	0.004	1	sh	dyto	dy	sh:do.end.transfer.arrange.do.end	0	d	y	True	0.0	0.0	0.0	T		
2847	otchol	1	0.004	1	ot	ol		ot:adjust.watch.arrange.state	0	c	l	True	0.0	0.0	0.0	T		
2848	eeodaiin	1	0.004	1		eeod	aiin	cool.cool.arrange.do.yield.iterate.iterate.bind	2	e	n	False	0.0	0.0	0.0	T		
2849	raraiiin	1	0.004	1	ar	ai	iin	[r]ar:yield.iterate.iterate.iterate.bind	0	a	n	False	0.0	1.0	0.0	T		
2850	qokoror	1	0.004	1	qo	kor	or	qo:heat.arrange.respond.arrange.respond	0	k	r	False	0.0	0.0	0.0	T		
2851	olpchdy	1	0.004	1	ol	pch	dy	ol:pause.adjust.watch.do.end	0	p	y	True	0.0	0.0	0.0	T		
2852	odchdy	1	0.004	1		odch	dy	arrange.do.adjust.watch.do.end	0	o	y	False	0.0	1.0	0.0	C		
2853	opoees	1	0.004	1		opoee	s	arrange.pause.arrange.cool.cool.sequence	2	o	s	False	0.0	0.0	0.0	C		
2854	chepaiin	1	0.004	1	ch	ep	aiin	ch:cool.pause.yield.iterate.iterate.bind	1	e	n	False	0.0	0.0	0.0	C		
2855	otadar	1	0.004	1	ot	ad	ar	ot:yield.do.yield.respond	0	a	r	False	0.0	0.0	0.0	C		
2856	opoiin	1	0.004	1		op	oiin	arrange.pause.arrange.iterate.iterate.bind	0	o	n	False	0.0	0.0	0.0	C		
2857	qopchchs	1	0.004	1	qo	pchch	s	qo:pause.adjust.watch.adjust.watch.sequence	0	p	s	True	0.0	0.0	0.0	C		
2858	aloees	1	0.004	1	al	oee	s	al:arrange.cool.cool.sequence	2	o	s	False	0.0	0.0	0.0	C		
2859	olfor	1	0.004	1	ol	f	or	ol:flag.arrange.respond	0	f	r	True	0.0	0.0	0.0	C		
2860	chcphdar	1	0.004	1	ch	cphd	ar	ch:adjust.pause.watch.do.yield.respond	0	c	r	True	0.0	0.0	1.0	C		
2861	sary	1	0.004	1	sa	ry		sa:respond.end	0	r	y	True	0.0	0.0	1.0	C		
2862	qoseey	1	0.004	1	qo	see	y	qo:sequence.cool.cool.end	2	s	y	True	0.0	0.0	0.0	C		
2863	aiinog	1	0.004	1		aiino	g	yield.iterate.iterate.bind.arrange.?	0	a	g	False	0.0	0.0	1.0	C		
2864	sheoly	1	0.004	1	sh	eo	ly	sh:cool.arrange.state.end	1	e	y	False	0.0	0.0	1.0	C		
2865	olfar	1	0.004	1	ol	f	ar	ol:flag.yield.respond	0	f	r	True	0.0	0.0	0.0	C		
2866	ockhdor	1	0.004	1		ockhd	or	arrange.adjust.heat.watch.do.arrange.respond	0	o	r	False	0.0	1.0	0.0	C		
2867	shoral	1	0.004	1	sh	or	al	sh:arrange.respond.yield.state	0	o	l	False	0.0	0.0	1.0	C		
2868	sosees	1	0.004	1	so	see	s	so:sequence.cool.cool.sequence	2	s	s	True	0.0	1.0	1.0	C		
2869	pchedeey	1	0.004	1	pch	edee	y	pch:cool.do.cool.cool.end	2	e	y	False	1.0	1.0	0.0	C		
2870	chotey	1	0.004	1	ch	ote	y	ch:arrange.transfer.cool.end	1	o	y	False	0.0	0.0	0.0	C		
2871	oloeorain	1	0.004	1	ol	oeor	ain	ol:arrange.cool.arrange.respond.yield.iterate.bind	1	o	n	False	0.0	0.0	1.0	C		
2872	qtchedy	1	0.004	1		qtche	dy	?.transfer.adjust.watch.cool.do.end	1	q	y	True	0.0	1.0	0.0	C		
2873	qotom	1	0.004	1	qo	t	om	qo:transfer.arrange.final	0	t	m	False	0.0	0.0	1.0	C		
2874	soiis	1	0.004	1	so	ii	s	so:iterate.iterate.sequence	0	i	s	True	0.0	1.0	0.0	C		
2875	chokcod	1	0.004	1	ch	okcod		ch:arrange.heat.adjust.arrange.do	0	o	d	False	0.0	0.0	1.0	C		
2876	otchs	1	0.004	1	ot	s		ot:adjust.watch.sequence	0	c	s	True	1.0	1.0	0.0	C		
2877	shedor	1	0.004	1	sh	ed	or	sh:cool.do.arrange.respond	1	e	r	False	0.0	0.0	0.0	C		
2878	sorain	1	0.004	1	so	r	ain	so:respond.yield.iterate.bind	0	r	n	True	0.0	0.0	1.0	C		
2879	sodaiiin	1	0.004	1	so	dai	iin	so:do.yield.iterate.iterate.iterate.bind	0	d	n	True	0.0	0.0	0.0	C		
2880	ypshedy	1	0.004	1		ypshe	dy	end.pause.sequence.watch.cool.do.end	1	y	y	True	0.0	1.0	0.0	C		
2881	ochar	1	0.004	1		och	ar	arrange.adjust.watch.yield.respond	0	o	r	False	0.0	0.0	0.0	C		
2882	otchdo	1	0.004	1	ot	do		ot:adjust.watch.do.arrange	0	c	o	True	0.0	0.0	0.0	C		
2883	odsheo	1	0.004	1		odsheo		arrange.do.sequence.watch.cool.arrange	1	o	o	False	0.0	0.0	0.0	C		
2884	cheepchdy	1	0.004	1	ch	eepch	dy	ch:cool.cool.pause.adjust.watch.do.end	2	e	y	False	0.0	0.0	0.0	C		
2885	dchdor	1	0.004	1	dch	d	or	dch:do.arrange.respond	0	d	r	True	0.0	0.0	0.0	C		
2886	qopcher	1	0.004	1	qo	pche	r	qo:pause.adjust.watch.cool.respond	1	p	r	True	0.0	0.0	0.0	C		
2887	oseeedar	1	0.004	1		oseeed	ar	arrange.sequence.cool.cool.cool.do.yield.respond	3	o	r	False	0.0	0.0	0.0	C		
2888	orarorchy	1	0.004	1	or	arorch	y	or:yield.respond.arrange.respond.adjust.watch.end	0	a	y	False	0.0	0.0	0.0	C		
2889	opchsey	1	0.004	1		opchse	y	arrange.pause.adjust.watch.sequence.cool.end	1	o	y	False	0.0	0.0	0.0	C		
2890	scheor	1	0.004	1	sch	e	or	sch:cool.arrange.respond	1	e	r	False	0.0	0.0	0.0	C		
2891	cheefar	1	0.004	1	ch	eef	ar	ch:cool.cool.flag.yield.respond	2	e	r	False	0.0	0.0	0.0	C		
2892	shetchy	1	0.004	1	sh	etch	y	sh:cool.transfer.adjust.watch.end	1	e	y	False	0.0	0.0	0.0	C		
2893	qoteshy	1	0.004	1	qo	tesh	y	qo:transfer.cool.sequence.watch.end	1	t	y	False	0.0	0.0	0.0	C		
2894	ofor	1	0.004	1		of	or	arrange.flag.arrange.respond	0	o	r	False	0.0	0.0	0.0	C		
2895	otodeeeo	1	0.004	1	ot	odeeeo		ot:arrange.do.cool.cool.cool.arrange	3	o	o	False	0.0	0.0	0.0	C		
2896	qotedain	1	0.004	1	qo	ted	ain	qo:transfer.cool.do.yield.iterate.bind	1	t	n	False	0.0	0.0	0.0	C		
2897	chetdy	1	0.004	1	ch	et	dy	ch:cool.transfer.do.end	1	e	y	False	0.0	0.0	0.0	C		
2898	schsdy	1	0.004	1	sch	s	dy	sch:sequence.do.end	0	s	y	True	0.0	0.0	0.0	C		
2899	qeeor	1	0.004	1		qee	or	?.cool.cool.arrange.respond	2	q	r	True	0.0	0.0	0.0	C		
2900	odarchdy	1	0.004	1		odarch	dy	arrange.do.yield.respond.adjust.watch.do.end	0	o	y	False	0.0	0.0	0.0	C		
2901	olcheos	1	0.004	1	ol	eo	s	ol:adjust.watch.cool.arrange.sequence	1	c	s	True	0.0	0.0	0.0	C		
2902	chedees	1	0.004	1	ch	edee	s	ch:cool.do.cool.cool.sequence	2	e	s	False	0.0	0.0	0.0	C		
2903	shyy	1	0.004	1	sh	y	y	sh:end.end	0	y	y	True	0.0	0.0	0.0	C		
2904	scody	1	0.004	1		sco	dy	sequence.adjust.arrange.do.end	0	s	y	True	0.0	0.0	0.0	C		
2905	chdchdy	1	0.004	1	ch	dch	dy	ch:do.adjust.watch.do.end	0	d	y	True	0.0	0.0	0.0	C		
2906	dodar	1	0.004	1	do	d	ar	do:do.yield.respond	0	d	r	True	0.0	0.0	0.0	C		
2907	deedes	1	0.004	1	de	ede	s	de:cool.do.cool.sequence	1	e	s	False	0.0	0.0	0.0	C		
2908	opcho	1	0.004	1		opcho		arrange.pause.adjust.watch.arrange	0	o	o	False	0.0	0.0	0.0	C		
2909	fchsom	1	0.004	1	fch	s	om	fch:sequence.arrange.final	0	s	m	True	0.0	0.0	1.0	C		
2910	oepor	1	0.004	1		oep	or	arrange.cool.pause.arrange.respond	1	o	r	False	0.0	0.0	0.0	C		
2911	oteer	1	0.004	1	ot	ee	r	ot:cool.cool.respond	2	e	r	False	0.0	0.0	0.0	C		
2912	olkeor	1	0.004	1	ol	ke	or	ol:heat.cool.arrange.respond	1	k	r	False	0.0	0.0	0.0	C		
2913	dery	1	0.004	1	de	ry		de:respond.end	0	r	y	True	0.0	0.0	0.0	C		
2914	doeedey	1	0.004	1	do	eede	y	do:cool.cool.do.cool.end	2	e	y	False	0.0	0.0	0.0	C		
2915	dtedair	1	0.004	1	te	dai	r	[d]te:do.yield.iterate.respond	0	d	r	True	0.0	0.0	0.0	C		
2916	otedos	1	0.004	1	ot	edo	s	ot:cool.do.arrange.sequence	1	e	s	False	0.0	0.0	0.0	C		
2917	pchdeedy	1	0.004	1	pch	dee	dy	pch:do.cool.cool.do.end	2	d	y	True	0.0	0.0	0.0	C		
2918	otoldyl	1	0.004	1	ot	oldy	l	ot:arrange.state.do.end.state	0	o	l	False	0.0	0.0	1.0	C		
2919	pchsodar	1	0.004	1	pch	sod	ar	pch:sequence.arrange.do.yield.respond	0	s	r	True	1.0	1.0	0.0	C		
2920	qoeol	1	0.004	1	qo	e	ol	qo:cool.arrange.state	1	e	l	False	0.0	0.0	0.0	C		
2921	oqokeol	1	0.004	1		oqoke	ol	arrange.?.arrange.heat.cool.arrange.state	1	o	l	False	0.0	0.0	0.0	C		
2922	olair	1	0.004	1	ol	ai	r	ol:yield.iterate.respond	0	a	r	False	0.0	0.0	0.0	C		
2923	ycseol	1	0.004	1		ycse	ol	end.adjust.sequence.cool.arrange.state	1	y	l	True	0.0	1.0	0.0	C		
2924	keeod	1	0.004	1	ke	eod		ke:cool.arrange.do	1	e	d	False	0.0	0.0	0.0	C		
2925	shockhhy	1	0.004	1	sh	ockhh	y	sh:arrange.adjust.heat.watch.watch.end	0	o	y	False	0.0	0.0	0.0	C		
2926	oleey	1	0.004	1	ol	ee	y	ol:cool.cool.end	2	e	y	False	0.0	0.0	0.0	C		
2927	yy	1	0.004	1		y	y	end.end	0	y	y	True	0.0	0.0	1.0	C		
2928	otedalol	1	0.004	1	ot	edal	ol	ot:cool.do.yield.state.arrange.state	1	e	l	False	0.0	0.0	0.0	C		
2929	orairody	1	0.004	1	or	airo	dy	or:yield.iterate.respond.arrange.do.end	0	a	y	False	0.0	0.0	0.0	C		
2930	qotchdain	1	0.004	1	qo	tchd	ain	qo:transfer.adjust.watch.do.yield.iterate.bind	0	t	n	False	0.0	0.0	0.0	C		
2931	ochody	1	0.004	1		ocho	dy	arrange.adjust.watch.arrange.do.end	0	o	y	False	0.0	1.0	0.0	C		
2932	qopchd	1	0.004	1	qo	pchd		qo:pause.adjust.watch.do	0	p	d	True	0.0	0.0	0.0	C		
2933	lram	1	0.004	1		lr	am	state.respond.yield.final	0	l	m	True	0.0	0.0	1.0	C		
2934	lkarchees	1	0.004	1	lk	archee	s	lk:yield.respond.adjust.watch.cool.cool.sequence	2	a	s	False	0.0	0.0	0.0	C		
2935	taiky	1	0.004	1	ta	ik	y	ta:iterate.heat.end	0	i	y	True	0.0	0.0	0.0	C		
2936	orsheeen	1	0.004	1	or	eee	n	or:sequence.watch.cool.cool.cool.bind	3	s	n	True	0.0	0.0	0.0	C		
2937	olkeshar	1	0.004	1	ol	kesh	ar	ol:heat.cool.sequence.watch.yield.respond	1	k	r	False	0.0	0.0	0.0	C		
2938	ylchedor	1	0.004	1	lch	ed	or	[y]lch:cool.do.arrange.respond	1	e	r	False	0.0	0.0	0.0	C		
2939	ldaly	1	0.004	1	da	ly		[l]da:state.end	0	l	y	True	0.0	0.0	0.0	C		
2940	saldam	1	0.004	1	sa	ld	am	sa:state.do.yield.final	0	l	m	True	0.0	0.0	0.0	C		
2941	oxy	1	0.004	1		ox	y	arrange.diagram.end	0	o	y	False	0.0	0.0	1.0	C		
2942	lchdol	1	0.004	1	lch	d	ol	lch:do.arrange.state	0	d	l	True	0.0	0.0	0.0	C		
2943	chcphar	1	0.004	1	ch	cph	ar	ch:adjust.pause.watch.yield.respond	0	c	r	True	0.0	0.0	0.0	C		
2944	ykeealar	1	0.004	1	yk	eeal	ar	yk:cool.cool.yield.state.yield.respond	2	e	r	False	0.0	1.0	0.0	C		
2945	ykairolky	1	0.004	1	yk	airolk	y	yk:yield.iterate.respond.arrange.state.heat.end	0	a	y	False	0.0	0.0	1.0	C		
2946	ctholcthy	1	0.004	1	ct	holcth	y	ct:watch.arrange.state.adjust.transfer.watch.end	0	h	y	True	1.0	1.0	0.0	C		
2947	cpholkaiin	1	0.004	1		cpholk	aiin	adjust.pause.watch.arrange.state.heat.yield.iterate.iterate.bind	0	c	n	True	0.0	0.0	0.0	C		
2948	cholfchy	1	0.004	1	ch	olfch	y	ch:arrange.state.flag.adjust.watch.end	0	o	y	False	0.0	0.0	0.0	C		
2949	aroiin	1	0.004	1	ar	oiin		ar:arrange.iterate.iterate.bind	0	o	n	False	0.0	0.0	0.0	C		
2950	checfhy	1	0.004	1	ch	ecfh	y	ch:cool.adjust.flag.watch.end	1	e	y	False	0.0	0.0	0.0	C		
2951	shotaiin	1	0.004	1	sh	ot	aiin	sh:arrange.transfer.yield.iterate.iterate.bind	0	o	n	False	0.0	0.0	0.0	C		
2952	shckhor	1	0.004	1	sh	ckh	or	sh:adjust.heat.watch.arrange.respond	0	c	r	True	0.0	0.0	0.0	C		
2953	qckhear	1	0.004	1		qckhe	ar	?.adjust.heat.watch.cool.yield.respond	1	q	r	True	0.0	0.0	0.0	C		
2954	shoifhy	1	0.004	1	sh	oifh	y	sh:arrange.iterate.flag.watch.end	0	o	y	False	0.0	0.0	0.0	C		
2955	shopchey	1	0.004	1	sh	opche	y	sh:arrange.pause.adjust.watch.cool.end	1	o	y	False	0.0	0.0	0.0	C		
2956	pchecfhey	1	0.004	1	pch	ecfhe	y	pch:cool.adjust.flag.watch.cool.end	1	e	y	False	0.0	0.0	0.0	C		
2957	ocphey	1	0.004	1		ocphe	y	arrange.adjust.pause.watch.cool.end	1	o	y	False	0.0	0.0	0.0	C		
2958	olkshed	1	0.004	1	ol	kshed		ol:heat.sequence.watch.cool.do	1	k	d	False	0.0	0.0	0.0	C		
2959	qofod	1	0.004	1	qo	fod		qo:flag.arrange.do	0	f	d	True	0.0	0.0	0.0	C		
2960	adar	1	0.004	1		ad	ar	yield.do.yield.respond	0	a	r	False	0.0	0.0	0.0	C		
2961	oreeey	1	0.004	1	or	eee	y	or:cool.cool.cool.end	3	e	y	False	0.0	1.0	0.0	C		
2962	otyteeodain	1	0.004	1	ot	yteeod	ain	ot:end.transfer.cool.cool.arrange.do.yield.iterate.bind	2	y	n	True	0.0	0.0	0.0	C		
2963	lshechy	1	0.004	1	lsh	ech	y	lsh:cool.adjust.watch.end	1	e	y	False	0.0	1.0	0.0	C		
2964	tshy	1	0.004	1	sh	y		[t]sh:end	0	y	y	True	0.0	0.0	0.0	C		
2965	tairoor	1	0.004	1	ta	iro	or	ta:iterate.respond.arrange.arrange.respond	0	i	r	True	0.0	0.0	0.0	C		
2966	taikhy	1	0.004	1	ta	ikh	y	ta:iterate.heat.watch.end	0	i	y	True	0.0	0.0	0.0	C		
2967	damom	1	0.004	1	da	m	om	da:final.arrange.final	0	m	m	True	0.0	0.0	1.0	C		
2968	ytshy	1	0.004	1		ytsh	y	end.transfer.sequence.watch.end	0	y	y	True	0.0	0.0	0.0	C		
2969	orokeeeey	1	0.004	1	or	okeeee	y	or:arrange.heat.cool.cool.cool.cool.end	4	o	y	False	0.0	0.0	0.0	C		
2970	araram	1	0.004	1	ar	ar	am	ar:yield.respond.yield.final	0	a	m	False	0.0	0.0	1.0	C		
2971	cholkeod	1	0.004	1	ch	olkeod		ch:arrange.state.heat.cool.arrange.do	1	o	d	False	0.0	0.0	0.0	C		
2972	alshdr	1	0.004	1	al	d	r	al:sequence.watch.do.respond	0	s	r	True	0.0	1.0	0.0	C		
2973	ramshy	1	0.004	1		ramsh	y	respond.yield.final.sequence.watch.end	0	r	y	True	0.0	0.0	1.0	C		
2974	dytshedy	1	0.004	1		dytshe	dy	do.end.transfer.sequence.watch.cool.do.end	1	d	y	True	0.0	0.0	0.0	C		
2975	dytshy	1	0.004	1		dytsh	y	do.end.transfer.sequence.watch.end	0	d	y	True	0.0	0.0	0.0	C		
2976	polkchy	1	0.004	1	po	lkch	y	po:state.heat.adjust.watch.end	0	l	y	True	1.0	1.0	0.0	C		
2977	paroiin	1	0.004	1	ar	oiin		[p]ar:arrange.iterate.iterate.bind	0	o	n	False	0.0	0.0	0.0	C		
2978	qopydaiin	1	0.004	1	qo	pyd	aiin	qo:pause.end.do.yield.iterate.iterate.bind	0	p	n	True	0.0	0.0	0.0	C		
2979	qopary	1	0.004	1	qo	pa	ry	qo:pause.yield.respond.end	0	p	y	True	0.0	0.0	1.0	C		
2980	otytam	1	0.004	1	ot	yt	am	ot:end.transfer.yield.final	0	y	m	True	0.0	0.0	0.0	C		
2981	qoeear	1	0.004	1	qo	ee	ar	qo:cool.cool.yield.respond	2	e	r	False	0.0	0.0	0.0	C		
2982	chsey	1	0.004	1	ch	se	y	ch:sequence.cool.end	1	s	y	True	0.0	0.0	0.0	C		
2983	okeeeykchy	1	0.004	1	ok	eeeykch	y	ok:cool.cool.cool.end.heat.adjust.watch.end	3	e	y	False	0.0	0.0	0.0	C		
2984	ldaiiin	1	0.004	1	da	i	iin	[l]da:iterate.iterate.iterate.bind	0	i	n	True	0.0	0.0	0.0	C		
2985	otariin	1	0.004	1	ot	ar	iin	ot:yield.respond.iterate.iterate.bind	0	a	n	False	0.0	0.0	0.0	C		
2986	choltal	1	0.004	1	ch	olt	al	ch:arrange.state.transfer.yield.state	0	o	l	False	0.0	0.0	0.0	C		
2987	lshar	1	0.004	1	lsh	ar		lsh:yield.respond	0	a	r	False	0.0	1.0	0.0	C		
2988	octhair	1	0.004	1		octhai	r	arrange.adjust.transfer.watch.yield.iterate.respond	0	o	r	False	0.0	0.0	0.0	C		
2989	toror	1	0.004	1	to	r	or	to:respond.arrange.respond	0	r	r	True	0.0	0.0	0.0	C		
2990	okeockhey	1	0.004	1	ok	eockhe	y	ok:cool.arrange.adjust.heat.watch.cool.end	1	e	y	False	0.0	0.0	0.0	C		
2991	oltam	1	0.004	1	ol	t	am	ol:transfer.yield.final	0	t	m	False	0.0	0.0	1.0	C		
2992	shcthdy	1	0.004	1	sh	cth	dy	sh:adjust.transfer.watch.do.end	0	c	y	True	0.0	0.0	0.0	C		
2993	oltchey	1	0.004	1	ol	tche	y	ol:transfer.adjust.watch.cool.end	1	t	y	False	0.0	0.0	0.0	C		
2994	lkalol	1	0.004	1	lk	al	ol	lk:yield.state.arrange.state	0	a	l	False	0.0	0.0	0.0	C		
2995	lt	1	0.004	1		lt		state.transfer	0	l	t	True	0.0	0.0	0.0	C		
2996	chorolk	1	0.004	1	ch	orolk		ch:arrange.respond.arrange.state.heat	0	o	k	False	0.0	0.0	0.0	C		
2997	qoolkaiin	1	0.004	1	qo	olk	aiin	qo:arrange.state.heat.yield.iterate.iterate.bind	0	o	n	False	0.0	0.0	0.0	C		
2998	otolkshy	1	0.004	1	ot	olksh	y	ot:arrange.state.heat.sequence.watch.end	0	o	y	False	0.0	0.0	0.0	C		
2999	otalky	1	0.004	1	ot	alk	y	ot:yield.state.heat.end	0	a	y	False	0.0	0.0	0.0	C		
3000	aiodam	1	0.004	1		aiod	am	yield.iterate.arrange.do.yield.final	0	a	m	False	0.0	0.0	1.0	C		
3001	pshdal	1	0.004	1	sh	d	al	[p]sh:do.yield.state	0	d	l	True	1.0	1.0	0.0	C		
3002	fyshey	1	0.004	1		fyshe	y	flag.end.sequence.watch.cool.end	1	f	y	True	0.0	0.0	0.0	C		
3003	losair	1	0.004	1		losai	r	state.arrange.sequence.yield.iterate.respond	0	l	r	True	0.0	1.0	0.0	C		
3004	oteeodail	1	0.004	1	ot	eeodai	l	ot:cool.cool.arrange.do.yield.iterate.state	2	e	l	False	0.0	0.0	0.0	C		
3005	ypchery	1	0.004	1	pch	e	ry	[y]pch:cool.respond.end	1	e	y	False	0.0	1.0	0.0	C		
3006	chcthody	1	0.004	1	ch	ctho	dy	ch:adjust.transfer.watch.arrange.do.end	0	c	y	True	0.0	0.0	0.0	C		
3007	shdam	1	0.004	1	sh	d	am	sh:do.yield.final	0	d	m	True	0.0	0.0	0.0	C		
3008	fchcfhy	1	0.004	1	fch	cfh	y	fch:adjust.flag.watch.end	0	c	y	True	0.0	0.0	1.0	C		
3009	octhal	1	0.004	1		octh	al	arrange.adjust.transfer.watch.yield.state	0	o	l	False	0.0	1.0	0.0	C		
3010	cheeg	1	0.004	1	ch	ee	g	ch:cool.cool.?	2	e	g	False	0.0	0.0	1.0	C		
3011	poraiiindy	1	0.004	1	po	raiiin	dy	po:respond.yield.iterate.iterate.iterate.bind.do.end	0	r	y	True	1.0	1.0	0.0	C		
3012	otshs	1	0.004	1	ot	s		ot:sequence.watch.sequence	0	s	s	True	0.0	0.0	0.0	C		
3013	qopchesy	1	0.004	1	qo	pches	y	qo:pause.adjust.watch.cool.sequence.end	1	p	y	True	0.0	0.0	0.0	C		
3014	lfar	1	0.004	1		lf	ar	state.flag.yield.respond	0	l	r	True	0.0	0.0	0.0	C		
3015	amod	1	0.004	1		amod		yield.final.arrange.do	0	a	d	False	0.0	0.0	1.0	C		
3016	dcheytain	1	0.004	1	dch	eyt	ain	dch:cool.end.transfer.yield.iterate.bind	1	e	n	False	0.0	1.0	0.0	C		
3017	ykalkain	1	0.004	1	yk	alk	ain	yk:yield.state.heat.yield.iterate.bind	0	a	n	False	0.0	0.0	0.0	C		
3018	dalkalytam	1	0.004	1	da	lkalyt	am	da:state.heat.yield.state.end.transfer.yield.final	0	l	m	True	0.0	0.0	1.0	C		
3019	poldaiin	1	0.004	1	po	ld	aiin	po:state.do.yield.iterate.iterate.bind	0	l	n	True	1.0	1.0	0.0	C		
3020	tesaiin	1	0.004	1	te	s	aiin	te:sequence.yield.iterate.iterate.bind	0	s	n	True	0.0	0.0	0.0	C		
3021	otcho	1	0.004	1	ot	o		ot:adjust.watch.arrange	0	c	o	True	0.0	0.0	0.0	C		
3022	ycheeytydaiin	1	0.004	1	ch	eeytyd	aiin	[y]ch:cool.cool.end.transfer.end.do.yield.iterate.iterate.bind	2	e	n	False	0.0	1.0	0.0	C		
3023	ytaiim	1	0.004	1	ta	i	im	[y]ta:iterate.iterate.final	0	i	m	True	0.0	0.0	1.0	C		
3024	teodkaiin	1	0.004	1	te	odk	aiin	te:arrange.do.heat.yield.iterate.iterate.bind	0	o	n	False	0.0	0.0	0.0	C		
3025	alosheey	1	0.004	1	al	oshee	y	al:arrange.sequence.watch.cool.cool.end	2	o	y	False	0.0	0.0	0.0	C		
3026	lkesy	1	0.004	1	lk	es	y	lk:cool.sequence.end	1	e	y	False	0.0	0.0	1.0	C		
3027	pochor	1	0.004	1	po	or		po:adjust.watch.arrange.respond	0	c	r	True	1.0	1.0	0.0	C		
3028	shoar	1	0.004	1	sh	o	ar	sh:arrange.yield.respond	0	o	r	False	0.0	0.0	0.0	C		
3029	pshody	1	0.004	1	sh	o	dy	[p]sh:arrange.do.end	0	o	y	False	0.0	0.0	0.0	C		
3030	ocfhdy	1	0.004	1		ocfh	dy	arrange.adjust.flag.watch.do.end	0	o	y	False	0.0	0.0	0.0	C		
3031	olpshy	1	0.004	1	ol	psh	y	ol:pause.sequence.watch.end	0	p	y	True	0.0	0.0	0.0	C		
3032	ypchor	1	0.004	1	pch	or		[y]pch:arrange.respond	0	o	r	False	0.0	0.0	0.0	C		
3033	pchykar	1	0.004	1	pch	yk	ar	pch:end.heat.yield.respond	0	y	r	True	0.0	0.0	0.0	C		
3034	oeees	1	0.004	1		oeee	s	arrange.cool.cool.cool.sequence	3	o	s	False	0.0	0.0	0.0	C		
3035	ytdar	1	0.004	1		ytd	ar	end.transfer.do.yield.respond	0	y	r	True	0.0	0.0	0.0	C		
3036	teodyteytar	1	0.004	1	te	odyteyt	ar	te:arrange.do.end.transfer.cool.end.transfer.yield.respond	1	o	r	False	0.0	0.0	0.0	C		
3037	ytarar	1	0.004	1	ta	r	ar	[y]ta:respond.yield.respond	0	r	r	True	0.0	0.0	1.0	C		
3038	ysheoar	1	0.004	1	sh	eo	ar	[y]sh:cool.arrange.yield.respond	1	e	r	False	0.0	1.0	0.0	C		
3039	olkeeeary	1	0.004	1	ol	keeea	ry	ol:heat.cool.cool.cool.yield.respond.end	3	k	y	False	0.0	0.0	1.0	C		
3040	ykeshy	1	0.004	1	yk	esh	y	yk:cool.sequence.watch.end	1	e	y	False	0.0	0.0	0.0	C		
3041	ytaim	1	0.004	1	ta	im		[y]ta:iterate.final	0	i	m	True	0.0	0.0	0.0	C		
3042	qoody	1	0.004	1	qo	o	dy	qo:arrange.do.end	0	o	y	False	0.0	0.0	0.0	C		
3043	otoloty	1	0.004	1	ot	olot	y	ot:arrange.state.arrange.transfer.end	0	o	y	False	0.0	0.0	0.0	C		
3044	oreeem	1	0.004	1	or	eee	m	or:cool.cool.cool.final	3	e	m	False	0.0	0.0	1.0	C		
3045	ykeeshy	1	0.004	1	yk	eesh	y	yk:cool.cool.sequence.watch.end	2	e	y	False	0.0	0.0	0.0	C		
3046	olpchey	1	0.004	1	ol	pche	y	ol:pause.adjust.watch.cool.end	1	p	y	True	0.0	0.0	0.0	C		
3047	ytechy	1	0.004	1	te	y		[y]te:adjust.watch.end	0	c	y	True	0.0	0.0	0.0	C		
3048	ypsheor	1	0.004	1		ypshe	or	end.pause.sequence.watch.cool.arrange.respond	1	y	r	True	0.0	0.0	0.0	C		
3049	daiinls	1	0.004	1	da	iinl	s	da:iterate.iterate.bind.state.sequence	0	i	s	True	0.0	1.0	0.0	C		
3050	ytapy	1	0.004	1	ta	p	y	[y]ta:pause.end	0	p	y	True	0.0	0.0	0.0	C		
3051	tshedal	1	0.004	1	sh	ed	al	[t]sh:cool.do.yield.state	1	e	l	False	1.0	1.0	0.0	C		
3052	qopcheeody	1	0.004	1	qo	pcheeo	dy	qo:pause.adjust.watch.cool.cool.arrange.do.end	2	p	y	True	0.0	0.0	0.0	C		
3053	yochedy	1	0.004	1		yoche	dy	end.arrange.adjust.watch.cool.do.end	1	y	y	True	0.0	0.0	0.0	C		
3054	otodar	1	0.004	1	ot	od	ar	ot:arrange.do.yield.respond	0	o	r	False	0.0	0.0	0.0	C		
3055	teeos	1	0.004	1	te	eo	s	te:cool.arrange.sequence	1	e	s	False	0.0	1.0	0.0	C		
3056	olteey	1	0.004	1	ol	tee	y	ol:transfer.cool.cool.end	2	t	y	False	0.0	0.0	1.0	C		
3057	toeeedchy	1	0.004	1	to	eeedch	y	to:cool.cool.cool.do.adjust.watch.end	3	e	y	False	1.0	1.0	0.0	C		
3058	ytcheodar	1	0.004	1	tch	eod	ar	[y]tch:cool.arrange.do.yield.respond	1	e	r	False	0.0	0.0	1.0	C		
3059	cheokaiim	1	0.004	1	ch	eokai	im	ch:cool.arrange.heat.yield.iterate.iterate.final	1	e	m	False	0.0	0.0	1.0	C		
3060	yteeedy	1	0.004	1	te	ee	dy	[y]te:cool.cool.do.end	2	e	y	False	0.0	0.0	0.0	C		
3061	cfhyaiin	1	0.004	1		cfhy	aiin	adjust.flag.watch.end.yield.iterate.iterate.bind	0	c	n	True	0.0	0.0	0.0	C		
3062	acheody	1	0.004	1		acheo	dy	yield.adjust.watch.cool.arrange.do.end	1	a	y	False	0.0	0.0	0.0	C		
3063	qotaiior	1	0.004	1	qo	taii	or	qo:transfer.yield.iterate.iterate.arrange.respond	0	t	r	False	0.0	0.0	0.0	C		
3064	tcheod	1	0.004	1	tch	eod		tch:cool.arrange.do	1	e	d	False	0.0	1.0	0.0	C		
3065	chedos	1	0.004	1	ch	edo	s	ch:cool.do.arrange.sequence	1	e	s	False	0.0	0.0	0.0	C		
3066	ytchcseey	1	0.004	1	tch	csee	y	[y]tch:adjust.sequence.cool.cool.end	2	c	y	True	0.0	0.0	0.0	C		
3067	oteeodam	1	0.004	1	ot	eeod	am	ot:cool.cool.arrange.do.yield.final	2	e	m	False	0.0	0.0	1.0	C		
3068	sykeeeochy	1	0.004	1	yk	eeeoch	y	[s]yk:cool.cool.cool.arrange.adjust.watch.end	3	e	y	False	0.0	0.0	0.0	C		
3069	osheey	1	0.004	1		oshee	y	arrange.sequence.watch.cool.cool.end	2	o	y	False	0.0	1.0	0.0	C		
3070	shekshol	1	0.004	1	sh	eksh	ol	sh:cool.heat.sequence.watch.arrange.state	1	e	l	False	0.0	0.0	0.0	C		
3071	tshdcsey	1	0.004	1	sh	dcse	y	[t]sh:do.adjust.sequence.cool.end	1	d	y	True	1.0	1.0	0.0	C		
3072	dalkshdy	1	0.004	1	da	lksh	dy	da:state.heat.sequence.watch.do.end	0	l	y	True	0.0	0.0	0.0	C		
3073	chedaly	1	0.004	1	ch	eda	ly	ch:cool.do.yield.state.end	1	e	y	False	0.0	0.0	1.0	C		
3074	dcheody	1	0.004	1	dch	eo	dy	dch:cool.arrange.do.end	1	e	y	False	0.0	1.0	0.0	C		
3075	skeeody	1	0.004	1	ke	eo	dy	[s]ke:cool.arrange.do.end	1	e	y	False	0.0	0.0	0.0	C		
3076	ykched	1	0.004	1	yk	ed		yk:adjust.watch.cool.do	1	c	d	True	0.0	0.0	0.0	C		
3077	raraldy	1	0.004	1	ar	al	dy	[r]ar:yield.state.do.end	0	a	y	False	0.0	0.0	1.0	C		
3078	dsheody	1	0.004	1	sh	eo	dy	[d]sh:cool.arrange.do.end	1	e	y	False	0.0	1.0	0.0	C		
3079	rolkam	1	0.004	1	ol	k	am	[r]ol:heat.yield.final	0	k	m	False	0.0	0.0	1.0	C		
3080	lshodair	1	0.004	1	lsh	odai	r	lsh:arrange.do.yield.iterate.respond	0	o	r	False	0.0	1.0	0.0	C		
3081	ykcho	1	0.004	1	yk	o		yk:adjust.watch.arrange	0	c	o	True	0.0	0.0	0.0	C		
3082	ralkchedy	1	0.004	1	al	kche	dy	[r]al:heat.adjust.watch.cool.do.end	1	k	y	False	0.0	0.0	0.0	C		
3083	ytchol	1	0.004	1	tch	ol		[y]tch:arrange.state	0	o	l	False	0.0	0.0	0.0	C		
3084	opaiis	1	0.004	1		opaii	s	arrange.pause.yield.iterate.iterate.sequence	0	o	s	False	0.0	0.0	0.0	H		
3085	qopchedal	1	0.004	1	qo	pched	al	qo:pause.adjust.watch.cool.do.yield.state	1	p	l	True	0.0	0.0	0.0	H		
3086	keo	1	0.004	1	ke	o		ke:arrange	0	o	o	False	0.0	0.0	0.0	H		
3087	otalaiin	1	0.004	1	ot	al	aiin	ot:yield.state.yield.iterate.iterate.bind	0	a	n	False	0.0	0.0	0.0	H		
3088	todal	1	0.004	1	to	d	al	to:do.yield.state	0	d	l	True	0.0	1.0	0.0	H		
3089	kalchdy	1	0.004	1	ka	lch	dy	ka:state.adjust.watch.do.end	0	l	y	True	0.0	0.0	0.0	H		
3090	ykaro	1	0.004	1	yk	aro		yk:yield.respond.arrange	0	a	o	False	0.0	0.0	1.0	H		
3091	chk	1	0.004	1	ch	k		ch:heat	0	k	k	False	0.0	0.0	0.0	H		
3092	qof	1	0.004	1	qo	f		qo:flag	0	f	f	True	0.0	0.0	1.0	H		
3093	oxockhey	1	0.004	1		oxockhe	y	arrange.diagram.arrange.adjust.heat.watch.cool.end	1	o	y	False	0.0	0.0	0.0	H		
3094	kaedy	1	0.004	1	ka	e	dy	ka:cool.do.end	1	e	y	False	0.0	0.0	0.0	H		
3095	dytchdy	1	0.004	1		dytch	dy	do.end.transfer.adjust.watch.do.end	0	d	y	True	0.0	0.0	1.0	H		
3096	opchaikhy	1	0.004	1		opchaikh	y	arrange.pause.adjust.watch.yield.iterate.heat.watch.end	0	o	y	False	0.0	0.0	0.0	H		
3097	oteedan	1	0.004	1	ot	eed	an	ot:cool.cool.do.yield.bind	2	e	n	False	0.0	0.0	1.0	H		
3098	sdal	1	0.004	1	da	l		[s]da:state	0	l	l	True	0.0	0.0	0.0	H		
3099	chorchor	1	0.004	1	ch	orch	or	ch:arrange.respond.adjust.watch.arrange.respond	0	o	r	False	0.0	0.0	0.0	H		
3100	pchd	1	0.004	1	pch	d		pch:do	0	d	d	True	0.0	0.0	0.0	H		
3101	ypchdair	1	0.004	1	pch	dai	r	[y]pch:do.yield.iterate.respond	0	d	r	True	0.0	0.0	0.0	H		
3102	kshdor	1	0.004	1	sh	d	or	[k]sh:do.arrange.respond	0	d	r	True	1.0	1.0	0.0	H		
3103	chepchdy	1	0.004	1	ch	epch	dy	ch:cool.pause.adjust.watch.do.end	1	e	y	False	0.0	0.0	0.0	H		
3104	opshol	1	0.004	1		opsh	ol	arrange.pause.sequence.watch.arrange.state	0	o	l	False	0.0	0.0	0.0	H		
3105	teodaiin	1	0.004	1	te	od	aiin	te:arrange.do.yield.iterate.iterate.bind	0	o	n	False	0.0	1.0	0.0	H		
3106	oekeey	1	0.004	1		oekee	y	arrange.cool.heat.cool.cool.end	2	o	y	False	0.0	0.0	0.0	H		
3107	todain	1	0.004	1	to	d	ain	to:do.yield.iterate.bind	0	d	n	True	0.0	0.0	0.0	H		
3108	shdaly	1	0.004	1	sh	da	ly	sh:do.yield.state.end	0	d	y	True	0.0	0.0	1.0	H		
3109	chekchdy	1	0.004	1	ch	ekch	dy	ch:cool.heat.adjust.watch.do.end	1	e	y	False	0.0	0.0	0.0	H		
3110	qofain	1	0.004	1	qo	f	ain	qo:flag.yield.iterate.bind	0	f	n	True	0.0	0.0	0.0	H		
3111	chetchdy	1	0.004	1	ch	etch	dy	ch:cool.transfer.adjust.watch.do.end	1	e	y	False	0.0	0.0	0.0	H		
3112	ykoldy	1	0.004	1	yk	ol	dy	yk:arrange.state.do.end	0	o	y	False	0.0	0.0	0.0	H		
3113	epaiin	1	0.004	1		ep	aiin	cool.pause.yield.iterate.iterate.bind	1	e	n	False	0.0	0.0	0.0	H		
3114	okaraiin	1	0.004	1	ok	ar	aiin	ok:yield.respond.yield.iterate.iterate.bind	0	a	n	False	0.0	0.0	0.0	H		
3115	dalfchy	1	0.004	1	da	lfch	y	da:state.flag.adjust.watch.end	0	l	y	True	0.0	0.0	0.0	H		
3116	chckhyfchy	1	0.004	1	ch	ckhyfch	y	ch:adjust.heat.watch.end.flag.adjust.watch.end	0	c	y	True	0.0	0.0	0.0	H		
3117	daraiin	1	0.004	1	da	r	aiin	da:respond.yield.iterate.iterate.bind	0	r	n	True	0.0	0.0	0.0	H		
3118	chcfhol	1	0.004	1	ch	cfh	ol	ch:adjust.flag.watch.arrange.state	0	c	l	True	0.0	0.0	0.0	H		
3119	okeesy	1	0.004	1	ok	ees	y	ok:cool.cool.sequence.end	2	e	y	False	0.0	0.0	0.0	H		
3120	okedyted	1	0.004	1	ok	edyted		ok:cool.do.end.transfer.cool.do	1	e	d	False	0.0	0.0	0.0	H		
3121	shsdy	1	0.004	1	sh	s	dy	sh:sequence.do.end	0	s	y	True	0.0	0.0	0.0	H		
3122	qofaiin	1	0.004	1	qo	f	aiin	qo:flag.yield.iterate.iterate.bind	0	f	n	True	0.0	0.0	0.0	H		
3123	olsain	1	0.004	1	ol	s	ain	ol:sequence.yield.iterate.bind	0	s	n	True	0.0	0.0	1.0	H		
3124	ykaipy	1	0.004	1	yk	aip	y	yk:yield.iterate.pause.end	0	a	y	False	0.0	0.0	1.0	H		
3125	arcsy	1	0.004	1	ar	cs	y	ar:adjust.sequence.end	0	c	y	True	0.0	1.0	0.0	H		
3126	shekydy	1	0.004	1	sh	eky	dy	sh:cool.heat.end.do.end	1	e	y	False	0.0	0.0	0.0	H		
3127	otalain	1	0.004	1	ot	al	ain	ot:yield.state.yield.iterate.bind	0	a	n	False	0.0	0.0	0.0	H		
3128	ykaly	1	0.004	1	yk	a	ly	yk:yield.state.end	0	a	y	False	0.0	0.0	0.0	H		
3129	chals	1	0.004	1	ch	al	s	ch:yield.state.sequence	0	a	s	False	0.0	0.0	0.0	H		
3130	ytasal	1	0.004	1	ta	s	al	[y]ta:sequence.yield.state	0	s	l	True	0.0	0.0	0.0	H		
3131	tolteedy	1	0.004	1	to	ltee	dy	to:state.transfer.cool.cool.do.end	2	l	y	True	1.0	1.0	0.0	H		
3132	cthoepain	1	0.004	1	ct	hoep	ain	ct:watch.arrange.cool.pause.yield.iterate.bind	1	h	n	True	0.0	0.0	0.0	H		
3133	oekshy	1	0.004	1		oeksh	y	arrange.cool.heat.sequence.watch.end	1	o	y	False	0.0	0.0	0.0	H		
3134	qofchdaiin	1	0.004	1	qo	fchd	aiin	qo:flag.adjust.watch.do.yield.iterate.iterate.bind	0	f	n	True	0.0	0.0	0.0	H		
3135	shoyfar	1	0.004	1	sh	oyf	ar	sh:arrange.end.flag.yield.respond	0	o	r	False	0.0	0.0	0.0	H		
3136	alfshed	1	0.004	1	al	fshed		al:flag.sequence.watch.cool.do	1	f	d	True	0.0	0.0	1.0	H		
3137	tshor	1	0.004	1	sh	or		[t]sh:arrange.respond	0	o	r	False	0.0	0.0	0.0	H		
3138	qoksh	1	0.004	1	qo	ksh		qo:heat.sequence.watch	0	k	h	False	0.0	0.0	0.0	H		
3139	ychar	1	0.004	1	ch	ar		[y]ch:yield.respond	0	a	r	False	0.0	0.0	0.0	H		
3140	akarar	1	0.004	1		akar	ar	yield.heat.yield.respond.yield.respond	0	a	r	False	0.0	0.0	0.0	H		
3141	chefar	1	0.004	1	ch	ef	ar	ch:cool.flag.yield.respond	1	e	r	False	0.0	0.0	0.0	H		
3142	dolkain	1	0.004	1	do	lk	ain	do:state.heat.yield.iterate.bind	0	l	n	True	0.0	0.0	0.0	H		
3143	otardy	1	0.004	1	ot	ar	dy	ot:yield.respond.do.end	0	a	y	False	0.0	0.0	1.0	H		
3144	dchody	1	0.004	1	dch	o	dy	dch:arrange.do.end	0	o	y	False	0.0	1.0	0.0	H		
3145	fchodaiin	1	0.004	1	fch	od	aiin	fch:arrange.do.yield.iterate.iterate.bind	0	o	n	False	0.0	0.0	0.0	H		
3146	kshol	1	0.004	1	sh	ol		[k]sh:arrange.state	0	o	l	False	0.0	0.0	0.0	H		
3147	skchdy	1	0.004	1	kch	dy		[s]kch:do.end	0	d	y	True	0.0	0.0	1.0	H		
3148	sheyk	1	0.004	1	sh	eyk		sh:cool.end.heat	1	e	k	False	0.0	0.0	0.0	H		
3149	kchedaiin	1	0.004	1	kch	ed	aiin	kch:cool.do.yield.iterate.iterate.bind	1	e	n	False	0.0	0.0	0.0	H		
3150	pshedar	1	0.004	1	sh	ed	ar	[p]sh:cool.do.yield.respond	1	e	r	False	1.0	1.0	0.0	H		
3151	qotches	1	0.004	1	qo	tche	s	qo:transfer.adjust.watch.cool.sequence	1	t	s	False	0.0	0.0	0.0	H		
3152	tshes	1	0.004	1	sh	e	s	[t]sh:cool.sequence	1	e	s	False	0.0	0.0	0.0	H		
3153	dolkchy	1	0.004	1	do	lkch	y	do:state.heat.adjust.watch.end	0	l	y	True	0.0	0.0	0.0	H		
3154	lshee	1	0.004	1	lsh	ee		lsh:cool.cool	2	e	e	False	0.0	1.0	0.0	H		
3155	yteechypchy	1	0.004	1	te	echypch	y	[y]te:cool.adjust.watch.end.pause.adjust.watch.end	1	e	y	False	0.0	0.0	0.0	S		
3156	ylshey	1	0.004	1	lsh	e	y	[y]lsh:cool.end	1	e	y	False	0.0	0.0	0.0	S		
3157	yshdal	1	0.004	1	sh	d	al	[y]sh:do.yield.state	0	d	l	True	0.0	0.0	0.0	S		
3158	chcphhdy	1	0.004	1	ch	cphh	dy	ch:adjust.pause.watch.watch.do.end	0	c	y	True	0.0	0.0	0.0	S		
3159	daloky	1	0.004	1	da	lok	y	da:state.arrange.heat.end	0	l	y	True	0.0	0.0	0.0	S		
3160	peshol	1	0.004	1	pe	ol		pe:sequence.watch.arrange.state	0	s	l	True	0.0	0.0	0.0	S		
3161	yshdain	1	0.004	1	sh	d	ain	[y]sh:do.yield.iterate.bind	0	d	n	True	0.0	1.0	0.0	S		
3162	chym	1	0.004	1	ch	y	m	ch:end.final	0	y	m	True	0.0	0.0	1.0	S		
3163	chdarol	1	0.004	1	ch	dar	ol	ch:do.yield.respond.arrange.state	0	d	l	True	0.0	0.0	0.0	S		
3164	pocharal	1	0.004	1	po	ar	al	po:adjust.watch.yield.respond.yield.state	0	c	l	True	1.0	1.0	0.0	S		
3165	rkar	1	0.004	1	ka	r		[r]ka:respond	0	r	r	True	0.0	0.0	0.0	S		
3166	okdy	1	0.004	1	ok	dy		ok:do.end	0	d	y	True	0.0	0.0	1.0	S		
3167	qokealdy	1	0.004	1	qo	keal	dy	qo:heat.cool.yield.state.do.end	1	k	y	False	0.0	0.0	0.0	S		
3168	daroal	1	0.004	1	da	ro	al	da:respond.arrange.yield.state	0	r	l	True	1.0	1.0	0.0	S		
3169	qoisol	1	0.004	1	qo	is	ol	qo:iterate.sequence.arrange.state	0	i	l	True	0.0	0.0	0.0	S		
3170	adchey	1	0.004	1		adche	y	yield.do.adjust.watch.cool.end	1	a	y	False	0.0	0.0	0.0	S		
3171	ofcho	1	0.004	1		ofcho		arrange.flag.adjust.watch.arrange	0	o	o	False	0.0	0.0	0.0	S		
3172	lteody	1	0.004	1	te	o	dy	[l]te:arrange.do.end	0	o	y	False	0.0	0.0	0.0	S		
3173	lkeor	1	0.004	1	lk	e	or	lk:cool.arrange.respond	1	e	r	False	0.0	0.0	0.0	S		
3174	ledy	1	0.004	1		le	dy	state.cool.do.end	1	l	y	True	0.0	0.0	0.0	S		
3175	okeedaram	1	0.004	1	ok	eedar	am	ok:cool.cool.do.yield.respond.yield.final	2	e	m	False	0.0	0.0	1.0	S		
3176	teolshy	1	0.004	1	te	olsh	y	te:arrange.state.sequence.watch.end	0	o	y	False	0.0	0.0	0.0	S		
3177	otoy	1	0.004	1	ot	o	y	ot:arrange.end	0	o	y	False	0.0	0.0	0.0	S		
3178	daikhyky	1	0.004	1	da	ikhyk	y	da:iterate.heat.watch.end.heat.end	0	i	y	True	0.0	0.0	1.0	S		
3179	kasol	1	0.004	1	ka	s	ol	ka:sequence.arrange.state	0	s	l	True	0.0	0.0	1.0	S		
3180	eekain	1	0.004	1		eek	ain	cool.cool.heat.yield.iterate.bind	2	e	n	False	0.0	0.0	0.0	S		
3181	sholkar	1	0.004	1	sh	olk	ar	sh:arrange.state.heat.yield.respond	0	o	r	False	0.0	0.0	0.0	S		
3182	sedaiin	1	0.004	1	se	d	aiin	se:do.yield.iterate.iterate.bind	0	d	n	True	0.0	0.0	0.0	S		
3183	shefhedy	1	0.004	1	sh	efhe	dy	sh:cool.flag.watch.cool.do.end	1	e	y	False	0.0	0.0	0.0	S		
3184	qokalshedy	1	0.004	1	qo	kalshe	dy	qo:heat.yield.state.sequence.watch.cool.do.end	1	k	y	False	0.0	0.0	0.0	S		
3185	oteys	1	0.004	1	ot	ey	s	ot:cool.end.sequence	1	e	s	False	0.0	0.0	1.0	S		
3186	lkldy	1	0.004	1	lk	l	dy	lk:state.do.end	0	l	y	True	0.0	0.0	0.0	S		
3187	ychain	1	0.004	1	ch	ain		[y]ch:yield.iterate.bind	0	a	n	False	0.0	1.0	0.0	S		
3188	pcheam	1	0.004	1	pch	e	am	pch:cool.yield.final	1	e	m	False	1.0	1.0	0.0	S		
3189	sokedy	1	0.004	1	so	ke	dy	so:heat.cool.do.end	1	k	y	False	0.0	0.0	0.0	S		
3190	dalshy	1	0.004	1	da	lsh	y	da:state.sequence.watch.end	0	l	y	True	0.0	1.0	0.0	S		
3191	shckhody	1	0.004	1	sh	ckho	dy	sh:adjust.heat.watch.arrange.do.end	0	c	y	True	0.0	0.0	0.0	S		
3192	tchoky	1	0.004	1	tch	ok	y	tch:arrange.heat.end	0	o	y	False	1.0	1.0	0.0	S		
3193	qoodain	1	0.004	1	qo	od	ain	qo:arrange.do.yield.iterate.bind	0	o	n	False	0.0	0.0	0.0	S		
3194	olcheedar	1	0.004	1	ol	eed	ar	ol:adjust.watch.cool.cool.do.yield.respond	2	c	r	True	0.0	0.0	0.0	S		
3195	lotos	1	0.004	1	ot	o	s	[l]ot:arrange.sequence	0	o	s	False	0.0	0.0	1.0	S		
3196	deshedy	1	0.004	1	de	e	dy	de:sequence.watch.cool.do.end	1	s	y	True	0.0	1.0	0.0	S		
3197	dalkain	1	0.004	1	da	lk	ain	da:state.heat.yield.iterate.bind	0	l	n	True	0.0	0.0	0.0	S		
3198	qokechchy	1	0.004	1	qo	kechch	y	qo:heat.cool.adjust.watch.adjust.watch.end	1	k	y	False	0.0	1.0	0.0	S		
3199	shokeey	1	0.004	1	sh	okee	y	sh:arrange.heat.cool.cool.end	2	o	y	False	0.0	0.0	0.0	S		
3200	pcholkchdy	1	0.004	1	pch	olkch	dy	pch:arrange.state.heat.adjust.watch.do.end	0	o	y	False	1.0	1.0	0.0	S		
3201	oteeykshy	1	0.004	1	ot	eeyksh	y	ot:cool.cool.end.heat.sequence.watch.end	2	e	y	False	0.0	0.0	0.0	S		
3202	shchdy	1	0.004	1	sh	dy		sh:adjust.watch.do.end	0	c	y	True	0.0	0.0	0.0	S		
3203	chechy	1	0.004	1	ch	ech	y	ch:cool.adjust.watch.end	1	e	y	False	0.0	0.0	0.0	S		
3204	choldy	1	0.004	1	ch	ol	dy	ch:arrange.state.do.end	0	o	y	False	0.0	0.0	0.0	S		
3205	qotail	1	0.004	1	qo	tai	l	qo:transfer.yield.iterate.state	0	t	l	False	0.0	0.0	0.0	S		
3206	seedy	1	0.004	1	se	e	dy	se:cool.do.end	1	e	y	False	0.0	0.0	1.0	S		
3207	cheedalaiin	1	0.004	1	ch	eedal	aiin	ch:cool.cool.do.yield.state.yield.iterate.iterate.bind	2	e	n	False	0.0	0.0	1.0	S		
3208	lcheg	1	0.004	1	lch	e	g	lch:cool.?	1	e	g	False	0.0	0.0	1.0	S		
3209	okool	1	0.004	1	ok	ool		ok:arrange.arrange.state	0	o	l	False	0.0	1.0	0.0	S		
3210	qokeodair	1	0.004	1	qo	keodai	r	qo:heat.cool.arrange.do.yield.iterate.respond	1	k	r	False	0.0	0.0	0.0	S		
3211	shalky	1	0.004	1	sh	alk	y	sh:yield.state.heat.end	0	a	y	False	0.0	0.0	1.0	S		
3212	otechedy	1	0.004	1	ot	eche	dy	ot:cool.adjust.watch.cool.do.end	1	e	y	False	0.0	1.0	0.0	S		
3213	lokain	1	0.004	1	ok	ain		[l]ok:yield.iterate.bind	0	a	n	False	0.0	0.0	0.0	S		
3214	lotar	1	0.004	1	ot	ar		[l]ot:yield.respond	0	a	r	False	0.0	0.0	0.0	S		
3215	oteeal	1	0.004	1	ot	ee	al	ot:cool.cool.yield.state	2	e	l	False	0.0	0.0	0.0	S		
3216	shetsho	1	0.004	1	sh	etsho		sh:cool.transfer.sequence.watch.arrange	1	e	o	False	0.0	0.0	0.0	S		
3217	cheolshy	1	0.004	1	ch	eolsh	y	ch:cool.arrange.state.sequence.watch.end	1	e	y	False	0.0	0.0	0.0	S		
3218	chalal	1	0.004	1	ch	al	al	ch:yield.state.yield.state	0	a	l	False	0.0	0.0	1.0	S		
3219	okeshedy	1	0.004	1	ok	eshe	dy	ok:cool.sequence.watch.cool.do.end	1	e	y	False	0.0	0.0	0.0	S		
3220	shokey	1	0.004	1	sh	oke	y	sh:arrange.heat.cool.end	1	o	y	False	0.0	0.0	0.0	S		
3221	chedan	1	0.004	1	ch	ed	an	ch:cool.do.yield.bind	1	e	n	False	0.0	0.0	1.0	S		
3222	oloraiin	1	0.004	1	ol	or	aiin	ol:arrange.respond.yield.iterate.iterate.bind	0	o	n	False	0.0	0.0	1.0	S		
3223	qotolaiin	1	0.004	1	qo	tol	aiin	qo:transfer.arrange.state.yield.iterate.iterate.bind	0	t	n	False	0.0	0.0	0.0	S		
3224	shkchy	1	0.004	1	sh	kch	y	sh:heat.adjust.watch.end	0	k	y	False	0.0	0.0	0.0	S		
3225	opchealol	1	0.004	1		opcheal	ol	arrange.pause.adjust.watch.cool.yield.state.arrange.state	1	o	l	False	0.0	0.0	0.0	S		
3226	leeesain	1	0.004	1		leees	ain	state.cool.cool.cool.sequence.yield.iterate.bind	3	l	n	True	0.0	0.0	0.0	S		
3227	cheosaiin	1	0.004	1	ch	eos	aiin	ch:cool.arrange.sequence.yield.iterate.iterate.bind	1	e	n	False	0.0	0.0	1.0	S		
3228	chepchy	1	0.004	1	ch	epch	y	ch:cool.pause.adjust.watch.end	1	e	y	False	0.0	0.0	0.0	S		
3229	otalsy	1	0.004	1	ot	als	y	ot:yield.state.sequence.end	0	a	y	False	0.0	0.0	1.0	S		
3230	okeedaky	1	0.004	1	ok	eedak	y	ok:cool.cool.do.yield.heat.end	2	e	y	False	0.0	0.0	0.0	S		
3231	chalr	1	0.004	1	ch	al	r	ch:yield.state.respond	0	a	r	False	0.0	0.0	1.0	S		
3232	lkees	1	0.004	1	lk	ee	s	lk:cool.cool.sequence	2	e	s	False	0.0	0.0	0.0	S		
3233	qoeeor	1	0.004	1	qo	ee	or	qo:cool.cool.arrange.respond	2	e	r	False	0.0	0.0	0.0	S		
3234	lshor	1	0.004	1	lsh	or		lsh:arrange.respond	0	o	r	False	0.0	0.0	0.0	S		
3235	chedydy	1	0.004	1	ch	edy	dy	ch:cool.do.end.do.end	1	e	y	False	0.0	0.0	1.0	S		
3236	chekeeal	1	0.004	1	ch	ekee	al	ch:cool.heat.cool.cool.yield.state	2	e	l	False	0.0	0.0	0.0	S		
3237	shorchdy	1	0.004	1	sh	orch	dy	sh:arrange.respond.adjust.watch.do.end	0	o	y	False	0.0	0.0	0.0	S		
3238	qokeeshy	1	0.004	1	qo	keesh	y	qo:heat.cool.cool.sequence.watch.end	2	k	y	False	0.0	0.0	0.0	S		
3239	olldy	1	0.004	1	ol	l	dy	ol:state.do.end	0	l	y	True	0.0	0.0	1.0	S		
3240	olkeeshy	1	0.004	1	ol	keesh	y	ol:heat.cool.cool.sequence.watch.end	2	k	y	False	0.0	0.0	0.0	S		
3241	opalam	1	0.004	1		opal	am	arrange.pause.yield.state.yield.final	0	o	m	False	0.0	0.0	1.0	S		
3242	olshy	1	0.004	1	ol	y		ol:sequence.watch.end	0	s	y	True	0.0	0.0	0.0	S		
3243	tchedal	1	0.004	1	tch	ed	al	tch:cool.do.yield.state	1	e	l	False	0.0	1.0	0.0	S		
3244	yshear	1	0.004	1	sh	e	ar	[y]sh:cool.yield.respond	1	e	r	False	0.0	1.0	0.0	S		
3245	oqaiin	1	0.004	1		oq	aiin	arrange.?.yield.iterate.iterate.bind	0	o	n	False	0.0	0.0	0.0	S		
3246	larorol	1	0.004	1	ar	or	ol	[l]ar:arrange.respond.arrange.state	0	o	l	False	0.0	0.0	1.0	S		
3247	lchealaiin	1	0.004	1	lch	eal	aiin	lch:cool.yield.state.yield.iterate.iterate.bind	1	e	n	False	0.0	0.0	0.0	S		
3248	shaikhy	1	0.004	1	sh	aikh	y	sh:yield.iterate.heat.watch.end	0	a	y	False	0.0	0.0	0.0	S		
3249	lolain	1	0.004	1	ol	ain		[l]ol:yield.iterate.bind	0	a	n	False	0.0	0.0	1.0	S		
3250	shaikhhy	1	0.004	1	sh	aikhh	y	sh:yield.iterate.heat.watch.watch.end	0	a	y	False	0.0	0.0	0.0	S		
3251	teor	1	0.004	1	te	or		te:arrange.respond	0	o	r	False	0.0	0.0	0.0	S		
3252	olan	1	0.004	1	ol	an		ol:yield.bind	0	a	n	False	0.0	0.0	0.0	S		
3253	okeeylchedy	1	0.004	1	ok	eeylche	dy	ok:cool.cool.end.state.adjust.watch.cool.do.end	2	e	y	False	0.0	0.0	0.0	S		
3254	lpar	1	0.004	1		lp	ar	state.pause.yield.respond	0	l	r	True	0.0	0.0	0.0	S		
3255	otaryly	1	0.004	1	ot	ary	ly	ot:yield.respond.end.state.end	0	a	y	False	0.0	0.0	1.0	S		
3256	pchear	1	0.004	1	pch	e	ar	pch:cool.yield.respond	1	e	r	False	1.0	1.0	0.0	S		
3257	fchedey	1	0.004	1	fch	ede	y	fch:cool.do.cool.end	1	e	y	False	0.0	0.0	0.0	S		
3258	oqokeey	1	0.004	1		oqokee	y	arrange.?.arrange.heat.cool.cool.end	2	o	y	False	0.0	0.0	0.0	S		
3259	qckhhy	1	0.004	1		qckhh	y	?.adjust.heat.watch.watch.end	0	q	y	True	0.0	0.0	0.0	S		
3260	olainy	1	0.004	1	ol	ain	y	ol:yield.iterate.bind.end	0	a	y	False	0.0	0.0	1.0	S		
3261	shdpchy	1	0.004	1	sh	dpch	y	sh:do.pause.adjust.watch.end	0	d	y	True	0.0	0.0	0.0	S		
3262	qokeshe	1	0.004	1	qo	keshe		qo:heat.cool.sequence.watch.cool	1	k	e	False	0.0	0.0	0.0	S		
3263	lsheok	1	0.004	1	lsh	eok		lsh:cool.arrange.heat	1	e	k	False	0.0	0.0	0.0	S		
3264	qcphhy	1	0.004	1		qcphh	y	?.adjust.pause.watch.watch.end	0	q	y	True	0.0	0.0	0.0	S		
3265	polshor	1	0.004	1	po	lsh	or	po:state.sequence.watch.arrange.respond	0	l	r	True	1.0	1.0	0.0	S		
3266	keeolshey	1	0.004	1	ke	eolshe	y	ke:cool.arrange.state.sequence.watch.cool.end	1	e	y	False	0.0	0.0	0.0	S		
3267	lcharar	1	0.004	1	lch	ar	ar	lch:yield.respond.yield.respond	0	a	r	False	0.0	0.0	0.0	S		
3268	sher	1	0.004	1	sh	e	r	sh:cool.respond	1	e	r	False	0.0	0.0	0.0	S		
3269	ithy	1	0.004	1		ith	y	iterate.transfer.watch.end	0	i	y	True	0.0	0.0	0.0	S		
3270	ras	1	0.004	1		ra	s	respond.yield.sequence	0	r	s	True	0.0	0.0	1.0	S		
3271	chsaly	1	0.004	1	ch	sa	ly	ch:sequence.yield.state.end	0	s	y	True	0.0	0.0	1.0	S		
3272	qokeory	1	0.004	1	qo	keo	ry	qo:heat.cool.arrange.respond.end	1	k	y	False	0.0	0.0	0.0	S		
3273	ocphedy	1	0.004	1		ocphe	dy	arrange.adjust.pause.watch.cool.do.end	1	o	y	False	0.0	0.0	0.0	S		
3274	osaiiin	1	0.004	1		osai	iin	arrange.sequence.yield.iterate.iterate.iterate.bind	0	o	n	False	0.0	0.0	0.0	S		
3275	teedaram	1	0.004	1	te	edar	am	te:cool.do.yield.respond.yield.final	1	e	m	False	0.0	0.0	1.0	S		
3276	otech	1	0.004	1	ot	ech		ot:cool.adjust.watch	1	e	h	False	0.0	0.0	0.0	S		
3277	chry	1	0.004	1	ch	ry		ch:respond.end	0	r	y	True	0.0	0.0	1.0	S		
3278	kchdal	1	0.004	1	kch	d	al	kch:do.yield.state	0	d	l	True	1.0	1.0	0.0	S		
3279	qoshedy	1	0.004	1	qo	e	dy	qo:sequence.watch.cool.do.end	1	s	y	True	0.0	0.0	0.0	S		
3280	chedacphy	1	0.004	1	ch	edacph	y	ch:cool.do.yield.adjust.pause.watch.end	1	e	y	False	0.0	0.0	0.0	S		
3281	dchodees	1	0.004	1	dch	odee	s	dch:arrange.do.cool.cool.sequence	2	o	s	False	0.0	1.0	0.0	S		
3282	okaim	1	0.004	1	ok	a	im	ok:yield.iterate.final	0	a	m	False	0.0	0.0	1.0	S		
3283	olsheedy	1	0.004	1	ol	ee	dy	ol:sequence.watch.cool.cool.do.end	2	s	y	True	0.0	1.0	0.0	S		
3284	ycheeoy	1	0.004	1	ch	eeo	y	[y]ch:cool.cool.arrange.end	2	e	y	False	0.0	1.0	0.0	S		
3285	qokecho	1	0.004	1	qo	kecho		qo:heat.cool.adjust.watch.arrange	1	k	o	False	0.0	0.0	0.0	S		
3286	cheockay	1	0.004	1	ch	eocka	y	ch:cool.arrange.adjust.heat.yield.end	1	e	y	False	0.0	0.0	0.0	S		
3287	otyd	1	0.004	1	ot	yd		ot:end.do	0	y	d	True	0.0	0.0	0.0	S		
3288	octheody	1	0.004	1		octheo	dy	arrange.adjust.transfer.watch.cool.arrange.do.end	1	o	y	False	0.0	0.0	0.0	S		
3289	cholfor	1	0.004	1	ch	olf	or	ch:arrange.state.flag.arrange.respond	0	o	r	False	0.0	0.0	0.0	S		
3290	otalr	1	0.004	1	ot	al	r	ot:yield.state.respond	0	a	r	False	0.0	0.0	1.0	S		
3291	otodchy	1	0.004	1	ot	odch	y	ot:arrange.do.adjust.watch.end	0	o	y	False	0.0	1.0	0.0	S		
3292	shodor	1	0.004	1	sh	od	or	sh:arrange.do.arrange.respond	0	o	r	False	0.0	0.0	0.0	S		
3293	qokoeey	1	0.004	1	qo	koee	y	qo:heat.arrange.cool.cool.end	2	k	y	False	0.0	0.0	0.0	S		
3294	qoteode	1	0.004	1	qo	teode		qo:transfer.cool.arrange.do.cool	1	t	e	False	0.0	0.0	0.0	S		
3295	qodam	1	0.004	1	qo	d	am	qo:do.yield.final	0	d	m	True	0.0	0.0	0.0	S		
3296	olkeechey	1	0.004	1	ol	keeche	y	ol:heat.cool.cool.adjust.watch.cool.end	2	k	y	False	0.0	0.0	0.0	S		
3297	keechdy	1	0.004	1	ke	ech	dy	ke:cool.adjust.watch.do.end	1	e	y	False	0.0	0.0	0.0	S		
3298	ocheoithey	1	0.004	1		ocheoithe	y	arrange.adjust.watch.cool.arrange.iterate.transfer.watch.cool.end	1	o	y	False	1.0	1.0	0.0	S		
3299	qoctheody	1	0.004	1	qo	ctheo	dy	qo:adjust.transfer.watch.cool.arrange.do.end	1	c	y	True	0.0	0.0	0.0	S		
3300	ykeeodey	1	0.004	1	yk	eeode	y	yk:cool.cool.arrange.do.cool.end	2	e	y	False	0.0	0.0	0.0	S		
3301	qoepchy	1	0.004	1	qo	epch	y	qo:cool.pause.adjust.watch.end	1	e	y	False	0.0	0.0	0.0	S		
3302	shtey	1	0.004	1	sh	te	y	sh:transfer.cool.end	1	t	y	False	0.0	0.0	0.0	S		
3303	ykeeshedy	1	0.004	1	yk	eeshe	dy	yk:cool.cool.sequence.watch.cool.do.end	2	e	y	False	0.0	1.0	0.0	S		
3304	oteechy	1	0.004	1	ot	eech	y	ot:cool.cool.adjust.watch.end	2	e	y	False	0.0	0.0	0.0	S		
3305	chyteody	1	0.004	1	ch	yteo	dy	ch:end.transfer.cool.arrange.do.end	1	y	y	True	0.0	0.0	0.0	S		
3306	otarody	1	0.004	1	ot	aro	dy	ot:yield.respond.arrange.do.end	0	a	y	False	0.0	0.0	1.0	S		
3307	dcheeokeody	1	0.004	1	dch	eeokeo	dy	dch:cool.cool.arrange.heat.cool.arrange.do.end	2	e	y	False	0.0	1.0	0.0	S		
3308	chockhar	1	0.004	1	ch	ockh	ar	ch:arrange.adjust.heat.watch.yield.respond	0	o	r	False	0.0	0.0	0.0	S		
3309	toaiin	1	0.004	1	to	aiin		to:yield.iterate.iterate.bind	0	a	n	False	1.0	1.0	0.0	S		
3310	lshd	1	0.004	1	lsh	d		lsh:do	0	d	d	True	0.0	0.0	1.0	S		
3311	dsheoy	1	0.004	1	sh	eo	y	[d]sh:cool.arrange.end	1	e	y	False	0.0	1.0	0.0	S		
3312	cheekan	1	0.004	1	ch	eek	an	ch:cool.cool.heat.yield.bind	2	e	n	False	0.0	0.0	0.0	S		
3313	charaiin	1	0.004	1	ch	ar	aiin	ch:yield.respond.yield.iterate.iterate.bind	0	a	n	False	0.0	0.0	1.0	S		
3314	chllo	1	0.004	1	ch	llo		ch:state.state.arrange	0	l	o	True	0.0	0.0	0.0	S		
3315	opchar	1	0.004	1		opch	ar	arrange.pause.adjust.watch.yield.respond	0	o	r	False	0.0	0.0	0.0	S		
3316	otchor	1	0.004	1	ot	or		ot:adjust.watch.arrange.respond	0	c	r	True	0.0	0.0	0.0	S		
3317	okechol	1	0.004	1	ok	ech	ol	ok:cool.adjust.watch.arrange.state	1	e	l	False	0.0	0.0	0.0	S		
3318	olkeeodal	1	0.004	1	ol	keeod	al	ol:heat.cool.cool.arrange.do.yield.state	2	k	l	False	0.0	0.0	0.0	S		
3319	chalkeeedy	1	0.004	1	ch	alkeee	dy	ch:yield.state.heat.cool.cool.cool.do.end	3	a	y	False	0.0	0.0	0.0	S		
3320	checkhd	1	0.004	1	ch	eckhd		ch:cool.adjust.heat.watch.do	1	e	d	False	0.0	0.0	0.0	S		
3321	aisam	1	0.004	1		ais	am	yield.iterate.sequence.yield.final	0	a	m	False	0.0	0.0	1.0	S		
3322	cheodl	1	0.004	1	ch	eod	l	ch:cool.arrange.do.state	1	e	l	False	0.0	0.0	0.0	S		
3323	cphaiin	1	0.004	1		cph	aiin	adjust.pause.watch.yield.iterate.iterate.bind	0	c	n	True	0.0	0.0	0.0	S		
3324	qekeeey	1	0.004	1		qekeee	y	?.cool.heat.cool.cool.cool.end	3	q	y	True	0.0	0.0	0.0	S		
3325	qoparaiin	1	0.004	1	qo	par	aiin	qo:pause.yield.respond.yield.iterate.iterate.bind	0	p	n	True	0.0	0.0	1.0	S		
3326	olcheear	1	0.004	1	ol	ee	ar	ol:adjust.watch.cool.cool.yield.respond	2	c	r	True	0.0	1.0	0.0	S		
3327	arorsheey	1	0.004	1	ar	orshee	y	ar:arrange.respond.sequence.watch.cool.cool.end	2	o	y	False	0.0	0.0	0.0	S		
3328	cheoltar	1	0.004	1	ch	eolt	ar	ch:cool.arrange.state.transfer.yield.respond	1	e	r	False	0.0	0.0	0.0	S		
3329	arodly	1	0.004	1	ar	od	ly	ar:arrange.do.state.end	0	o	y	False	0.0	0.0	1.0	S		
3330	lkeodaiin	1	0.004	1	lk	eod	aiin	lk:cool.arrange.do.yield.iterate.iterate.bind	1	e	n	False	0.0	0.0	0.0	S		
3331	opcheocf	1	0.004	1		opcheocf		arrange.pause.adjust.watch.cool.arrange.adjust.flag	1	o	f	False	0.0	0.0	0.0	S		
3332	oksheey	1	0.004	1	ok	ee	y	ok:sequence.watch.cool.cool.end	2	s	y	True	0.0	0.0	0.0	S		
3333	okolchey	1	0.004	1	ok	olche	y	ok:arrange.state.adjust.watch.cool.end	1	o	y	False	0.0	0.0	0.0	S		
3334	lcheeey	1	0.004	1	lch	eee	y	lch:cool.cool.cool.end	3	e	y	False	0.0	0.0	0.0	S		
3335	cholcham	1	0.004	1	ch	olch	am	ch:arrange.state.adjust.watch.yield.final	0	o	m	False	0.0	0.0	1.0	S		
3336	qoete	1	0.004	1	qo	ete		qo:cool.transfer.cool	1	e	e	False	0.0	0.0	0.0	S		
3337	otechshy	1	0.004	1	ot	echsh	y	ot:cool.adjust.watch.sequence.watch.end	1	e	y	False	0.0	0.0	0.0	S		
3338	shoda	1	0.004	1	sh	oda		sh:arrange.do.yield	0	o	a	False	0.0	0.0	0.0	S		
3339	alchd	1	0.004	1	al	d		al:adjust.watch.do	0	c	d	True	0.0	0.0	1.0	S		
3340	okchechy	1	0.004	1	ok	ech	y	ok:adjust.watch.cool.adjust.watch.end	1	c	y	True	0.0	1.0	0.0	S		
3341	qokeshedy	1	0.004	1	qo	keshe	dy	qo:heat.cool.sequence.watch.cool.do.end	1	k	y	False	0.0	0.0	0.0	S		
3342	cholxy	1	0.004	1	ch	olx	y	ch:arrange.state.diagram.end	0	o	y	False	0.0	0.0	1.0	S		
3343	yshoiin	1	0.004	1	sh	oiin		[y]sh:arrange.iterate.iterate.bind	0	o	n	False	0.0	1.0	0.0	S		
3344	qocheeol	1	0.004	1	qo	ee	ol	qo:adjust.watch.cool.cool.arrange.state	2	c	l	True	0.0	0.0	0.0	S		
3345	olaly	1	0.004	1	ol	a	ly	ol:yield.state.end	0	a	y	False	0.0	0.0	1.0	S		
3346	chopar	1	0.004	1	ch	op	ar	ch:arrange.pause.yield.respond	0	o	r	False	0.0	0.0	0.0	S		
3347	qopchar	1	0.004	1	qo	pch	ar	qo:pause.adjust.watch.yield.respond	0	p	r	True	0.0	0.0	0.0	S		
3348	qotir	1	0.004	1	qo	ti	r	qo:transfer.iterate.respond	0	t	r	False	0.0	0.0	1.0	S		
3349	orcheol	1	0.004	1	or	e	ol	or:adjust.watch.cool.arrange.state	1	c	l	True	0.0	0.0	0.0	S		
3350	pcholor	1	0.004	1	pch	ol	or	pch:arrange.state.arrange.respond	0	o	r	False	1.0	1.0	0.0	S		
3351	alkchdy	1	0.004	1	al	kch	dy	al:heat.adjust.watch.do.end	0	k	y	False	0.0	0.0	0.0	S		
3352	ofaiino	1	0.004	1		ofaiino		arrange.flag.yield.iterate.iterate.bind.arrange	0	o	o	False	0.0	0.0	1.0	S		
3353	olkeeos	1	0.004	1	ol	keeo	s	ol:heat.cool.cool.arrange.sequence	2	k	s	False	0.0	1.0	0.0	S		
3354	oiinol	1	0.004	1		oiin	ol	arrange.iterate.iterate.bind.arrange.state	0	o	l	False	0.0	0.0	0.0	S		
3355	oeear	1	0.004	1		oee	ar	arrange.cool.cool.yield.respond	2	o	r	False	0.0	0.0	0.0	S		
3356	oqockhy	1	0.004	1		oqockh	y	arrange.?.arrange.adjust.heat.watch.end	0	o	y	False	0.0	0.0	0.0	S		
3357	tsheodl	1	0.004	1	sh	eod	l	[t]sh:cool.arrange.do.state	1	e	l	False	1.0	1.0	0.0	S		
3358	okcheochy	1	0.004	1	ok	eoch	y	ok:adjust.watch.cool.arrange.adjust.watch.end	1	c	y	True	0.0	1.0	0.0	S		
3359	olcheeo	1	0.004	1	ol	eeo		ol:adjust.watch.cool.cool.arrange	2	c	o	True	0.0	0.0	0.0	S		
3360	pchdoiin	1	0.004	1	pch	d	oiin	pch:do.arrange.iterate.iterate.bind	0	d	n	True	1.0	1.0	0.0	S		
3361	oltcheey	1	0.004	1	ol	tchee	y	ol:transfer.adjust.watch.cool.cool.end	2	t	y	False	0.0	0.0	0.0	S		
3362	qokamdy	1	0.004	1	qo	kam	dy	qo:heat.yield.final.do.end	0	k	y	False	0.0	0.0	0.0	S		
3363	alched	1	0.004	1	al	ed		al:adjust.watch.cool.do	1	c	d	True	0.0	0.0	0.0	S		
3364	chdeey	1	0.004	1	ch	dee	y	ch:do.cool.cool.end	2	d	y	True	0.0	0.0	0.0	S		
3365	oeeodain	1	0.004	1		oeeod	ain	arrange.cool.cool.arrange.do.yield.iterate.bind	2	o	n	False	0.0	0.0	0.0	S		
3366	solchd	1	0.004	1	so	lchd		so:state.adjust.watch.do	0	l	d	True	1.0	1.0	0.0	S		
3367	cpheo	1	0.004	1		cpheo		adjust.pause.watch.cool.arrange	1	c	o	True	0.0	0.0	0.0	S		
3368	scheo	1	0.004	1	sch	eo		sch:cool.arrange	1	e	o	False	0.0	0.0	0.0	S		
3369	qocky	1	0.004	1	qo	ck	y	qo:adjust.heat.end	0	c	y	True	0.0	0.0	0.0	S		
3370	cheoain	1	0.004	1	ch	eo	ain	ch:cool.arrange.yield.iterate.bind	1	e	n	False	0.0	0.0	0.0	S		
3371	cheodalol	1	0.004	1	ch	eodal	ol	ch:cool.arrange.do.yield.state.arrange.state	1	e	l	False	0.0	0.0	1.0	S		
3372	tchodls	1	0.004	1	tch	odl	s	tch:arrange.do.state.sequence	0	o	s	False	1.0	1.0	0.0	S		
3373	cheeool	1	0.004	1	ch	ee	ool	ch:cool.cool.arrange.arrange.state	2	e	l	False	0.0	0.0	0.0	S		
3374	chotedy	1	0.004	1	ch	ote	dy	ch:arrange.transfer.cool.do.end	1	o	y	False	0.0	0.0	0.0	S		
3375	qoeky	1	0.004	1	qo	ek	y	qo:cool.heat.end	1	e	y	False	0.0	0.0	0.0	S		
3376	ykchedor	1	0.004	1	yk	ed	or	yk:adjust.watch.cool.do.arrange.respond	1	c	r	True	0.0	0.0	0.0	S		
3377	polchechy	1	0.004	1	po	lchech	y	po:state.adjust.watch.cool.adjust.watch.end	1	l	y	True	1.0	1.0	0.0	S		
3378	oteoy	1	0.004	1	ot	eo	y	ot:cool.arrange.end	1	e	y	False	0.0	0.0	0.0	S		
3379	chotchs	1	0.004	1	ch	otch	s	ch:arrange.transfer.adjust.watch.sequence	0	o	s	False	0.0	0.0	0.0	S		
3380	cheeta	1	0.004	1	ch	eeta		ch:cool.cool.transfer.yield	2	e	a	False	0.0	0.0	0.0	S		
3381	qoeechdy	1	0.004	1	qo	eech	dy	qo:cool.cool.adjust.watch.do.end	2	e	y	False	0.0	0.0	0.0	S		
3382	cheetar	1	0.004	1	ch	eet	ar	ch:cool.cool.transfer.yield.respond	2	e	r	False	0.0	0.0	0.0	S		
3383	chataiin	1	0.004	1	ch	at	aiin	ch:yield.transfer.yield.iterate.iterate.bind	0	a	n	False	0.0	0.0	1.0	S		
3384	lcheolshedy	1	0.004	1	lch	eolshe	dy	lch:cool.arrange.state.sequence.watch.cool.do.end	1	e	y	False	0.0	0.0	0.0	S		
3385	daindl	1	0.004	1	da	ind	l	da:iterate.bind.do.state	0	i	l	True	0.0	0.0	1.0	S		
3386	tolkshey	1	0.004	1	to	lkshe	y	to:state.heat.sequence.watch.cool.end	1	l	y	True	1.0	1.0	0.0	S		
3387	qokeochy	1	0.004	1	qo	keoch	y	qo:heat.cool.arrange.adjust.watch.end	1	k	y	False	0.0	0.0	0.0	S		
3388	dadam	1	0.004	1	da	d	am	da:do.yield.final	0	d	m	True	0.0	0.0	1.0	S		
3389	ycheechy	1	0.004	1	ch	eech	y	[y]ch:cool.cool.adjust.watch.end	2	e	y	False	0.0	1.0	0.0	S		
3390	otkchedy	1	0.004	1	ot	kche	dy	ot:heat.adjust.watch.cool.do.end	1	k	y	False	0.0	0.0	0.0	S		
3391	cholkchy	1	0.004	1	ch	olkch	y	ch:arrange.state.heat.adjust.watch.end	0	o	y	False	0.0	0.0	0.0	S		
3392	dcheeoy	1	0.004	1	dch	eeo	y	dch:cool.cool.arrange.end	2	e	y	False	0.0	1.0	0.0	S		
3393	qokaiiin	1	0.004	1	qo	kai	iin	qo:heat.yield.iterate.iterate.iterate.bind	0	k	n	False	0.0	0.0	0.0	S		
3394	otcheochy	1	0.004	1	ot	eoch	y	ot:adjust.watch.cool.arrange.adjust.watch.end	1	c	y	True	0.0	0.0	0.0	S		
3395	chpcheor	1	0.004	1	ch	pche	or	ch:pause.adjust.watch.cool.arrange.respond	1	p	r	True	0.0	0.0	0.0	S		
3396	cholkshedy	1	0.004	1	ch	olkshe	dy	ch:arrange.state.heat.sequence.watch.cool.do.end	1	o	y	False	0.0	0.0	0.0	S		
3397	yshor	1	0.004	1	sh	or		[y]sh:arrange.respond	0	o	r	False	0.0	1.0	0.0	S		
3398	shokchey	1	0.004	1	sh	okche	y	sh:arrange.heat.adjust.watch.cool.end	1	o	y	False	0.0	0.0	0.0	S		
3399	qchor	1	0.004	1		qch	or	?.adjust.watch.arrange.respond	0	q	r	True	0.0	0.0	0.0	S		
3400	cheytal	1	0.004	1	ch	eyt	al	ch:cool.end.transfer.yield.state	1	e	l	False	0.0	0.0	1.0	S		
3401	ykoiin	1	0.004	1	yk	oiin		yk:arrange.iterate.iterate.bind	0	o	n	False	0.0	1.0	0.0	S		
3402	chockhedy	1	0.004	1	ch	ockhe	dy	ch:arrange.adjust.heat.watch.cool.do.end	1	o	y	False	0.0	0.0	0.0	S		
3403	qoykeey	1	0.004	1	qo	ykee	y	qo:end.heat.cool.cool.end	2	y	y	True	0.0	0.0	0.0	S		
3404	chochs	1	0.004	1	ch	och	s	ch:arrange.adjust.watch.sequence	0	o	s	False	0.0	0.0	1.0	S		
3405	pchoror	1	0.004	1	pch	or	or	pch:arrange.respond.arrange.respond	0	o	r	False	1.0	1.0	0.0	S		
3406	chpchs	1	0.004	1	ch	pch	s	ch:pause.adjust.watch.sequence	0	p	s	True	0.0	0.0	0.0	S		
3407	olsho	1	0.004	1	ol	o		ol:sequence.watch.arrange	0	s	o	True	0.0	1.0	0.0	S		
3408	lsair	1	0.004	1	sa	i	r	[l]sa:iterate.respond	0	i	r	True	0.0	0.0	0.0	S		
3409	kche	1	0.004	1	kch	e		kch:cool	1	e	e	False	1.0	1.0	0.0	S		
3410	cheokcheo	1	0.004	1	ch	eokcheo		ch:cool.arrange.heat.adjust.watch.cool.arrange	1	e	o	False	0.0	0.0	0.0	S		
3411	lcheed	1	0.004	1	lch	eed		lch:cool.cool.do	2	e	d	False	0.0	0.0	0.0	S		
3412	chaim	1	0.004	1	ch	a	im	ch:yield.iterate.final	0	a	m	False	0.0	0.0	1.0	S		
3413	qoeeol	1	0.004	1	qo	ee	ol	qo:cool.cool.arrange.state	2	e	l	False	0.0	0.0	0.0	S		
3414	ycheoraiin	1	0.004	1	ch	eor	aiin	[y]ch:cool.arrange.respond.yield.iterate.iterate.bind	1	e	n	False	0.0	1.0	0.0	S		
3415	cheocphy	1	0.004	1	ch	eocph	y	ch:cool.arrange.adjust.pause.watch.end	1	e	y	False	0.0	0.0	0.0	S		
3416	aiiinro	1	0.004	1		aiiinro		yield.iterate.iterate.iterate.bind.respond.arrange	0	a	o	False	0.0	0.0	0.0	S		
3417	qosaiin	1	0.004	1	qo	s	aiin	qo:sequence.yield.iterate.iterate.bind	0	s	n	True	0.0	0.0	0.0	S		
3418	cfheo	1	0.004	1		cfheo		adjust.flag.watch.cool.arrange	1	c	o	True	0.0	0.0	0.0	S		
3419	arals	1	0.004	1	ar	al	s	ar:yield.state.sequence	0	a	s	False	0.0	0.0	0.0	S		
3420	cheeod	1	0.004	1	ch	eeod		ch:cool.cool.arrange.do	2	e	d	False	0.0	0.0	0.0	S		
3421	etar	1	0.004	1		et	ar	cool.transfer.yield.respond	1	e	r	False	0.0	0.0	0.0	S		
3422	arair	1	0.004	1	ar	ai	r	ar:yield.iterate.respond	0	a	r	False	0.0	0.0	0.0	S		
3423	olcho	1	0.004	1	ol	o		ol:adjust.watch.arrange	0	c	o	True	0.0	0.0	1.0	S		
3424	psheodar	1	0.004	1	sh	eod	ar	[p]sh:cool.arrange.do.yield.respond	1	e	r	False	1.0	1.0	0.0	S		
3425	okaifhhy	1	0.004	1	ok	aifhh	y	ok:yield.iterate.flag.watch.watch.end	0	a	y	False	0.0	0.0	0.0	S		
3426	topaiin	1	0.004	1	to	p	aiin	to:pause.yield.iterate.iterate.bind	0	p	n	True	0.0	0.0	0.0	S		
3427	qokcheodaiin	1	0.004	1	qo	kcheod	aiin	qo:heat.adjust.watch.cool.arrange.do.yield.iterate.iterate.bind	1	k	n	False	0.0	0.0	1.0	S		
3428	posairy	1	0.004	1	po	sai	ry	po:sequence.yield.iterate.respond.end	0	s	y	True	1.0	1.0	0.0	S		
3429	shoefcheey	1	0.004	1	sh	oefchee	y	sh:arrange.cool.flag.adjust.watch.cool.cool.end	2	o	y	False	0.0	0.0	0.0	S		
3430	orodam	1	0.004	1	or	od	am	or:arrange.do.yield.final	0	o	m	False	0.0	0.0	1.0	S		
3431	okechey	1	0.004	1	ok	eche	y	ok:cool.adjust.watch.cool.end	1	e	y	False	0.0	1.0	0.0	S		
3432	chchy	1	0.004	1	ch	y		ch:adjust.watch.end	0	c	y	True	0.0	0.0	0.0	S		
3433	akain	1	0.004	1		ak	ain	yield.heat.yield.iterate.bind	0	a	n	False	0.0	0.0	0.0	S		
3434	roiir	1	0.004	1		roii	r	respond.arrange.iterate.iterate.respond	0	r	r	True	0.0	0.0	0.0	S		
3435	lkchs	1	0.004	1	lk	s		lk:adjust.watch.sequence	0	c	s	True	0.0	0.0	0.0	S		
3436	rais	1	0.004	1		rai	s	respond.yield.iterate.sequence	0	r	s	True	0.0	0.0	0.0	S		
3437	otcheeo	1	0.004	1	ot	eeo		ot:adjust.watch.cool.cool.arrange	2	c	o	True	0.0	0.0	0.0	S		
3438	lkeeda	1	0.004	1	lk	eeda		lk:cool.cool.do.yield	2	e	a	False	0.0	0.0	0.0	S		
3439	oteedchey	1	0.004	1	ot	eedche	y	ot:cool.cool.do.adjust.watch.cool.end	2	e	y	False	0.0	1.0	0.0	S		
3440	qoeeda	1	0.004	1	qo	eeda		qo:cool.cool.do.yield	2	e	a	False	0.0	0.0	0.0	S		
3441	qoteodaiin	1	0.004	1	qo	teod	aiin	qo:transfer.cool.arrange.do.yield.iterate.iterate.bind	1	t	n	False	0.0	0.0	0.0	S		
3442	ypcheeey	1	0.004	1	pch	eee	y	[y]pch:cool.cool.cool.end	3	e	y	False	0.0	0.0	0.0	S		
3443	saraisl	1	0.004	1	sa	rais	l	sa:respond.yield.iterate.sequence.state	0	r	l	True	0.0	0.0	0.0	S		
3444	in	1	0.004	1		in		iterate.bind	0	i	n	True	0.0	0.0	0.0	S		
3445	yey	1	0.004	1		ye	y	end.cool.end	1	y	y	True	0.0	0.0	0.0	S		
3446	qodos	1	0.004	1	qo	do	s	qo:do.arrange.sequence	0	d	s	True	0.0	0.0	0.0	S		
3447	qodan	1	0.004	1	qo	d	an	qo:do.yield.bind	0	d	n	True	0.0	0.0	0.0	S		
3448	odeey	1	0.004	1		odee	y	arrange.do.cool.cool.end	2	o	y	False	0.0	0.0	0.0	S		
3449	eeeodaiin	1	0.004	1		eeeod	aiin	cool.cool.cool.arrange.do.yield.iterate.iterate.bind	3	e	n	False	0.0	0.0	0.0	S		
3450	yteeeody	1	0.004	1	te	eeo	dy	[y]te:cool.cool.arrange.do.end	2	e	y	False	0.0	0.0	0.0	S		
3451	aiisockhy	1	0.004	1		aiisockh	y	yield.iterate.iterate.sequence.arrange.adjust.heat.watch.end	0	a	y	False	0.0	0.0	0.0	S		
3452	shedeeey	1	0.004	1	sh	edeee	y	sh:cool.do.cool.cool.cool.end	3	e	y	False	0.0	0.0	0.0	S		
3453	olpshedy	1	0.004	1	ol	pshe	dy	ol:pause.sequence.watch.cool.do.end	1	p	y	True	0.0	0.0	1.0	S		
3454	ykeeos	1	0.004	1	yk	eeo	s	yk:cool.cool.arrange.sequence	2	e	s	False	0.0	0.0	0.0	S		
3455	aiirody	1	0.004	1		aiiro	dy	yield.iterate.iterate.respond.arrange.do.end	0	a	y	False	0.0	0.0	1.0	S		
3456	oesal	1	0.004	1		oes	al	arrange.cool.sequence.yield.state	1	o	l	False	0.0	0.0	1.0	S		
3457	oeeolchy	1	0.004	1		oeeolch	y	arrange.cool.cool.arrange.state.adjust.watch.end	2	o	y	False	0.0	1.0	0.0	S		
3458	ore	1	0.004	1	or	e		or:cool	1	e	e	False	0.0	0.0	0.0	S		
3459	otcheos	1	0.004	1	ot	eo	s	ot:adjust.watch.cool.arrange.sequence	1	c	s	True	0.0	0.0	0.0	S		
3460	fchosaiin	1	0.004	1	fch	os	aiin	fch:arrange.sequence.yield.iterate.iterate.bind	0	o	n	False	0.0	0.0	0.0	S		
3461	polkeeey	1	0.004	1	po	lkeee	y	po:state.heat.cool.cool.cool.end	3	l	y	True	0.0	0.0	0.0	S		
3462	dyaiin	1	0.004	1		dy	aiin	do.end.yield.iterate.iterate.bind	0	d	n	True	0.0	0.0	1.0	S		
3463	yaiir	1	0.004	1		yaii	r	end.yield.iterate.iterate.respond	0	y	r	True	0.0	1.0	0.0	S		
3464	teeor	1	0.004	1	te	e	or	te:cool.arrange.respond	1	e	r	False	0.0	0.0	0.0	S		
3465	kesoar	1	0.004	1	ke	so	ar	ke:sequence.arrange.yield.respond	0	s	r	True	1.0	1.0	0.0	S		
3466	dlls	1	0.004	1		dll	s	do.state.state.sequence	0	d	s	True	0.0	0.0	0.0	S		
3467	oekeody	1	0.004	1		oekeo	dy	arrange.cool.heat.cool.arrange.do.end	1	o	y	False	0.0	0.0	0.0	S		
3468	sheolkeey	1	0.004	1	sh	eolkee	y	sh:cool.arrange.state.heat.cool.cool.end	2	e	y	False	0.0	0.0	1.0	S		
3469	lksheey	1	0.004	1	lk	ee	y	lk:sequence.watch.cool.cool.end	2	s	y	True	0.0	1.0	0.0	S		
3470	oteeeos	1	0.004	1	ot	eeeo	s	ot:cool.cool.cool.arrange.sequence	3	e	s	False	0.0	0.0	0.0	S		
3471	oiir	1	0.004	1		oii	r	arrange.iterate.iterate.respond	0	o	r	False	0.0	0.0	0.0	S		
3472	okeeddl	1	0.004	1	ok	eedd	l	ok:cool.cool.do.do.state	2	e	l	False	0.0	0.0	0.0	S		
3473	sheoked	1	0.004	1	sh	eoked		sh:cool.arrange.heat.cool.do	1	e	d	False	0.0	0.0	0.0	S		
3474	aiirol	1	0.004	1		aiir	ol	yield.iterate.iterate.respond.arrange.state	0	a	l	False	0.0	0.0	0.0	S		
3475	qlky	1	0.004	1		qlk	y	?.state.heat.end	0	q	y	True	0.0	0.0	1.0	S		
3476	sheoy	1	0.004	1	sh	eo	y	sh:cool.arrange.end	1	e	y	False	0.0	1.0	0.0	S		
3477	dsechey	1	0.004	1	se	e	y	[d]se:adjust.watch.cool.end	1	c	y	True	0.0	1.0	0.0	S		
3478	okeeyteedy	1	0.004	1	ok	eeytee	dy	ok:cool.cool.end.transfer.cool.cool.do.end	2	e	y	False	0.0	0.0	0.0	S		
3479	aiiral	1	0.004	1		aiir	al	yield.iterate.iterate.respond.yield.state	0	a	l	False	0.0	0.0	1.0	S		
3480	olfaiin	1	0.004	1	ol	f	aiin	ol:flag.yield.iterate.iterate.bind	0	f	n	True	0.0	0.0	0.0	S		
3481	chekaim	1	0.004	1	ch	eka	im	ch:cool.heat.yield.iterate.final	1	e	m	False	0.0	0.0	1.0	S		
3482	olkchokeedy	1	0.004	1	ol	kchokee	dy	ol:heat.adjust.watch.arrange.heat.cool.cool.do.end	2	k	y	False	0.0	1.0	0.0	S		
3483	opail	1	0.004	1		opai	l	arrange.pause.yield.iterate.state	0	o	l	False	0.0	0.0	0.0	S		
3484	oteodl	1	0.004	1	ot	eod	l	ot:cool.arrange.do.state	1	e	l	False	0.0	0.0	0.0	S		
3485	dchees	1	0.004	1	dch	ee	s	dch:cool.cool.sequence	2	e	s	False	0.0	1.0	0.0	S		
3486	aeeodeey	1	0.004	1		aeeodee	y	yield.cool.cool.arrange.do.cool.cool.end	2	a	y	False	0.0	0.0	0.0	S		
3487	chefchey	1	0.004	1	ch	efche	y	ch:cool.flag.adjust.watch.cool.end	1	e	y	False	0.0	0.0	1.0	S		
3488	chpaiikey	1	0.004	1	ch	paiike	y	ch:pause.yield.iterate.iterate.heat.cool.end	1	p	y	True	0.0	0.0	0.0	S		
3489	pcheey	1	0.004	1	pch	ee	y	pch:cool.cool.end	2	e	y	False	0.0	0.0	0.0	S		
3490	cheodkedy	1	0.004	1	ch	eodke	dy	ch:cool.arrange.do.heat.cool.do.end	1	e	y	False	0.0	0.0	0.0	S		
3491	decthdy	1	0.004	1	de	cth	dy	de:adjust.transfer.watch.do.end	0	c	y	True	0.0	0.0	0.0	S		
3492	daiiils	1	0.004	1	da	iiil	s	da:iterate.iterate.iterate.state.sequence	0	i	s	True	0.0	0.0	0.0	S		
3493	airols	1	0.004	1		airol	s	yield.iterate.respond.arrange.state.sequence	0	a	s	False	0.0	0.0	1.0	S		
3494	yqopchy	1	0.004	1	qo	pch	y	[y]qo:pause.adjust.watch.end	0	p	y	True	0.0	0.0	0.0	S		
3495	raiis	1	0.004	1		raii	s	respond.yield.iterate.iterate.sequence	0	r	s	True	0.0	0.0	0.0	S		
3496	cheesy	1	0.004	1	ch	ees	y	ch:cool.cool.sequence.end	2	e	y	False	0.0	0.0	0.0	S		
3497	pchsed	1	0.004	1	pch	sed		pch:sequence.cool.do	1	s	d	True	1.0	1.0	0.0	S		
3498	sheefy	1	0.004	1	sh	eef	y	sh:cool.cool.flag.end	2	e	y	False	0.0	0.0	0.0	S		
3499	odeaiin	1	0.004	1		ode	aiin	arrange.do.cool.yield.iterate.iterate.bind	1	o	n	False	0.0	0.0	0.0	S		
3500	oleedar	1	0.004	1	ol	eed	ar	ol:cool.cool.do.yield.respond	2	e	r	False	0.0	1.0	0.0	S		
3501	aiildy	1	0.004	1		aiil	dy	yield.iterate.iterate.state.do.end	0	a	y	False	0.0	0.0	0.0	S		
3502	qokolky	1	0.004	1	qo	kolk	y	qo:heat.arrange.state.heat.end	0	k	y	False	0.0	0.0	0.0	S		
3503	cheolkary	1	0.004	1	ch	eolka	ry	ch:cool.arrange.state.heat.yield.respond.end	1	e	y	False	0.0	0.0	1.0	S		
3504	kodeey	1	0.004	1	ko	dee	y	ko:do.cool.cool.end	2	d	y	True	1.0	1.0	0.0	S		
3505	shx	1	0.004	1	sh	x		sh:diagram	0	x	x	True	0.0	0.0	0.0	S		
3506	cpheesy	1	0.004	1		cphees	y	adjust.pause.watch.cool.cool.sequence.end	2	c	y	True	0.0	0.0	0.0	S		
3507	fchoky	1	0.004	1	fch	ok	y	fch:arrange.heat.end	0	o	y	False	0.0	0.0	1.0	S		
3508	ycheochy	1	0.004	1	ch	eoch	y	[y]ch:cool.arrange.adjust.watch.end	1	e	y	False	0.0	1.0	0.0	S		
3509	okeeodair	1	0.004	1	ok	eeodai	r	ok:cool.cool.arrange.do.yield.iterate.respond	2	e	r	False	0.0	1.0	0.0	S		
3510	teeolteedy	1	0.004	1	te	eoltee	dy	te:cool.arrange.state.transfer.cool.cool.do.end	2	e	y	False	0.0	0.0	0.0	S		
3511	otokal	1	0.004	1	ot	ok	al	ot:arrange.heat.yield.state	0	o	l	False	0.0	0.0	0.0	S		
3512	ykl	1	0.004	1	yk	l		yk:state	0	l	l	True	0.0	0.0	0.0	S		
3513	okaiir	1	0.004	1	ok	aii	r	ok:yield.iterate.iterate.respond	0	a	r	False	0.0	0.0	0.0	S		
3514	ofory	1	0.004	1		ofo	ry	arrange.flag.arrange.respond.end	0	o	y	False	0.0	0.0	1.0	S		
3515	ted	1	0.004	1	te	d		te:do	0	d	d	True	0.0	0.0	0.0	S		
3516	otoiis	1	0.004	1	ot	oii	s	ot:arrange.iterate.iterate.sequence	0	o	s	False	1.0	1.0	0.0	S		
3517	polairy	1	0.004	1	po	lai	ry	po:state.yield.iterate.respond.end	0	l	y	True	1.0	1.0	0.0	S		
3518	olpcheey	1	0.004	1	ol	pchee	y	ol:pause.adjust.watch.cool.cool.end	2	p	y	True	0.0	0.0	0.0	S		
3519	ypcheddy	1	0.004	1	pch	ed	dy	[y]pch:cool.do.do.end	1	e	y	False	0.0	0.0	0.0	S		
3520	ysheod	1	0.004	1	sh	eod		[y]sh:cool.arrange.do	1	e	d	False	0.0	1.0	0.0	S		
3521	keshed	1	0.004	1	ke	ed		ke:sequence.watch.cool.do	1	s	d	True	0.0	0.0	0.0	S		
3522	oteodair	1	0.004	1	ot	eodai	r	ot:cool.arrange.do.yield.iterate.respond	1	e	r	False	0.0	0.0	0.0	S		
3523	chkas	1	0.004	1	ch	ka	s	ch:heat.yield.sequence	0	k	s	False	0.0	0.0	0.0	S		
3524	chpor	1	0.004	1	ch	p	or	ch:pause.arrange.respond	0	p	r	True	0.0	0.0	0.0	S		
3525	ytoiin	1	0.004	1	to	iin		[y]to:iterate.iterate.bind	0	i	n	True	0.0	0.0	0.0	S		
3526	olkeeol	1	0.004	1	ol	kee	ol	ol:heat.cool.cool.arrange.state	2	k	l	False	0.0	1.0	0.0	S		
3527	orchsey	1	0.004	1	or	se	y	or:adjust.watch.sequence.cool.end	1	c	y	True	0.0	0.0	0.0	S		
3528	okaildy	1	0.004	1	ok	ail	dy	ok:yield.iterate.state.do.end	0	a	y	False	0.0	0.0	0.0	S		
3529	opcheo	1	0.004	1		opcheo		arrange.pause.adjust.watch.cool.arrange	1	o	o	False	0.0	0.0	0.0	S		
3530	sairom	1	0.004	1	sa	ir	om	sa:iterate.respond.arrange.final	0	i	m	True	0.0	0.0	1.0	S		
3531	fcheeody	1	0.004	1	fch	eeo	dy	fch:cool.cool.arrange.do.end	2	e	y	False	0.0	0.0	0.0	S		
3532	daiiidy	1	0.004	1	da	iii	dy	da:iterate.iterate.iterate.do.end	0	i	y	True	0.0	0.0	0.0	S		
3533	okairody	1	0.004	1	ok	airo	dy	ok:yield.iterate.respond.arrange.do.end	0	a	y	False	0.0	0.0	0.0	S		
3534	lchedr	1	0.004	1	lch	ed	r	lch:cool.do.respond	1	e	r	False	0.0	0.0	1.0	S		
3535	fodal	1	0.004	1		fod	al	flag.arrange.do.yield.state	0	f	l	True	1.0	1.0	0.0	S		
3536	olpchesd	1	0.004	1	ol	pchesd		ol:pause.adjust.watch.cool.sequence.do	1	p	d	True	0.0	0.0	0.0	S		
3537	opcheddl	1	0.004	1		opchedd	l	arrange.pause.adjust.watch.cool.do.do.state	1	o	l	False	0.0	0.0	0.0	S		
3538	okairy	1	0.004	1	ok	ai	ry	ok:yield.iterate.respond.end	0	a	y	False	0.0	0.0	0.0	S		
3539	ookam	1	0.004	1		ook	am	arrange.arrange.heat.yield.final	0	o	m	False	0.0	0.0	1.0	S		
3540	che	1	0.004	1	ch	e		ch:cool	1	e	e	False	0.0	0.0	0.0	S		
3541	okairo	1	0.004	1	ok	airo		ok:yield.iterate.respond.arrange	0	a	o	False	0.0	0.0	0.0	S		
3542	roees	1	0.004	1		roee	s	respond.arrange.cool.cool.sequence	2	r	s	True	0.0	1.0	0.0	S		
3543	chckhoda	1	0.004	1	ch	ckhoda		ch:adjust.heat.watch.arrange.do.yield	0	c	a	True	0.0	0.0	0.0	S		
3544	ckhddl	1	0.004	1		ckhdd	l	adjust.heat.watch.do.do.state	0	c	l	True	0.0	0.0	0.0	S		
3545	kaiishdy	1	0.004	1	ka	iish	dy	ka:iterate.iterate.sequence.watch.do.end	0	i	y	True	0.0	0.0	1.0	S		
3546	ykedor	1	0.004	1	yk	ed	or	yk:cool.do.arrange.respond	1	e	r	False	0.0	0.0	0.0	S		
3547	alkair	1	0.004	1	al	kai	r	al:heat.yield.iterate.respond	0	k	r	False	0.0	0.0	0.0	S		
3548	lkeedal	1	0.004	1	lk	eed	al	lk:cool.cool.do.yield.state	2	e	l	False	0.0	0.0	1.0	S		
3549	olord	1	0.004	1	ol	ord		ol:arrange.respond.do	0	o	d	False	0.0	0.0	0.0	S		
3550	kail	1	0.004	1	ka	i	l	ka:iterate.state	0	i	l	True	0.0	0.0	0.0	S		
3551	kard	1	0.004	1	ka	rd		ka:respond.do	0	r	d	True	0.0	0.0	0.0	S		
3552	chtchy	1	0.004	1	ch	tch	y	ch:transfer.adjust.watch.end	0	t	y	False	0.0	0.0	1.0	S		
3553	chdos	1	0.004	1	ch	do	s	ch:do.arrange.sequence	0	d	s	True	0.0	0.0	0.0	S		
3554	kalchedy	1	0.004	1	ka	lche	dy	ka:state.adjust.watch.cool.do.end	1	l	y	True	0.0	0.0	0.0	S		
3555	cpheor	1	0.004	1		cphe	or	adjust.pause.watch.cool.arrange.respond	1	c	r	True	0.0	0.0	0.0	S		
3556	opaiim	1	0.004	1		opai	im	arrange.pause.yield.iterate.iterate.final	0	o	m	False	0.0	0.0	1.0	S		
3557	lraiin	1	0.004	1		lr	aiin	state.respond.yield.iterate.iterate.bind	0	l	n	True	0.0	0.0	0.0	S		
3558	lklor	1	0.004	1	lk	l	or	lk:state.arrange.respond	0	l	r	True	0.0	0.0	0.0	S		
3559	daiiiolkaiin	1	0.004	1	da	iiiolk	aiin	da:iterate.iterate.iterate.arrange.state.heat.yield.iterate.iterate.bind	0	i	n	True	0.0	0.0	1.0	S		
3560	oltchdy	1	0.004	1	ol	tch	dy	ol:transfer.adjust.watch.do.end	0	t	y	False	0.0	0.0	0.0	S		
3561	qopchsd	1	0.004	1	qo	pchsd		qo:pause.adjust.watch.sequence.do	0	p	d	True	0.0	0.0	0.0	S		
3562	karaim	1	0.004	1	ka	ra	im	ka:respond.yield.iterate.final	0	r	m	True	0.0	0.0	1.0	S		
3563	otleey	1	0.004	1	ot	lee	y	ot:state.cool.cool.end	2	l	y	True	0.0	0.0	0.0	S		
3564	rokaix	1	0.004	1	ok	aix		[r]ok:yield.iterate.diagram	0	a	x	False	0.0	0.0	0.0	S		
3565	porair	1	0.004	1	po	rai	r	po:respond.yield.iterate.respond	0	r	r	True	1.0	1.0	0.0	S		
3566	chopchdy	1	0.004	1	ch	opch	dy	ch:arrange.pause.adjust.watch.do.end	0	o	y	False	0.0	0.0	0.0	S		
3567	lpaim	1	0.004	1		lpa	im	state.pause.yield.iterate.final	0	l	m	True	0.0	0.0	1.0	S		
3568	daiim	1	0.004	1	da	i	im	da:iterate.iterate.final	0	i	m	True	0.0	0.0	0.0	S		
3569	cheotdaiin	1	0.004	1	ch	eotd	aiin	ch:cool.arrange.transfer.do.yield.iterate.iterate.bind	1	e	n	False	0.0	0.0	0.0	S		
3570	qoekeeykeody	1	0.004	1	qo	ekeeykeo	dy	qo:cool.heat.cool.cool.end.heat.cool.arrange.do.end	2	e	y	False	0.0	0.0	0.0	S		
3571	aiikam	1	0.004	1		aiik	am	yield.iterate.iterate.heat.yield.final	0	a	m	False	0.0	0.0	1.0	S		
3572	tcholkaiin	1	0.004	1	tch	olk	aiin	tch:arrange.state.heat.yield.iterate.iterate.bind	0	o	n	False	1.0	1.0	0.0	S		
3573	qopdaiin	1	0.004	1	qo	pd	aiin	qo:pause.do.yield.iterate.iterate.bind	0	p	n	True	0.0	0.0	0.0	S		
3574	chodr	1	0.004	1	ch	od	r	ch:arrange.do.respond	0	o	r	False	0.0	0.0	0.0	S		
3575	alkeey	1	0.004	1	al	kee	y	al:heat.cool.cool.end	2	k	y	False	0.0	0.0	0.0	S		
3576	paradam	1	0.004	1	ar	ad	am	[p]ar:yield.do.yield.final	0	a	m	False	0.0	0.0	1.0	S		
3577	alcheey	1	0.004	1	al	ee	y	al:adjust.watch.cool.cool.end	2	c	y	True	0.0	1.0	0.0	S		
3578	ckheol	1	0.004	1		ckhe	ol	adjust.heat.watch.cool.arrange.state	1	c	l	True	0.0	0.0	0.0	S		
3579	fchedypaiin	1	0.004	1	fch	edyp	aiin	fch:cool.do.end.pause.yield.iterate.iterate.bind	1	e	n	False	0.0	0.0	1.0	S		
3580	kchdaldy	1	0.004	1	kch	dal	dy	kch:do.yield.state.do.end	0	d	y	True	1.0	1.0	0.0	S		
3581	alfo	1	0.004	1	al	fo		al:flag.arrange	0	f	o	True	0.0	0.0	0.0	S		
3582	lfcheedy	1	0.004	1	fch	ee	dy	[l]fch:cool.cool.do.end	2	e	y	False	0.0	0.0	0.0	S		
3583	ofaiis	1	0.004	1		ofaii	s	arrange.flag.yield.iterate.iterate.sequence	0	o	s	False	0.0	0.0	0.0	S		
3584	oeeeodr	1	0.004	1		oeeeod	r	arrange.cool.cool.cool.arrange.do.respond	3	o	r	False	0.0	0.0	0.0	S		
3585	aifhhy	1	0.004	1		aifhh	y	yield.iterate.flag.watch.watch.end	0	a	y	False	0.0	0.0	0.0	S		
3586	sheeodees	1	0.004	1	sh	eeodee	s	sh:cool.cool.arrange.do.cool.cool.sequence	2	e	s	False	0.0	0.0	0.0	S		
3587	sheoe	1	0.004	1	sh	eoe		sh:cool.arrange.cool	1	e	e	False	0.0	1.0	0.0	S		
3588	arxor	1	0.004	1	ar	x	or	ar:diagram.arrange.respond	0	x	r	True	0.0	0.0	0.0	S		
3589	eesy	1	0.004	1		ees	y	cool.cool.sequence.end	2	e	y	False	0.0	0.0	0.0	S		
3590	qopcheoain	1	0.004	1	qo	pcheo	ain	qo:pause.adjust.watch.cool.arrange.yield.iterate.bind	1	p	n	True	0.0	0.0	0.0	S		
3591	orkchdy	1	0.004	1	or	kch	dy	or:heat.adjust.watch.do.end	0	k	y	False	0.0	0.0	0.0	S		
3592	otaiilody	1	0.004	1	ot	aiilo	dy	ot:yield.iterate.iterate.state.arrange.do.end	0	a	y	False	0.0	0.0	1.0	S		
3593	oeoar	1	0.004	1		oeo	ar	arrange.cool.arrange.yield.respond	1	o	r	False	0.0	1.0	0.0	S		
3594	aiil	1	0.004	1		aii	l	yield.iterate.iterate.state	0	a	l	False	0.0	0.0	0.0	S		
3595	tdol	1	0.004	1	do	l		[t]do:state	0	l	l	True	1.0	1.0	0.0	S		
3596	oaldar	1	0.004	1		oald	ar	arrange.yield.state.do.yield.respond	0	o	r	False	0.0	0.0	0.0	S		
3597	otokeedy	1	0.004	1	ot	okee	dy	ot:arrange.heat.cool.cool.do.end	2	o	y	False	0.0	0.0	0.0	S		
3598	karody	1	0.004	1	ka	ro	dy	ka:respond.arrange.do.end	0	r	y	True	0.0	0.0	0.0	S		
3599	opairam	1	0.004	1		opair	am	arrange.pause.yield.iterate.respond.yield.final	0	o	m	False	0.0	0.0	1.0	S		
3600	ychtaiis	1	0.004	1	ch	taii	s	[y]ch:transfer.yield.iterate.iterate.sequence	0	t	s	False	0.0	1.0	0.0	S		
3601	aiichy	1	0.004	1		aiich	y	yield.iterate.iterate.adjust.watch.end	0	a	y	False	0.0	0.0	0.0	S		
3602	aiphhey	1	0.004	1		aiphhe	y	yield.iterate.pause.watch.watch.cool.end	1	a	y	False	0.0	0.0	0.0	S		
3603	qoeedeody	1	0.004	1	qo	eedeo	dy	qo:cool.cool.do.cool.arrange.do.end	2	e	y	False	0.0	0.0	0.0	S		
3604	qotedais	1	0.004	1	qo	tedai	s	qo:transfer.cool.do.yield.iterate.sequence	1	t	s	False	0.0	0.0	0.0	S		
3605	aporair	1	0.004	1		aporai	r	yield.pause.arrange.respond.yield.iterate.respond	0	a	r	False	0.0	0.0	0.0	S		
3606	apy	1	0.004	1		ap	y	yield.pause.end	0	a	y	False	0.0	0.0	1.0	S		
3607	chsd	1	0.004	1	ch	sd		ch:sequence.do	0	s	d	True	0.0	0.0	0.0	S		
3608	doee	1	0.004	1	do	ee		do:cool.cool	2	e	e	False	0.0	1.0	0.0	S		
3609	okcheeo	1	0.004	1	ok	eeo		ok:adjust.watch.cool.cool.arrange	2	c	o	True	0.0	0.0	0.0	S		
3610	otcheedy	1	0.004	1	ot	ee	dy	ot:adjust.watch.cool.cool.do.end	2	c	y	True	0.0	0.0	0.0	S		
3611	kaishd	1	0.004	1	ka	ishd		ka:iterate.sequence.watch.do	0	i	d	True	0.0	0.0	1.0	S		
3612	dydaim	1	0.004	1		dyda	im	do.end.do.yield.iterate.final	0	d	m	True	0.0	0.0	0.0	S		
3613	shoefy	1	0.004	1	sh	oef	y	sh:arrange.cool.flag.end	1	o	y	False	0.0	0.0	0.0	S		
3614	okshed	1	0.004	1	ok	ed		ok:sequence.watch.cool.do	1	s	d	True	0.0	0.0	0.0	S		
3615	shedchy	1	0.004	1	sh	edch	y	sh:cool.do.adjust.watch.end	1	e	y	False	0.0	1.0	0.0	S		
3616	otshes	1	0.004	1	ot	e	s	ot:sequence.watch.cool.sequence	1	s	s	True	0.0	0.0	0.0	S		
3617	rod	1	0.004	1		rod		respond.arrange.do	0	r	d	True	0.0	0.0	1.0	S		
3618	dshes	1	0.004	1	sh	e	s	[d]sh:cool.sequence	1	e	s	False	0.0	1.0	0.0	S		
3619	orcheos	1	0.004	1	or	eo	s	or:adjust.watch.cool.arrange.sequence	1	c	s	True	0.0	0.0	1.0	S		
3620	leeo	1	0.004	1		leeo		state.cool.cool.arrange	2	l	o	True	0.0	0.0	0.0	S		
3621	orkchsd	1	0.004	1	or	kchsd		or:heat.adjust.watch.sequence.do	0	k	d	False	0.0	0.0	0.0	S		
3622	cheees	1	0.004	1	ch	eee	s	ch:cool.cool.cool.sequence	3	e	s	False	0.0	0.0	1.0	S		
3623	porarchy	1	0.004	1	po	rarch	y	po:respond.yield.respond.adjust.watch.end	0	r	y	True	1.0	1.0	0.0	S		
3624	qoteedo	1	0.004	1	qo	teedo		qo:transfer.cool.cool.do.arrange	2	t	o	False	0.0	0.0	0.0	S		
3625	okeedaim	1	0.004	1	ok	eeda	im	ok:cool.cool.do.yield.iterate.final	2	e	m	False	0.0	0.0	1.0	S		
3626	chocphol	1	0.004	1	ch	ocph	ol	ch:arrange.adjust.pause.watch.arrange.state	0	o	l	False	0.0	0.0	0.0	S		
3627	qocheo	1	0.004	1	qo	eo		qo:adjust.watch.cool.arrange	1	c	o	True	0.0	0.0	0.0	S		
3628	pshoair	1	0.004	1	sh	oai	r	[p]sh:arrange.yield.iterate.respond	0	o	r	False	1.0	1.0	0.0	S		
3629	lkeeshedy	1	0.004	1	lk	eeshe	dy	lk:cool.cool.sequence.watch.cool.do.end	2	e	y	False	0.0	0.0	0.0	S		
3630	qotoky	1	0.004	1	qo	tok	y	qo:transfer.arrange.heat.end	0	t	y	False	0.0	0.0	1.0	S		
3631	okeees	1	0.004	1	ok	eee	s	ok:cool.cool.cool.sequence	3	e	s	False	0.0	0.0	0.0	S		
3632	podaroar	1	0.004	1	po	daro	ar	po:do.yield.respond.arrange.yield.respond	0	d	r	True	1.0	1.0	0.0	S		
3633	oteeolchor	1	0.004	1	ot	eeolch	or	ot:cool.cool.arrange.state.adjust.watch.arrange.respond	2	e	r	False	0.0	0.0	0.0	S		
3634	okchdam	1	0.004	1	ok	d	am	ok:adjust.watch.do.yield.final	0	c	m	True	0.0	0.0	1.0	S		
3635	ocheedy	1	0.004	1		ochee	dy	arrange.adjust.watch.cool.cool.do.end	2	o	y	False	0.0	0.0	0.0	S		
3636	lkeeeody	1	0.004	1	lk	eeeo	dy	lk:cool.cool.cool.arrange.do.end	3	e	y	False	0.0	0.0	0.0	S		
3637	yochor	1	0.004	1		yoch	or	end.arrange.adjust.watch.arrange.respond	0	y	r	True	0.0	1.0	0.0	S		
3638	lkeedar	1	0.004	1	lk	eed	ar	lk:cool.cool.do.yield.respond	2	e	r	False	0.0	0.0	0.0	S		
3639	sheopchy	1	0.004	1	sh	eopch	y	sh:cool.arrange.pause.adjust.watch.end	1	e	y	False	0.0	0.0	0.0	S		
3640	qotolchy	1	0.004	1	qo	tolch	y	qo:transfer.arrange.state.adjust.watch.end	0	t	y	False	0.0	0.0	0.0	S		
3641	qotchoraiin	1	0.004	1	qo	tchor	aiin	qo:transfer.adjust.watch.arrange.respond.yield.iterate.iterate.bind	0	t	n	False	0.0	0.0	0.0	S		
3642	sail	1	0.004	1	sa	i	l	sa:iterate.state	0	i	l	True	0.0	0.0	0.0	S		
3643	chearaiin	1	0.004	1	ch	ear	aiin	ch:cool.yield.respond.yield.iterate.iterate.bind	1	e	n	False	0.0	0.0	0.0	S		
3644	tshodair	1	0.004	1	sh	odai	r	[t]sh:arrange.do.yield.iterate.respond	0	o	r	False	1.0	1.0	0.0	S		
3645	olkeees	1	0.004	1	ol	keee	s	ol:heat.cool.cool.cool.sequence	3	k	s	False	0.0	0.0	0.0	S		
3646	opchody	1	0.004	1		opcho	dy	arrange.pause.adjust.watch.arrange.do.end	0	o	y	False	0.0	0.0	1.0	S		
3647	podshedy	1	0.004	1	po	dshe	dy	po:do.sequence.watch.cool.do.end	1	d	y	True	1.0	1.0	0.0	S		
3648	lkechor	1	0.004	1	lk	ech	or	lk:cool.adjust.watch.arrange.respond	1	e	r	False	0.0	0.0	0.0	S		
3649	otchodar	1	0.004	1	ot	od	ar	ot:adjust.watch.arrange.do.yield.respond	0	c	r	True	0.0	0.0	0.0	S		
3650	chkchedaram	1	0.004	1	ch	kchedar	am	ch:heat.adjust.watch.cool.do.yield.respond.yield.final	1	k	m	False	0.0	0.0	1.0	S		
3651	ykarain	1	0.004	1	yk	ar	ain	yk:yield.respond.yield.iterate.bind	0	a	n	False	0.0	0.0	1.0	S		
3652	tcheoko	1	0.004	1	tch	eoko		tch:cool.arrange.heat.arrange	1	e	o	False	1.0	1.0	0.0	S		
3653	cheeorfor	1	0.004	1	ch	eeorf	or	ch:cool.cool.arrange.respond.flag.arrange.respond	2	e	r	False	0.0	0.0	0.0	S		
3654	rcheo	1	0.004	1	rch	eo		rch:cool.arrange	1	e	o	False	0.0	0.0	0.0	S		
3655	rarolchl	1	0.004	1	ar	olch	l	[r]ar:arrange.state.adjust.watch.state	0	o	l	False	0.0	0.0	1.0	S		
3656	aiiry	1	0.004	1		aii	ry	yield.iterate.iterate.respond.end	0	a	y	False	0.0	0.0	0.0	S		
3657	yshar	1	0.004	1	sh	ar		[y]sh:yield.respond	0	a	r	False	0.0	1.0	0.0	S		
3658	aiiiky	1	0.004	1		aiiik	y	yield.iterate.iterate.iterate.heat.end	0	a	y	False	0.0	0.0	0.0	S		
3659	poral	1	0.004	1	po	r	al	po:respond.yield.state	0	r	l	True	1.0	1.0	0.0	S		
3660	olteeedy	1	0.004	1	ol	teee	dy	ol:transfer.cool.cool.cool.do.end	3	t	y	False	0.0	0.0	0.0	S		
3661	qopches	1	0.004	1	qo	pche	s	qo:pause.adjust.watch.cool.sequence	1	p	s	True	0.0	0.0	0.0	S		
3662	karchy	1	0.004	1	ka	rch	y	ka:respond.adjust.watch.end	0	r	y	True	0.0	0.0	0.0	S		
3663	qotedary	1	0.004	1	qo	teda	ry	qo:transfer.cool.do.yield.respond.end	1	t	y	False	0.0	0.0	1.0	S		
3664	akair	1	0.004	1		akai	r	yield.heat.yield.iterate.respond	0	a	r	False	0.0	0.0	0.0	S		
3665	tcheorsho	1	0.004	1	tch	eorsho		tch:cool.arrange.respond.sequence.watch.arrange	1	e	o	False	1.0	1.0	0.0	S		
3666	lpcheo	1	0.004	1	pch	eo		[l]pch:cool.arrange	1	e	o	False	0.0	0.0	0.0	S		
3667	lpchey	1	0.004	1	pch	e	y	[l]pch:cool.end	1	e	y	False	0.0	0.0	0.0	S		
3668	qopcheody	1	0.004	1	qo	pcheo	dy	qo:pause.adjust.watch.cool.arrange.do.end	1	p	y	True	0.0	0.0	0.0	S		
3669	psheodalo	1	0.004	1	sh	eodalo		[p]sh:cool.arrange.do.yield.state.arrange	1	e	o	False	1.0	1.0	0.0	S		
3670	tchodaiin	1	0.004	1	tch	od	aiin	tch:arrange.do.yield.iterate.iterate.bind	0	o	n	False	0.0	1.0	0.0	S		
3671	dlchy	1	0.004	1	lch	y		[d]lch:end	0	y	y	True	0.0	0.0	1.0	S		
3672	pshodaiin	1	0.004	1	sh	od	aiin	[p]sh:arrange.do.yield.iterate.iterate.bind	0	o	n	False	1.0	1.0	0.0	S		
3673	shoteeody	1	0.004	1	sh	oteeo	dy	sh:arrange.transfer.cool.cool.arrange.do.end	2	o	y	False	0.0	0.0	0.0	S		
3674	shotchey	1	0.004	1	sh	otche	y	sh:arrange.transfer.adjust.watch.cool.end	1	o	y	False	0.0	0.0	0.0	S		
3675	sholfaiin	1	0.004	1	sh	olf	aiin	sh:arrange.state.flag.yield.iterate.iterate.bind	0	o	n	False	0.0	0.0	0.0	S		
3676	ycheool	1	0.004	1	ch	e	ool	[y]ch:cool.arrange.arrange.state	1	e	l	False	0.0	1.0	0.0	S		
3677	chekol	1	0.004	1	ch	ek	ol	ch:cool.heat.arrange.state	1	e	l	False	0.0	0.0	0.0	S		
3678	okchar	1	0.004	1	ok	ar		ok:adjust.watch.yield.respond	0	c	r	True	0.0	0.0	0.0	S		
3679	aloal	1	0.004	1	al	o	al	al:arrange.yield.state	0	o	l	False	0.0	0.0	1.0	S		
3680	chdaldy	1	0.004	1	ch	dal	dy	ch:do.yield.state.do.end	0	d	y	True	0.0	0.0	1.0	S		
3681	shory	1	0.004	1	sh	o	ry	sh:arrange.respond.end	0	o	y	False	0.0	0.0	1.0	S		
3682	okshchedy	1	0.004	1	ok	che	dy	ok:sequence.watch.adjust.watch.cool.do.end	1	s	y	True	0.0	0.0	0.0	S		
3683	lpaiin	1	0.004	1		lp	aiin	state.pause.yield.iterate.iterate.bind	0	l	n	True	0.0	0.0	0.0	S		
3684	otaras	1	0.004	1	ot	ara	s	ot:yield.respond.yield.sequence	0	a	s	False	0.0	0.0	1.0	S		
3685	chealol	1	0.004	1	ch	eal	ol	ch:cool.yield.state.arrange.state	1	e	l	False	0.0	0.0	0.0	S		
3686	chlchd	1	0.004	1	ch	lchd		ch:state.adjust.watch.do	0	l	d	True	0.0	0.0	0.0	S		
3687	otaiikam	1	0.004	1	ot	aiik	am	ot:yield.iterate.iterate.heat.yield.final	0	a	m	False	0.0	0.0	1.0	S		
3688	ysheedal	1	0.004	1	sh	eed	al	[y]sh:cool.cool.do.yield.state	2	e	l	False	0.0	1.0	0.0	S		
3689	chdalkair	1	0.004	1	ch	dalkai	r	ch:do.yield.state.heat.yield.iterate.respond	0	d	r	True	0.0	0.0	0.0	S		
3690	sotchdaiin	1	0.004	1	so	tchd	aiin	so:transfer.adjust.watch.do.yield.iterate.iterate.bind	0	t	n	False	0.0	1.0	0.0	S		
3691	ycheoar	1	0.004	1	ch	eo	ar	[y]ch:cool.arrange.yield.respond	1	e	r	False	0.0	1.0	0.0	S		
3692	cheokam	1	0.004	1	ch	eok	am	ch:cool.arrange.heat.yield.final	1	e	m	False	0.0	0.0	1.0	S		
3693	fsheda	1	0.004	1	sh	eda		[f]sh:cool.do.yield	1	e	a	False	1.0	1.0	0.0	S		
3694	loain	1	0.004	1		lo	ain	state.arrange.yield.iterate.bind	0	l	n	True	0.0	0.0	0.0	S		
3695	opaiiral	1	0.004	1		opaiir	al	arrange.pause.yield.iterate.iterate.respond.yield.state	0	o	l	False	0.0	0.0	0.0	S		
3696	alalor	1	0.004	1	al	al	or	al:yield.state.arrange.respond	0	a	r	False	0.0	0.0	0.0	S		
3697	ychtain	1	0.004	1	ch	t	ain	[y]ch:transfer.yield.iterate.bind	0	t	n	False	0.0	0.0	0.0	S		
3698	amchy	1	0.004	1		amch	y	yield.final.adjust.watch.end	0	a	y	False	0.0	0.0	1.0	S		
3699	yshedaiin	1	0.004	1	sh	ed	aiin	[y]sh:cool.do.yield.iterate.iterate.bind	1	e	n	False	0.0	1.0	0.0	S		
3700	cheokchy	1	0.004	1	ch	eokch	y	ch:cool.arrange.heat.adjust.watch.end	1	e	y	False	0.0	0.0	0.0	S		
3701	ycheoto	1	0.004	1	ch	eoto		[y]ch:cool.arrange.transfer.arrange	1	e	o	False	0.0	1.0	0.0	S		
3702	lsheo	1	0.004	1	lsh	eo		lsh:cool.arrange	1	e	o	False	0.0	0.0	0.0	S		
3703	tshoar	1	0.004	1	sh	o	ar	[t]sh:arrange.yield.respond	0	o	r	False	1.0	1.0	0.0	S		
3704	shypchedy	1	0.004	1	sh	ypche	dy	sh:end.pause.adjust.watch.cool.do.end	1	y	y	True	0.0	0.0	0.0	S		
3705	talshdy	1	0.004	1	ta	lsh	dy	ta:state.sequence.watch.do.end	0	l	y	True	0.0	0.0	0.0	S		
3706	kararo	1	0.004	1	ka	raro		ka:respond.yield.respond.arrange	0	r	o	True	0.0	0.0	1.0	S		
3707	soy	1	0.004	1	so	y		so:end	0	y	y	True	0.0	1.0	0.0	S		
3708	sheolshody	1	0.004	1	sh	eolsho	dy	sh:cool.arrange.state.sequence.watch.arrange.do.end	1	e	y	False	0.0	0.0	0.0	S		
3709	loror	1	0.004	1	or	or		[l]or:arrange.respond	0	o	r	False	0.0	0.0	1.0	S		
3710	tshodaiin	1	0.004	1	sh	od	aiin	[t]sh:arrange.do.yield.iterate.iterate.bind	0	o	n	False	1.0	1.0	0.0	S		
3711	sholkair	1	0.004	1	sh	olkai	r	sh:arrange.state.heat.yield.iterate.respond	0	o	r	False	0.0	0.0	0.0	S		
3712	shtchy	1	0.004	1	sh	tch	y	sh:transfer.adjust.watch.end	0	t	y	False	0.0	0.0	0.0	S		
3713	lolkair	1	0.004	1	ol	kai	r	[l]ol:heat.yield.iterate.respond	0	k	r	False	0.0	0.0	0.0	S		
3714	sheas	1	0.004	1	sh	ea	s	sh:cool.yield.sequence	1	e	s	False	0.0	0.0	0.0	S		
3715	ysheody	1	0.004	1	sh	eo	dy	[y]sh:cool.arrange.do.end	1	e	y	False	0.0	1.0	0.0	S		
3716	tchdys	1	0.004	1	tch	dy	s	tch:do.end.sequence	0	d	s	True	1.0	1.0	0.0	S		
3717	chedo	1	0.004	1	ch	edo		ch:cool.do.arrange	1	e	o	False	0.0	0.0	0.0	S		
3718	olkeeal	1	0.004	1	ol	kee	al	ol:heat.cool.cool.yield.state	2	k	l	False	0.0	1.0	0.0	S		
3719	shsy	1	0.004	1	sh	s	y	sh:sequence.end	0	s	y	True	0.0	0.0	0.0	S		
3720	arshey	1	0.004	1	ar	e	y	ar:sequence.watch.cool.end	1	s	y	True	0.0	0.0	0.0	S		
3721	salar	1	0.004	1	sa	l	ar	sa:state.yield.respond	0	l	r	True	0.0	1.0	0.0	S		
3722	sheodar	1	0.004	1	sh	eod	ar	sh:cool.arrange.do.yield.respond	1	e	r	False	0.0	0.0	0.0	S		
3723	qedaiin	1	0.004	1		qed	aiin	?.cool.do.yield.iterate.iterate.bind	1	q	n	True	0.0	0.0	0.0	S		
3724	pshodalos	1	0.004	1	sh	odalo	s	[p]sh:arrange.do.yield.state.arrange.sequence	0	o	s	False	1.0	1.0	0.0	S		
3725	polchs	1	0.004	1	po	lch	s	po:state.adjust.watch.sequence	0	l	s	True	1.0	1.0	0.0	S		
3726	choefy	1	0.004	1	ch	oef	y	ch:arrange.cool.flag.end	1	o	y	False	0.0	0.0	0.0	S		
3727	kolshes	1	0.004	1	ko	lshe	s	ko:state.sequence.watch.cool.sequence	1	l	s	True	0.0	0.0	0.0	S		
3728	okcharaiin	1	0.004	1	ok	ar	aiin	ok:adjust.watch.yield.respond.yield.iterate.iterate.bind	0	c	n	True	0.0	0.0	1.0	S		
3729	cheolchdaiin	1	0.004	1	ch	eolchd	aiin	ch:cool.arrange.state.adjust.watch.do.yield.iterate.iterate.bind	1	e	n	False	0.0	0.0	0.0	S		
3730	shdykairy	1	0.004	1	sh	dykai	ry	sh:do.end.heat.yield.iterate.respond.end	0	d	y	True	0.0	0.0	0.0	S		
3731	olkalol	1	0.004	1	ol	kal	ol	ol:heat.yield.state.arrange.state	0	k	l	False	0.0	1.0	0.0	S		
3732	okaifhy	1	0.004	1	ok	aifh	y	ok:yield.iterate.flag.watch.end	0	a	y	False	0.0	0.0	1.0	S		
3733	kshdain	1	0.004	1	sh	d	ain	[k]sh:do.yield.iterate.bind	0	d	n	True	0.0	0.0	0.0	S		
3734	sheotal	1	0.004	1	sh	eot	al	sh:cool.arrange.transfer.yield.state	1	e	l	False	0.0	0.0	0.0	S		
3735	shoor	1	0.004	1	sh	o	or	sh:arrange.arrange.respond	0	o	r	False	0.0	0.0	0.0	S		
3736	okochey	1	0.004	1	ok	oche	y	ok:arrange.adjust.watch.cool.end	1	o	y	False	0.0	0.0	0.0	S		
3737	oinysarx	1	0.004	1		oinysarx		arrange.iterate.bind.end.sequence.yield.respond.diagram	0	o	x	False	0.0	0.0	0.0	S		
3738	qotokody	1	0.004	1	qo	toko	dy	qo:transfer.arrange.heat.arrange.do.end	0	t	y	False	0.0	0.0	1.0	S		
3739	olcham	1	0.004	1	ol	am		ol:adjust.watch.yield.final	0	c	m	True	0.0	0.0	1.0	S		
3740	tolos	1	0.004	1	to	lo	s	to:state.arrange.sequence	0	l	s	True	1.0	1.0	0.0	S		
3741	ypodaiin	1	0.004	1	po	d	aiin	[y]po:do.yield.iterate.iterate.bind	0	d	n	True	0.0	0.0	0.0	S		
3742	saram	1	0.004	1	sa	r	am	sa:respond.yield.final	0	r	m	True	0.0	0.0	1.0	S		
3743	dychy	1	0.004	1		dych	y	do.end.adjust.watch.end	0	d	y	True	0.0	0.0	1.0	S		
3744	pchodaiin	1	0.004	1	pch	od	aiin	pch:arrange.do.yield.iterate.iterate.bind	0	o	n	False	1.0	1.0	0.0	S		
3745	alodam	1	0.004	1	al	od	am	al:arrange.do.yield.final	0	o	m	False	0.0	0.0	1.0	S		
3746	shockhy	1	0.004	1	sh	ockh	y	sh:arrange.adjust.heat.watch.end	0	o	y	False	0.0	0.0	0.0	S		
3747	pyoaly	1	0.004	1		pyoa	ly	pause.end.arrange.yield.state.end	0	p	y	True	1.0	1.0	0.0	S		
3748	kcheodar	1	0.004	1	kch	eod	ar	kch:cool.arrange.do.yield.respond	1	e	r	False	0.0	0.0	0.0	S		
3749	shcphoor	1	0.004	1	sh	cpho	or	sh:adjust.pause.watch.arrange.arrange.respond	0	c	r	True	0.0	0.0	0.0	S		
3750	odr	1	0.004	1		od	r	arrange.do.respond	0	o	r	False	0.0	0.0	1.0	S		
3751	okcheody	1	0.004	1	ok	eo	dy	ok:adjust.watch.cool.arrange.do.end	1	c	y	True	0.0	1.0	0.0	S		
3752	qokchkeey	1	0.004	1	qo	kchkee	y	qo:heat.adjust.watch.heat.cool.cool.end	2	k	y	False	0.0	0.0	0.0	S		
3753	dairair	1	0.004	1	da	irai	r	da:iterate.respond.yield.iterate.respond	0	i	r	True	0.0	0.0	0.0	S		
3754	kolchedy	1	0.004	1	ko	lche	dy	ko:state.adjust.watch.cool.do.end	1	l	y	True	0.0	0.0	0.0	S		
3755	tcheodar	1	0.004	1	tch	eod	ar	tch:cool.arrange.do.yield.respond	1	e	r	False	0.0	0.0	0.0	S		
3756	podkor	1	0.004	1	po	dk	or	po:do.heat.arrange.respond	0	d	r	True	0.0	0.0	1.0	S		
3757	pychal	1	0.004	1		pych	al	pause.end.adjust.watch.yield.state	0	p	l	True	1.0	1.0	0.0	S		
3758	kalos	1	0.004	1	ka	lo	s	ka:state.arrange.sequence	0	l	s	True	0.0	0.0	0.0	S		
3759	ysoir	1	0.004	1	so	i	r	[y]so:iterate.respond	0	i	r	True	0.0	1.0	0.0	S		
3760	oqotaiin	1	0.004	1		oqot	aiin	arrange.?.arrange.transfer.yield.iterate.iterate.bind	0	o	n	False	0.0	0.0	0.0	S		
3761	raral	1	0.004	1	ar	al		[r]ar:yield.state	0	a	l	False	0.0	0.0	0.0	S		
3762	dcheoain	1	0.004	1	dch	eo	ain	dch:cool.arrange.yield.iterate.bind	1	e	n	False	0.0	1.0	0.0	S		
3763	pchdlar	1	0.004	1	pch	dl	ar	pch:do.state.yield.respond	0	d	r	True	1.0	1.0	0.0	S		
3764	sheolor	1	0.004	1	sh	eol	or	sh:cool.arrange.state.arrange.respond	1	e	r	False	0.0	0.0	0.0	S		
3765	okeesodar	1	0.004	1	ok	eesod	ar	ok:cool.cool.sequence.arrange.do.yield.respond	2	e	r	False	0.0	0.0	0.0	S		
3766	tarair	1	0.004	1	ta	rai	r	ta:respond.yield.iterate.respond	0	r	r	True	0.0	0.0	0.0	S		
3767	qoteos	1	0.004	1	qo	teo	s	qo:transfer.cool.arrange.sequence	1	t	s	False	0.0	0.0	0.0	S		
3768	deeo	1	0.004	1	de	eo		de:cool.arrange	1	e	o	False	0.0	0.0	0.0	S		
3769	chady	1	0.004	1	ch	a	dy	ch:yield.do.end	0	a	y	False	0.0	0.0	0.0	S		
3770	otokcho	1	0.004	1	ot	okcho		ot:arrange.heat.adjust.watch.arrange	0	o	o	False	0.0	0.0	0.0	S		
3771	chotchedy	1	0.004	1	ch	otche	dy	ch:arrange.transfer.adjust.watch.cool.do.end	1	o	y	False	0.0	0.0	0.0	S		
3772	cheotchey	1	0.004	1	ch	eotche	y	ch:cool.arrange.transfer.adjust.watch.cool.end	1	e	y	False	0.0	0.0	0.0	S		
3773	torshor	1	0.004	1	to	rsh	or	to:respond.sequence.watch.arrange.respond	0	r	r	True	1.0	1.0	0.0	S		
3774	okirolcy	1	0.004	1	ok	irolc	y	ok:iterate.respond.arrange.state.adjust.end	0	i	y	True	0.0	0.0	1.0	S		
3775	okoiin	1	0.004	1	ok	oiin		ok:arrange.iterate.iterate.bind	0	o	n	False	0.0	1.0	0.0	S		
3776	chdykchedy	1	0.004	1	ch	dykche	dy	ch:do.end.heat.adjust.watch.cool.do.end	1	d	y	True	0.0	0.0	0.0	S		
3777	ekar	1	0.004	1		ek	ar	cool.heat.yield.respond	1	e	r	False	0.0	0.0	0.0	S		
3778	aiinal	1	0.004	1		aiin	al	yield.iterate.iterate.bind.yield.state	0	a	l	False	0.0	0.0	1.0	S		
3779	polchls	1	0.004	1	po	lchl	s	po:state.adjust.watch.state.sequence	0	l	s	True	1.0	1.0	0.0	S		
3780	opchal	1	0.004	1		opch	al	arrange.pause.adjust.watch.yield.state	0	o	l	False	0.0	0.0	0.0	S		
3781	pshedaiin	1	0.004	1	sh	ed	aiin	[p]sh:cool.do.yield.iterate.iterate.bind	1	e	n	False	0.0	0.0	0.0	S		
3782	otodal	1	0.004	1	ot	od	al	ot:arrange.do.yield.state	0	o	l	False	0.0	0.0	0.0	S		
3783	qockhal	1	0.004	1	qo	ckh	al	qo:adjust.heat.watch.yield.state	0	c	l	True	0.0	0.0	0.0	S		
3784	otaraiin	1	0.004	1	ot	ar	aiin	ot:yield.respond.yield.iterate.iterate.bind	0	a	n	False	0.0	0.0	0.0	S		
3785	tolshosor	1	0.004	1	to	lshos	or	to:state.sequence.watch.arrange.sequence.arrange.respond	0	l	r	True	1.0	1.0	0.0	S		
3786	otalar	1	0.004	1	ot	al	ar	ot:yield.state.yield.respond	0	a	r	False	0.0	0.0	0.0	S		
3787	qeeoy	1	0.004	1		qeeo	y	?.cool.cool.arrange.end	2	q	y	True	0.0	0.0	0.0	S		
3788	losaiin	1	0.004	1		los	aiin	state.arrange.sequence.yield.iterate.iterate.bind	0	l	n	True	0.0	0.0	0.0	S		
3789	poalosy	1	0.004	1	po	alos	y	po:yield.state.arrange.sequence.end	0	a	y	False	1.0	1.0	0.0	S		
3790	aiphy	1	0.004	1		aiph	y	yield.iterate.pause.watch.end	0	a	y	False	0.0	0.0	0.0	S		
3791	farsheey	1	0.004	1	ar	ee	y	[f]ar:sequence.watch.cool.cool.end	2	s	y	True	0.0	0.0	0.0	S		
3792	fol	1	0.004	1		f	ol	flag.arrange.state	0	f	l	True	0.0	0.0	0.0	S		
3793	ypaiin	1	0.004	1		yp	aiin	end.pause.yield.iterate.iterate.bind	0	y	n	True	0.0	0.0	0.0	S		
3794	ylar	1	0.004	1		yl	ar	end.state.yield.respond	0	y	r	True	0.0	0.0	0.0	S		
3795	kcheedy	1	0.004	1	kch	ee	dy	kch:cool.cool.do.end	2	e	y	False	0.0	0.0	1.0	S		
3796	taror	1	0.004	1	ta	r	or	ta:respond.arrange.respond	0	r	r	True	1.0	1.0	0.0	S		
3797	qotalal	1	0.004	1	qo	tal	al	qo:transfer.yield.state.yield.state	0	t	l	False	0.0	0.0	0.0	S		
3798	alchky	1	0.004	1	al	k	y	al:adjust.watch.heat.end	0	c	y	True	0.0	0.0	0.0	S		
3799	okilcheol	1	0.004	1	ok	ilche	ol	ok:iterate.state.adjust.watch.cool.arrange.state	1	i	l	True	0.0	0.0	0.0	S		
3800	pchod	1	0.004	1	pch	od		pch:arrange.do	0	o	d	False	0.0	0.0	0.0	S		
3801	lkaiiin	1	0.004	1	lk	ai	iin	lk:yield.iterate.iterate.iterate.bind	0	a	n	False	0.0	0.0	0.0	S		
3802	olfy	1	0.004	1	ol	f	y	ol:flag.end	0	f	y	True	0.0	0.0	1.0	S		
3803	chdalal	1	0.004	1	ch	dal	al	ch:do.yield.state.yield.state	0	d	l	True	0.0	0.0	0.0	S		
3804	olcheor	1	0.004	1	ol	e	or	ol:adjust.watch.cool.arrange.respond	1	c	r	True	0.0	1.0	0.0	S		
3805	aiisod	1	0.004	1		aiisod		yield.iterate.iterate.sequence.arrange.do	0	a	d	False	0.0	0.0	0.0	S		
3806	qokiir	1	0.004	1	qo	kii	r	qo:heat.iterate.iterate.respond	0	k	r	False	0.0	0.0	0.0	S		
3807	otiir	1	0.004	1	ot	ii	r	ot:iterate.iterate.respond	0	i	r	True	0.0	0.0	0.0	S		
3808	qofchol	1	0.004	1	qo	fch	ol	qo:flag.adjust.watch.arrange.state	0	f	l	True	0.0	0.0	0.0	S		
3809	chpaiin	1	0.004	1	ch	p	aiin	ch:pause.yield.iterate.iterate.bind	0	p	n	True	0.0	0.0	0.0	S		
3810	sheees	1	0.004	1	sh	eee	s	sh:cool.cool.cool.sequence	3	e	s	False	0.0	0.0	0.0	S		
3811	aiiikhedy	1	0.004	1		aiiikhe	dy	yield.iterate.iterate.iterate.heat.watch.cool.do.end	1	a	y	False	0.0	0.0	0.0	S		
3812	shalkaiin	1	0.004	1	sh	alk	aiin	sh:yield.state.heat.yield.iterate.iterate.bind	0	a	n	False	0.0	0.0	0.0	S		
3813	kairy	1	0.004	1	ka	i	ry	ka:iterate.respond.end	0	i	y	True	0.0	0.0	0.0	S		
3814	opaichy	1	0.004	1		opaich	y	arrange.pause.yield.iterate.adjust.watch.end	0	o	y	False	0.0	0.0	0.0	S		
3815	sheykal	1	0.004	1	sh	eyk	al	sh:cool.end.heat.yield.state	1	e	l	False	0.0	0.0	0.0	S		
3816	yols	1	0.004	1	ol	s		[y]ol:sequence	0	s	s	True	0.0	0.0	1.0	S		
3817	salxar	1	0.004	1	sa	lx	ar	sa:state.diagram.yield.respond	0	l	r	True	0.0	1.0	0.0	S		
3818	okraiin	1	0.004	1	ok	r	aiin	ok:respond.yield.iterate.iterate.bind	0	r	n	True	0.0	0.0	0.0	S		
3819	qocthy	1	0.004	1	qo	cth	y	qo:adjust.transfer.watch.end	0	c	y	True	0.0	0.0	0.0	S		
3820	ralky	1	0.004	1	al	k	y	[r]al:heat.end	0	k	y	False	0.0	0.0	1.0	S		
3821	lcheel	1	0.004	1	lch	ee	l	lch:cool.cool.state	2	e	l	False	0.0	0.0	0.0	S		
3822	aro	1	0.004	1	ar	o		ar:arrange	0	o	o	False	0.0	0.0	0.0	S		
3823	cheotain	1	0.004	1	ch	eot	ain	ch:cool.arrange.transfer.yield.iterate.bind	1	e	n	False	0.0	0.0	0.0	S		
3824	opaim	1	0.004	1		opa	im	arrange.pause.yield.iterate.final	0	o	m	False	0.0	0.0	1.0	S		
3825	kaldaim	1	0.004	1	ka	lda	im	ka:state.do.yield.iterate.final	0	l	m	True	0.0	0.0	1.0	S		
3826	rkeey	1	0.004	1	ke	e	y	[r]ke:cool.end	1	e	y	False	0.0	0.0	0.0	S		
3827	ychkl	1	0.004	1	ch	k	l	[y]ch:heat.state	0	k	l	False	0.0	1.0	0.0	S		
3828	poaral	1	0.004	1	po	ar	al	po:yield.respond.yield.state	0	a	l	False	1.0	1.0	0.0	S		
3829	otlchdain	1	0.004	1	ot	lchd	ain	ot:state.adjust.watch.do.yield.iterate.bind	0	l	n	True	0.0	0.0	0.0	S		
3830	kchekain	1	0.004	1	kch	ek	ain	kch:cool.heat.yield.iterate.bind	1	e	n	False	0.0	0.0	0.0	S		
3831	cheear	1	0.004	1	ch	ee	ar	ch:cool.cool.yield.respond	2	e	r	False	0.0	0.0	0.0	S		
3832	sokeey	1	0.004	1	so	kee	y	so:heat.cool.cool.end	2	k	y	False	0.0	0.0	0.0	S		
3833	paichy	1	0.004	1		paich	y	pause.yield.iterate.adjust.watch.end	0	p	y	True	0.0	0.0	0.0	S		
3834	chykaiin	1	0.004	1	ch	yk	aiin	ch:end.heat.yield.iterate.iterate.bind	0	y	n	True	0.0	0.0	0.0	S		
3835	ycheodain	1	0.004	1	ch	eod	ain	[y]ch:cool.arrange.do.yield.iterate.bind	1	e	n	False	0.0	1.0	0.0	S		
3836	todky	1	0.004	1	to	dk	y	to:do.heat.end	0	d	y	True	1.0	1.0	0.0	S		
3837	qokokil	1	0.004	1	qo	koki	l	qo:heat.arrange.heat.iterate.state	0	k	l	False	0.0	0.0	0.0	S		
3838	alkal	1	0.004	1	al	k	al	al:heat.yield.state	0	k	l	False	0.0	0.0	1.0	S		
3839	oiinal	1	0.004	1		oiin	al	arrange.iterate.iterate.bind.yield.state	0	o	l	False	0.0	0.0	1.0	S		
3840	faiiral	1	0.004	1		faiir	al	flag.yield.iterate.iterate.respond.yield.state	0	f	l	True	1.0	1.0	0.0	S		
3841	aifhy	1	0.004	1		aifh	y	yield.iterate.flag.watch.end	0	a	y	False	0.0	0.0	0.0	S		
3842	raithty	1	0.004	1		raitht	y	respond.yield.iterate.transfer.watch.transfer.end	0	r	y	True	0.0	0.0	1.0	S		
3843	taidy	1	0.004	1	ta	i	dy	ta:iterate.do.end	0	i	y	True	0.0	0.0	0.0	S		
3844	lfchal	1	0.004	1	fch	al		[l]fch:yield.state	0	a	l	False	0.0	0.0	0.0	S		
3845	otaily	1	0.004	1	ot	ai	ly	ot:yield.iterate.state.end	0	a	y	False	0.0	0.0	1.0	S		
3846	kaisar	1	0.004	1	ka	is	ar	ka:iterate.sequence.yield.respond	0	i	r	True	1.0	1.0	0.0	S		
3847	otalkchy	1	0.004	1	ot	alkch	y	ot:yield.state.heat.adjust.watch.end	0	a	y	False	0.0	0.0	0.0	S		
3848	dckhy	1	0.004	1		dckh	y	do.adjust.heat.watch.end	0	d	y	True	0.0	0.0	0.0	S		
3849	olkiir	1	0.004	1	ol	kii	r	ol:heat.iterate.iterate.respond	0	k	r	False	0.0	0.0	0.0	S		
3850	shocthy	1	0.004	1	sh	octh	y	sh:arrange.adjust.transfer.watch.end	0	o	y	False	0.0	0.0	0.0	S		
3851	sheockhedy	1	0.004	1	sh	eockhe	dy	sh:cool.arrange.adjust.heat.watch.cool.do.end	1	e	y	False	0.0	0.0	0.0	S		
3852	qokaiy	1	0.004	1	qo	kai	y	qo:heat.yield.iterate.end	0	k	y	False	0.0	0.0	0.0	S		
3853	polcheolkain	1	0.004	1	po	lcheolk	ain	po:state.adjust.watch.cool.arrange.state.heat.yield.iterate.bind	1	l	n	True	1.0	1.0	0.0	S		
3854	qopchcfhy	1	0.004	1	qo	pchcfh	y	qo:pause.adjust.watch.adjust.flag.watch.end	0	p	y	True	0.0	0.0	1.0	S		
3855	ockheody	1	0.004	1		ockheo	dy	arrange.adjust.heat.watch.cool.arrange.do.end	1	o	y	False	0.0	0.0	0.0	S		
3856	shoeky	1	0.004	1	sh	oek	y	sh:arrange.cool.heat.end	1	o	y	False	0.0	0.0	0.0	S		
3857	dlkal	1	0.004	1	lk	al		[d]lk:yield.state	0	a	l	False	0.0	0.0	1.0	S		
3858	solain	1	0.004	1	so	l	ain	so:state.yield.iterate.bind	0	l	n	True	0.0	1.0	0.0	S		
3859	tarairy	1	0.004	1	ta	rai	ry	ta:respond.yield.iterate.respond.end	0	r	y	True	0.0	0.0	1.0	S		
3860	parair	1	0.004	1	ar	ai	r	[p]ar:yield.iterate.respond	0	a	r	False	1.0	1.0	0.0	S		
3861	opchol	1	0.004	1		opch	ol	arrange.pause.adjust.watch.arrange.state	0	o	l	False	0.0	0.0	0.0	S		
3862	tolkal	1	0.004	1	to	lk	al	to:state.heat.yield.state	0	l	l	True	0.0	0.0	0.0	S		
3863	aiiraly	1	0.004	1		aiira	ly	yield.iterate.iterate.respond.yield.state.end	0	a	y	False	0.0	0.0	1.0	S		
3864	ykeear	1	0.004	1	yk	ee	ar	yk:cool.cool.yield.respond	2	e	r	False	0.0	0.0	0.0	S		
3865	qoklaiin	1	0.004	1	qo	kl	aiin	qo:heat.state.yield.iterate.iterate.bind	0	k	n	False	0.0	0.0	0.0	S		
3866	palar	1	0.004	1	al	ar		[p]al:yield.respond	0	a	r	False	1.0	1.0	0.0	S		
3867	chpal	1	0.004	1	ch	p	al	ch:pause.yield.state	0	p	l	True	0.0	0.0	0.0	S		
3868	pcholkal	1	0.004	1	pch	olk	al	pch:arrange.state.heat.yield.state	0	o	l	False	0.0	0.0	0.0	S		
3869	opalkam	1	0.004	1		opalk	am	arrange.pause.yield.state.heat.yield.final	0	o	m	False	0.0	0.0	1.0	S		
3870	palchar	1	0.004	1	al	ar		[p]al:adjust.watch.yield.respond	0	c	r	True	1.0	1.0	0.0	S		
3871	akaiiky	1	0.004	1		akaiik	y	yield.heat.yield.iterate.iterate.heat.end	0	a	y	False	0.0	0.0	0.0	S		
3872	raikchy	1	0.004	1		raikch	y	respond.yield.iterate.heat.adjust.watch.end	0	r	y	True	0.0	0.0	0.0	S		
3873	ofchain	1	0.004	1		ofch	ain	arrange.flag.adjust.watch.yield.iterate.bind	0	o	n	False	0.0	0.0	0.0	S		
3874	opalkar	1	0.004	1		opalk	ar	arrange.pause.yield.state.heat.yield.respond	0	o	r	False	0.0	0.0	0.0	S		
3875	kaolkar	1	0.004	1	ka	olk	ar	ka:arrange.state.heat.yield.respond	0	o	r	False	1.0	1.0	0.0	S		
3876	kolkar	1	0.004	1	ko	lk	ar	ko:state.heat.yield.respond	0	l	r	True	0.0	0.0	0.0	S		
3877	ycheor	1	0.004	1	ch	e	or	[y]ch:cool.arrange.respond	1	e	r	False	0.0	1.0	0.0	S		
3878	tolkeeedy	1	0.004	1	to	lkeee	dy	to:state.heat.cool.cool.cool.do.end	3	l	y	True	1.0	1.0	0.0	S		
3879	qotyshey	1	0.004	1	qo	tyshe	y	qo:transfer.end.sequence.watch.cool.end	1	t	y	False	0.0	0.0	0.0	S		
3880	ltam	1	0.004	1	ta	m		[l]ta:final	0	m	m	True	0.0	0.0	1.0	S		
3881	sokod	1	0.004	1	so	kod		so:heat.arrange.do	0	k	d	False	0.0	1.0	0.0	S		
3882	qeokeody	1	0.004	1		qeokeo	dy	?.cool.arrange.heat.cool.arrange.do.end	1	q	y	True	0.0	0.0	0.0	S		
3883	toy	1	0.004	1	to	y		to:end	0	y	y	True	1.0	1.0	0.0	S		
3884	chkaly	1	0.004	1	ch	ka	ly	ch:heat.yield.state.end	0	k	y	False	0.0	0.0	0.0	S		
3885	dyair	1	0.004	1		dyai	r	do.end.yield.iterate.respond	0	d	r	True	0.0	1.0	0.0	S		
3886	lpcheedy	1	0.004	1	pch	ee	dy	[l]pch:cool.cool.do.end	2	e	y	False	0.0	0.0	0.0	S		
3887	cheary	1	0.004	1	ch	ea	ry	ch:cool.yield.respond.end	1	e	y	False	0.0	0.0	0.0	S		
3888	qokaiii	1	0.004	1	qo	kaiii		qo:heat.yield.iterate.iterate.iterate	0	k	i	False	0.0	0.0	0.0	S		
3889	aiily	1	0.004	1		aii	ly	yield.iterate.iterate.state.end	0	a	y	False	0.0	0.0	1.0	S		
3890	pokar	1	0.004	1	po	k	ar	po:heat.yield.respond	0	k	r	False	1.0	1.0	0.0	S		
3891	oloeeey	1	0.004	1	ol	oeee	y	ol:arrange.cool.cool.cool.end	3	o	y	False	0.0	0.0	0.0	S		
3892	keeeo	1	0.004	1	ke	eeo		ke:cool.cool.arrange	2	e	o	False	0.0	0.0	0.0	S		
3893	kaiis	1	0.004	1	ka	ii	s	ka:iterate.iterate.sequence	0	i	s	True	0.0	0.0	0.0	S		
3894	lkchaly	1	0.004	1	lk	a	ly	lk:adjust.watch.yield.state.end	0	c	y	True	0.0	0.0	0.0	S		
3895	cheokaly	1	0.004	1	ch	eoka	ly	ch:cool.arrange.heat.yield.state.end	1	e	y	False	0.0	0.0	1.0	S		
3896	kaiech	1	0.004	1	ka	iech		ka:iterate.cool.adjust.watch	1	i	h	True	0.0	1.0	0.0	S		
3897	keeedal	1	0.004	1	ke	eed	al	ke:cool.cool.do.yield.state	2	e	l	False	0.0	0.0	0.0	S		
3898	okeeolkcheey	1	0.004	1	ok	eeolkchee	y	ok:cool.cool.arrange.state.heat.adjust.watch.cool.cool.end	2	e	y	False	0.0	0.0	0.0	S		
3899	soain	1	0.004	1	so	ain		so:yield.iterate.bind	0	a	n	False	0.0	1.0	0.0	S		
3900	okeoteey	1	0.004	1	ok	eotee	y	ok:cool.arrange.transfer.cool.cool.end	2	e	y	False	0.0	0.0	0.0	S		
3901	okoey	1	0.004	1	ok	oe	y	ok:arrange.cool.end	1	o	y	False	0.0	0.0	0.0	S		
3902	oekey	1	0.004	1		oeke	y	arrange.cool.heat.cool.end	1	o	y	False	0.0	0.0	0.0	S		
3903	teodeear	1	0.004	1	te	odee	ar	te:arrange.do.cool.cool.yield.respond	2	o	r	False	1.0	1.0	0.0	S		
3904	qopchety	1	0.004	1	qo	pchet	y	qo:pause.adjust.watch.cool.transfer.end	1	p	y	True	0.0	0.0	0.0	S		
3905	okeeoly	1	0.004	1	ok	eeo	ly	ok:cool.cool.arrange.state.end	2	e	y	False	0.0	0.0	0.0	S		
3906	okchdpchy	1	0.004	1	ok	dpch	y	ok:adjust.watch.do.pause.adjust.watch.end	0	c	y	True	0.0	0.0	0.0	S		
3907	todasihx	1	0.004	1	to	dasihx		to:do.yield.sequence.iterate.watch.diagram	0	d	x	True	0.0	0.0	0.0	S		
3908	opasy	1	0.004	1		opas	y	arrange.pause.yield.sequence.end	0	o	y	False	0.0	0.0	0.0	S		
3909	olpair	1	0.004	1	ol	pai	r	ol:pause.yield.iterate.respond	0	p	r	True	0.0	0.0	0.0	S		
3910	kedydy	1	0.004	1	ke	dy	dy	ke:do.end.do.end	0	d	y	True	0.0	0.0	1.0	S		
3911	chokody	1	0.004	1	ch	oko	dy	ch:arrange.heat.arrange.do.end	0	o	y	False	0.0	0.0	0.0	S		
3912	chockhed	1	0.004	1	ch	ockhed		ch:arrange.adjust.heat.watch.cool.do	1	o	d	False	0.0	0.0	0.0	S		
3913	cheodchy	1	0.004	1	ch	eodch	y	ch:cool.arrange.do.adjust.watch.end	1	e	y	False	0.0	1.0	0.0	S		
3914	choked	1	0.004	1	ch	oked		ch:arrange.heat.cool.do	1	o	d	False	0.0	0.0	0.0	S		
3915	tchokedy	1	0.004	1	tch	oke	dy	tch:arrange.heat.cool.do.end	1	o	y	False	1.0	1.0	0.0	S		
3916	lkedshedy	1	0.004	1	lk	edshe	dy	lk:cool.do.sequence.watch.cool.do.end	1	e	y	False	0.0	0.0	0.0	S		
3917	okcheefy	1	0.004	1	ok	eef	y	ok:adjust.watch.cool.cool.flag.end	2	c	y	True	0.0	0.0	0.0	S		
3918	pchofar	1	0.004	1	pch	of	ar	pch:arrange.flag.yield.respond	0	o	r	False	0.0	0.0	0.0	S		
3919	chsy	1	0.004	1	ch	s	y	ch:sequence.end	0	s	y	True	0.0	0.0	1.0	S		
3920	shokeedar	1	0.004	1	sh	okeed	ar	sh:arrange.heat.cool.cool.do.yield.respond	2	o	r	False	0.0	0.0	0.0	S		
3921	kedal	1	0.004	1	ke	d	al	ke:do.yield.state	0	d	l	True	0.0	0.0	0.0	S		
3922	qetam	1	0.004	1		qet	am	?.cool.transfer.yield.final	1	q	m	True	0.0	0.0	1.0	S		
3923	shkeedy	1	0.004	1	sh	kee	dy	sh:heat.cool.cool.do.end	2	k	y	False	0.0	0.0	0.0	S		
3924	okeyty	1	0.004	1	ok	eyt	y	ok:cool.end.transfer.end	1	e	y	False	0.0	0.0	0.0	S		
3925	teodeey	1	0.004	1	te	odee	y	te:arrange.do.cool.cool.end	2	o	y	False	1.0	1.0	0.0	S		
3926	qetchdy	1	0.004	1		qetch	dy	?.cool.transfer.adjust.watch.do.end	1	q	y	True	0.0	0.0	0.0	S		
3927	aloiin	1	0.004	1	al	oiin		al:arrange.iterate.iterate.bind	0	o	n	False	0.0	0.0	0.0	S		
3928	chlam	1	0.004	1	ch	l	am	ch:state.yield.final	0	l	m	True	0.0	0.0	0.0	S		
3929	polchal	1	0.004	1	po	lch	al	po:state.adjust.watch.yield.state	0	l	l	True	1.0	1.0	0.0	S		
3930	pcholy	1	0.004	1	pch	o	ly	pch:arrange.state.end	0	o	y	False	0.0	0.0	0.0	S		
3931	otalod	1	0.004	1	ot	alod		ot:yield.state.arrange.do	0	a	d	False	0.0	0.0	1.0	S		
3932	diir	1	0.004	1		dii	r	do.iterate.iterate.respond	0	d	r	True	0.0	0.0	0.0	S		
3933	saithy	1	0.004	1	sa	ith	y	sa:iterate.transfer.watch.end	0	i	y	True	0.0	1.0	0.0	S		
3934	fcheokair	1	0.004	1	fch	eokai	r	fch:cool.arrange.heat.yield.iterate.respond	1	e	r	False	1.0	1.0	0.0	S		
3935	csedly	1	0.004	1		csed	ly	adjust.sequence.cool.do.state.end	1	c	y	True	0.0	0.0	1.0	S		
3936	dkedam	1	0.004	1	ke	d	am	[d]ke:do.yield.final	0	d	m	True	0.0	0.0	1.0	S		
3937	okeeam	1	0.004	1	ok	ee	am	ok:cool.cool.yield.final	2	e	m	False	0.0	0.0	1.0	S		
3938	folaiin	1	0.004	1	ol	aiin		[f]ol:yield.iterate.iterate.bind	0	a	n	False	1.0	1.0	0.0	S		
3939	shkhy	1	0.004	1	sh	kh	y	sh:heat.watch.end	0	k	y	False	0.0	0.0	0.0	S		
3940	ycheeor	1	0.004	1	ch	ee	or	[y]ch:cool.cool.arrange.respond	2	e	r	False	0.0	1.0	0.0	S		
3941	allkeam	1	0.004	1	al	lke	am	al:state.heat.cool.yield.final	1	l	m	True	0.0	0.0	0.0	S		
3942	chalkeedy	1	0.004	1	ch	alkee	dy	ch:yield.state.heat.cool.cool.do.end	2	a	y	False	0.0	0.0	1.0	S		
3943	ychedain	1	0.004	1	ch	ed	ain	[y]ch:cool.do.yield.iterate.bind	1	e	n	False	0.0	1.0	0.0	S		
3944	orcheory	1	0.004	1	or	eo	ry	or:adjust.watch.cool.arrange.respond.end	1	c	y	True	0.0	0.0	0.0	S		
3945	arolkeey	1	0.004	1	ar	olkee	y	ar:arrange.state.heat.cool.cool.end	2	o	y	False	0.0	0.0	0.0	S		
3946	okeolkey	1	0.004	1	ok	eolke	y	ok:cool.arrange.state.heat.cool.end	1	e	y	False	0.0	0.0	0.0	S		
3947	alkan	1	0.004	1	al	k	an	al:heat.yield.bind	0	k	n	False	0.0	0.0	1.0	S		
3948	qokoy	1	0.004	1	qo	ko	y	qo:heat.arrange.end	0	k	y	False	0.0	0.0	0.0	S		
3949	ykedar	1	0.004	1	yk	ed	ar	yk:cool.do.yield.respond	1	e	r	False	0.0	1.0	0.0	S		
3950	alodar	1	0.004	1	al	od	ar	al:arrange.do.yield.respond	0	o	r	False	0.0	0.0	0.0	S		
3951	alold	1	0.004	1	al	old		al:arrange.state.do	0	o	d	False	0.0	0.0	1.0	S		
3952	pychory	1	0.004	1		pycho	ry	pause.end.adjust.watch.arrange.respond.end	0	p	y	True	1.0	1.0	0.0	S		
3953	opalal	1	0.004	1		opal	al	arrange.pause.yield.state.yield.state	0	o	l	False	0.0	0.0	0.0	S		
3954	chedl	1	0.004	1	ch	ed	l	ch:cool.do.state	1	e	l	False	0.0	0.0	0.0	S		
3955	dcheeody	1	0.004	1	dch	eeo	dy	dch:cool.cool.arrange.do.end	2	e	y	False	0.0	1.0	0.0	S		
3956	porol	1	0.004	1	po	r	ol	po:respond.arrange.state	0	r	l	True	1.0	1.0	0.0	S		
3957	okeeom	1	0.004	1	ok	ee	om	ok:cool.cool.arrange.final	2	e	m	False	0.0	0.0	0.0	S		
3958	cheykeeed	1	0.004	1	ch	eykeeed		ch:cool.end.heat.cool.cool.cool.do	3	e	d	False	0.0	0.0	0.0	S		
3959	chckhom	1	0.004	1	ch	ckh	om	ch:adjust.heat.watch.arrange.final	0	c	m	True	0.0	0.0	1.0	S		
3960	sheedain	1	0.004	1	sh	eed	ain	sh:cool.cool.do.yield.iterate.bind	2	e	n	False	1.0	1.0	0.0	S		
3961	keesho	1	0.004	1	ke	esho		ke:cool.sequence.watch.arrange	1	e	o	False	0.0	0.0	0.0	S		
3962	keodky	1	0.004	1	ke	odk	y	ke:arrange.do.heat.end	0	o	y	False	0.0	0.0	1.0	S		
3963	oolals	1	0.004	1		oolal	s	arrange.arrange.state.yield.state.sequence	0	o	s	False	0.0	0.0	1.0	S		
3964	olkeoy	1	0.004	1	ol	keo	y	ol:heat.cool.arrange.end	1	k	y	False	0.0	1.0	0.0	S		
3965	cseam	1	0.004	1		cse	am	adjust.sequence.cool.yield.final	1	c	m	True	0.0	0.0	1.0	S		
3966	chockhey	1	0.004	1	ch	ockhe	y	ch:arrange.adjust.heat.watch.cool.end	1	o	y	False	0.0	0.0	0.0	S		
3967	keam	1	0.004	1	ke	am		ke:yield.final	0	a	m	False	0.0	0.0	1.0	S		
3968	okaram	1	0.004	1	ok	ar	am	ok:yield.respond.yield.final	0	a	m	False	0.0	0.0	0.0	S		
3969	qoeechy	1	0.004	1	qo	eech	y	qo:cool.cool.adjust.watch.end	2	e	y	False	0.0	0.0	0.0	S		
3970	ssheedal	1	0.004	1	sh	eed	al	[s]sh:cool.cool.do.yield.state	2	e	l	False	0.0	1.0	0.0	S		
3971	chedalkedy	1	0.004	1	ch	edalke	dy	ch:cool.do.yield.state.heat.cool.do.end	1	e	y	False	0.0	0.0	0.0	S		
3972	oeeedain	1	0.004	1		oeeed	ain	arrange.cool.cool.cool.do.yield.iterate.bind	3	o	n	False	0.0	1.0	0.0	S		
3973	loety	1	0.004	1		loet	y	state.arrange.cool.transfer.end	1	l	y	True	0.0	0.0	0.0	S		
3974	kedarxy	1	0.004	1	ke	darx	y	ke:do.yield.respond.diagram.end	0	d	y	True	0.0	0.0	1.0	S		
3975	lkedeed	1	0.004	1	lk	edeed		lk:cool.do.cool.cool.do	2	e	d	False	0.0	0.0	0.0	S		
3976	chlal	1	0.004	1	ch	l	al	ch:state.yield.state	0	l	l	True	0.0	0.0	0.0	S		
3977	okaldain	1	0.004	1	ok	ald	ain	ok:yield.state.do.yield.iterate.bind	0	a	n	False	0.0	0.0	0.0	S		
3978	chedkel	1	0.004	1	ch	edke	l	ch:cool.do.heat.cool.state	1	e	l	False	0.0	0.0	0.0	S		
3979	leedaiin	1	0.004	1		leed	aiin	state.cool.cool.do.yield.iterate.iterate.bind	2	l	n	True	0.0	0.0	0.0	S		
3980	shckhaiin	1	0.004	1	sh	ckh	aiin	sh:adjust.heat.watch.yield.iterate.iterate.bind	0	c	n	True	0.0	0.0	0.0	S		
3981	kaithy	1	0.004	1	ka	ith	y	ka:iterate.transfer.watch.end	0	i	y	True	0.0	0.0	0.0	S		
3982	chectham	1	0.004	1	ch	ecth	am	ch:cool.adjust.transfer.watch.yield.final	1	e	m	False	0.0	0.0	1.0	S		
3983	olkeeed	1	0.004	1	ol	keeed		ol:heat.cool.cool.cool.do	3	k	d	False	0.0	0.0	0.0	S		
3984	oteshy	1	0.004	1	ot	esh	y	ot:cool.sequence.watch.end	1	e	y	False	0.0	0.0	0.0	S		
3985	tshedky	1	0.004	1	sh	edk	y	[t]sh:cool.do.heat.end	1	e	y	False	1.0	1.0	0.0	S		
3986	akey	1	0.004	1		ake	y	yield.heat.cool.end	1	a	y	False	0.0	0.0	0.0	S		
3987	ykeealkey	1	0.004	1	yk	eealke	y	yk:cool.cool.yield.state.heat.cool.end	2	e	y	False	0.0	0.0	0.0	S		
3988	opsholal	1	0.004	1		opshol	al	arrange.pause.sequence.watch.arrange.state.yield.state	0	o	l	False	0.0	0.0	0.0	S		
3989	ofaramoty	1	0.004	1		ofaramot	y	arrange.flag.yield.respond.yield.final.arrange.transfer.end	0	o	y	False	0.0	0.0	1.0	S		
3990	teedan	1	0.004	1	te	ed	an	te:cool.do.yield.bind	1	e	n	False	0.0	0.0	1.0	S		
3991	qokeshdy	1	0.004	1	qo	kesh	dy	qo:heat.cool.sequence.watch.do.end	1	k	y	False	0.0	0.0	0.0	S		
3992	cheykedy	1	0.004	1	ch	eyke	dy	ch:cool.end.heat.cool.do.end	1	e	y	False	0.0	0.0	0.0	S		
3993	olcheeey	1	0.004	1	ol	eee	y	ol:adjust.watch.cool.cool.cool.end	3	c	y	True	0.0	0.0	0.0	S		
3994	polkeedal	1	0.004	1	po	lkeed	al	po:state.heat.cool.cool.do.yield.state	2	l	l	True	1.0	1.0	0.0	S		
3995	lotedaiin	1	0.004	1	ot	ed	aiin	[l]ot:cool.do.yield.iterate.iterate.bind	1	e	n	False	0.0	0.0	0.0	S		
3996	cheykechey	1	0.004	1	ch	eykeche	y	ch:cool.end.heat.cool.adjust.watch.cool.end	1	e	y	False	0.0	0.0	0.0	S		
3997	llod	1	0.004	1		llod		state.state.arrange.do	0	l	d	True	0.0	0.0	1.0	S		
3998	olsar	1	0.004	1	ol	s	ar	ol:sequence.yield.respond	0	s	r	True	0.0	0.0	0.0	S		
3999	cheeedaiin	1	0.004	1	ch	eeed	aiin	ch:cool.cool.cool.do.yield.iterate.iterate.bind	3	e	n	False	0.0	0.0	0.0	S		
4000	oloeeedy	1	0.004	1	ol	oeee	dy	ol:arrange.cool.cool.cool.do.end	3	o	y	False	0.0	0.0	0.0	S		
4001	deeal	1	0.004	1	de	e	al	de:cool.yield.state	1	e	l	False	0.0	0.0	0.0	S		
4002	checthal	1	0.004	1	ch	ecth	al	ch:cool.adjust.transfer.watch.yield.state	1	e	l	False	0.0	0.0	0.0	S		
4003	chekeek	1	0.004	1	ch	ekeek		ch:cool.heat.cool.cool.heat	2	e	k	False	0.0	0.0	0.0	S		
4004	okeedaiin	1	0.004	1	ok	eed	aiin	ok:cool.cool.do.yield.iterate.iterate.bind	2	e	n	False	0.0	0.0	0.0	S		
4005	ctheor	1	0.004	1	ct	he	or	ct:watch.cool.arrange.respond	1	h	r	True	0.0	0.0	0.0	S		
4006	qokeeaiin	1	0.004	1	qo	kee	aiin	qo:heat.cool.cool.yield.iterate.iterate.bind	2	k	n	False	0.0	0.0	0.0	S		
4007	okeaiin	1	0.004	1	ok	e	aiin	ok:cool.yield.iterate.iterate.bind	1	e	n	False	0.0	0.0	0.0	S		
4008	doaiin	1	0.004	1	do	aiin		do:yield.iterate.iterate.bind	0	a	n	False	0.0	0.0	0.0	S		
4009	ldyr	1	0.004	1		ldy	r	state.do.end.respond	0	l	r	True	0.0	0.0	0.0	S		
4010	olcheees	1	0.004	1	ol	eee	s	ol:adjust.watch.cool.cool.cool.sequence	3	c	s	True	0.0	0.0	0.0	S		
4011	okalam	1	0.004	1	ok	al	am	ok:yield.state.yield.final	0	a	m	False	0.0	0.0	1.0	S		
4012	pororaiin	1	0.004	1	po	ror	aiin	po:respond.arrange.respond.yield.iterate.iterate.bind	0	r	n	True	1.0	1.0	0.0	S		
4013	chedeey	1	0.004	1	ch	edee	y	ch:cool.do.cool.cool.end	2	e	y	False	0.0	0.0	0.0	S		
4014	qokeoy	1	0.004	1	qo	keo	y	qo:heat.cool.arrange.end	1	k	y	False	0.0	0.0	0.0	S		
4015	choteey	1	0.004	1	ch	otee	y	ch:arrange.transfer.cool.cool.end	2	o	y	False	0.0	0.0	0.0	S		
4016	ys	1	0.004	1		y	s	end.sequence	0	y	s	True	0.0	0.0	1.0	S		
4017	sheeal	1	0.004	1	sh	ee	al	sh:cool.cool.yield.state	2	e	l	False	0.0	0.0	0.0	S		
4018	lsheedain	1	0.004	1	lsh	eed	ain	lsh:cool.cool.do.yield.iterate.bind	2	e	n	False	0.0	0.0	0.0	S		
4019	rcheetey	1	0.004	1	rch	eete	y	rch:cool.cool.transfer.cool.end	2	e	y	False	0.0	0.0	0.0	S		
4020	chedytey	1	0.004	1	ch	edyte	y	ch:cool.do.end.transfer.cool.end	1	e	y	False	0.0	0.0	0.0	S		
4021	okeearam	1	0.004	1	ok	eear	am	ok:cool.cool.yield.respond.yield.final	2	e	m	False	0.0	0.0	1.0	S		
4022	leeey	1	0.004	1		leee	y	state.cool.cool.cool.end	3	l	y	True	0.0	0.0	0.0	S		
4023	cheekeey	1	0.004	1	ch	eekee	y	ch:cool.cool.heat.cool.cool.end	2	e	y	False	0.0	0.0	0.0	S		
4024	sheeain	1	0.004	1	sh	ee	ain	sh:cool.cool.yield.iterate.bind	2	e	n	False	0.0	0.0	0.0	S		
4025	checkhedy	1	0.004	1	ch	eckhe	dy	ch:cool.adjust.heat.watch.cool.do.end	1	e	y	False	0.0	0.0	0.0	S		
4026	oam	1	0.004	1		o	am	arrange.yield.final	0	o	m	False	0.0	0.0	1.0	S		
4027	ssheodain	1	0.004	1	sh	eod	ain	[s]sh:cool.arrange.do.yield.iterate.bind	1	e	n	False	0.0	1.0	0.0	S		
4028	qokeeolchey	1	0.004	1	qo	keeolche	y	qo:heat.cool.cool.arrange.state.adjust.watch.cool.end	2	k	y	False	0.0	0.0	0.0	S		
4029	llchey	1	0.004	1	lch	e	y	[l]lch:cool.end	1	e	y	False	0.0	0.0	0.0	S		
4030	olchar	1	0.004	1	ol	ar		ol:adjust.watch.yield.respond	0	c	r	True	1.0	1.0	0.0	S		
4031	lshy	1	0.004	1	lsh	y		lsh:end	0	y	y	True	0.0	0.0	0.0	S		
4032	kcholchdar	1	0.004	1	kch	olchd	ar	kch:arrange.state.adjust.watch.do.yield.respond	0	o	r	False	1.0	1.0	0.0	S		
4033	aiip	1	0.004	1		aiip		yield.iterate.iterate.pause	0	a	p	False	0.0	0.0	0.0	S		
4034	chetalshy	1	0.004	1	ch	etalsh	y	ch:cool.transfer.yield.state.sequence.watch.end	1	e	y	False	0.0	0.0	0.0	S		
4035	qeeal	1	0.004	1		qee	al	?.cool.cool.yield.state	2	q	l	True	0.0	0.0	0.0	S		
4036	qokeeas	1	0.004	1	qo	keea	s	qo:heat.cool.cool.yield.sequence	2	k	s	False	0.0	0.0	0.0	S		
4037	sheekshy	1	0.004	1	sh	eeksh	y	sh:cool.cool.heat.sequence.watch.end	2	e	y	False	0.0	0.0	0.0	S		
4038	chokchey	1	0.004	1	ch	okche	y	ch:arrange.heat.adjust.watch.cool.end	1	o	y	False	0.0	0.0	0.0	S		
4039	ycheeodain	1	0.004	1	ch	eeod	ain	[y]ch:cool.cool.arrange.do.yield.iterate.bind	2	e	n	False	0.0	1.0	0.0	S		
4040	ykeedaiin	1	0.004	1	yk	eed	aiin	yk:cool.cool.do.yield.iterate.iterate.bind	2	e	n	False	0.0	1.0	0.0	S		
4041	reeey	1	0.004	1		reee	y	respond.cool.cool.cool.end	3	r	y	True	0.0	0.0	0.0	S		
4042	olaiiin	1	0.004	1	ol	ai	iin	ol:yield.iterate.iterate.iterate.bind	0	a	n	False	0.0	0.0	0.0	S		
4043	dsheeo	1	0.004	1	sh	eeo		[d]sh:cool.cool.arrange	2	e	o	False	0.0	1.0	0.0	S		
4044	otchedey	1	0.004	1	ot	ede	y	ot:adjust.watch.cool.do.cool.end	1	c	y	True	0.0	0.0	0.0	S		
4045	oteolair	1	0.004	1	ot	eolai	r	ot:cool.arrange.state.yield.iterate.respond	1	e	r	False	0.0	0.0	0.0	S		
4046	qosheo	1	0.004	1	qo	eo		qo:sequence.watch.cool.arrange	1	s	o	True	0.0	1.0	0.0	S		
4047	dchedar	1	0.004	1	dch	ed	ar	dch:cool.do.yield.respond	1	e	r	False	0.0	1.0	0.0	S		
4048	ykeeeos	1	0.004	1	yk	eeeo	s	yk:cool.cool.cool.arrange.sequence	3	e	s	False	0.0	0.0	0.0	S		
4049	pchedey	1	0.004	1	pch	ede	y	pch:cool.do.cool.end	1	e	y	False	0.0	0.0	0.0	S		
4050	oteodo	1	0.004	1	ot	eodo		ot:cool.arrange.do.arrange	1	e	o	False	0.0	0.0	0.0	S		
4051	okeodain	1	0.004	1	ok	eod	ain	ok:cool.arrange.do.yield.iterate.bind	1	e	n	False	0.0	0.0	0.0	S		
4052	shet	1	0.004	1	sh	et		sh:cool.transfer	1	e	t	False	0.0	0.0	0.0	S		
4053	sheotam	1	0.004	1	sh	eot	am	sh:cool.arrange.transfer.yield.final	1	e	m	False	0.0	0.0	0.0	S		
4054	shtar	1	0.004	1	sh	t	ar	sh:transfer.yield.respond	0	t	r	False	0.0	0.0	0.0	S		
4055	olcheody	1	0.004	1	ol	eo	dy	ol:adjust.watch.cool.arrange.do.end	1	c	y	True	0.0	0.0	0.0	S		
4056	shecthey	1	0.004	1	sh	ecthe	y	sh:cool.adjust.transfer.watch.cool.end	1	e	y	False	0.0	0.0	0.0	S		
4057	lcheoekam	1	0.004	1	lch	eoek	am	lch:cool.arrange.cool.heat.yield.final	1	e	m	False	0.0	0.0	0.0	S		
4058	qokeeodor	1	0.004	1	qo	keeod	or	qo:heat.cool.cool.arrange.do.arrange.respond	2	k	r	False	0.0	0.0	0.0	S		
4059	checthdy	1	0.004	1	ch	ecth	dy	ch:cool.adjust.transfer.watch.do.end	1	e	y	False	0.0	0.0	0.0	S		
4060	qotedl	1	0.004	1	qo	ted	l	qo:transfer.cool.do.state	1	t	l	False	0.0	0.0	0.0	S		
4061	loedy	1	0.004	1		loe	dy	state.arrange.cool.do.end	1	l	y	True	0.0	0.0	0.0	S		
4062	chedey	1	0.004	1	ch	ede	y	ch:cool.do.cool.end	1	e	y	False	0.0	0.0	0.0	S		
4063	lkaim	1	0.004	1	lk	a	im	lk:yield.iterate.final	0	a	m	False	0.0	0.0	1.0	S		
4064	oxor	1	0.004	1		ox	or	arrange.diagram.arrange.respond	0	o	r	False	0.0	0.0	0.0	S		
4065	kydeedy	1	0.004	1		kydee	dy	heat.end.do.cool.cool.do.end	2	k	y	False	0.0	0.0	0.0	S		
4066	cheotydy	1	0.004	1	ch	eoty	dy	ch:cool.arrange.transfer.end.do.end	1	e	y	False	0.0	0.0	1.0	S		
4067	ssheo	1	0.004	1	sh	eo		[s]sh:cool.arrange	1	e	o	False	0.0	1.0	0.0	S		
4068	tched	1	0.004	1	tch	ed		tch:cool.do	1	e	d	False	0.0	0.0	0.0	S		
4069	keocthedy	1	0.004	1	ke	octhe	dy	ke:arrange.adjust.transfer.watch.cool.do.end	1	o	y	False	0.0	0.0	0.0	S		
4070	qokeshey	1	0.004	1	qo	keshe	y	qo:heat.cool.sequence.watch.cool.end	1	k	y	False	0.0	0.0	0.0	S		
4071	keeshody	1	0.004	1	ke	esho	dy	ke:cool.sequence.watch.arrange.do.end	1	e	y	False	0.0	0.0	0.0	S		
4072	lchr	1	0.004	1	lch	r		lch:respond	0	r	r	True	0.0	0.0	0.0	S		
4073	so	1	0.004	1		so		sequence.arrange	0	s	o	True	0.0	1.0	0.0	S		
4074	alal	1	0.004	1	al	al		al:yield.state	0	a	l	False	0.0	0.0	0.0	S		
4075	oxar	1	0.004	1		ox	ar	arrange.diagram.yield.respond	0	o	r	False	0.0	0.0	0.0	S		
4076	qoteedaiin	1	0.004	1	qo	teed	aiin	qo:transfer.cool.cool.do.yield.iterate.iterate.bind	2	t	n	False	0.0	0.0	1.0	S		
4077	teedain	1	0.004	1	te	ed	ain	te:cool.do.yield.iterate.bind	1	e	n	False	0.0	0.0	0.0	S		
4078	sheokar	1	0.004	1	sh	eok	ar	sh:cool.arrange.heat.yield.respond	1	e	r	False	0.0	0.0	0.0	S		
4079	rky	1	0.004	1		rk	y	respond.heat.end	0	r	y	True	0.0	0.0	0.0	S		
4080	qoirain	1	0.004	1	qo	ir	ain	qo:iterate.respond.yield.iterate.bind	0	i	n	True	0.0	0.0	1.0	S		
4081	sheotchedy	1	0.004	1	sh	eotche	dy	sh:cool.arrange.transfer.adjust.watch.cool.do.end	1	e	y	False	0.0	1.0	0.0	S		
4082	shkey	1	0.004	1	sh	ke	y	sh:heat.cool.end	1	k	y	False	0.0	0.0	0.0	S		
4083	shkeody	1	0.004	1	sh	keo	dy	sh:heat.cool.arrange.do.end	1	k	y	False	0.0	0.0	0.0	S		
4084	dsheeoteey	1	0.004	1	sh	eeotee	y	[d]sh:cool.cool.arrange.transfer.cool.cool.end	2	e	y	False	0.0	1.0	0.0	S		
4085	tear	1	0.004	1	te	ar		te:yield.respond	0	a	r	False	0.0	0.0	0.0	S		
4086	cholkeeedy	1	0.004	1	ch	olkeee	dy	ch:arrange.state.heat.cool.cool.cool.do.end	3	o	y	False	0.0	0.0	0.0	S		
4087	lchechdy	1	0.004	1	lch	ech	dy	lch:cool.adjust.watch.do.end	1	e	y	False	0.0	0.0	0.0	S		
4088	qoeeeo	1	0.004	1	qo	eeeo		qo:cool.cool.cool.arrange	3	e	o	False	0.0	1.0	0.0	S		
4089	cheda	1	0.004	1	ch	eda		ch:cool.do.yield	1	e	a	False	0.0	0.0	0.0	S		
4090	keeodal	1	0.004	1	ke	eod	al	ke:cool.arrange.do.yield.state	1	e	l	False	0.0	0.0	0.0	S		
4091	teo	1	0.004	1	te	o		te:arrange	0	o	o	False	0.0	1.0	0.0	S		
4092	okeom	1	0.004	1	ok	e	om	ok:cool.arrange.final	1	e	m	False	0.0	0.0	0.0	S		
4093	lkedlkey	1	0.004	1	lk	edlke	y	lk:cool.do.state.heat.cool.end	1	e	y	False	0.0	0.0	0.0	S		
4094	ychedl	1	0.004	1	ch	ed	l	[y]ch:cool.do.state	1	e	l	False	0.0	1.0	0.0	S		
4095	polal	1	0.004	1	po	l	al	po:state.yield.state	0	l	l	True	1.0	1.0	0.0	S		
4096	pykeor	1	0.004	1	yk	e	or	[p]yk:cool.arrange.respond	1	e	r	False	0.0	0.0	0.0	S		
4097	cheefy	1	0.004	1	ch	eef	y	ch:cool.cool.flag.end	2	e	y	False	0.0	0.0	0.0	S		
4098	opchedal	1	0.004	1		opched	al	arrange.pause.adjust.watch.cool.do.yield.state	1	o	l	False	0.0	0.0	0.0	S		
4099	lcheeol	1	0.004	1	lch	ee	ol	lch:cool.cool.arrange.state	2	e	l	False	0.0	0.0	0.0	S		
4100	oteoin	1	0.004	1	ot	e	oin	ot:cool.arrange.iterate.bind	1	e	n	False	0.0	0.0	0.0	S		
4101	cheamar	1	0.004	1	ch	eam	ar	ch:cool.yield.final.yield.respond	1	e	r	False	0.0	0.0	1.0	S		
4102	qokeokedy	1	0.004	1	qo	keoke	dy	qo:heat.cool.arrange.heat.cool.do.end	1	k	y	False	0.0	0.0	0.0	S		
4103	oteeolkeey	1	0.004	1	ot	eeolkee	y	ot:cool.cool.arrange.state.heat.cool.cool.end	2	e	y	False	0.0	0.0	0.0	S		
4104	qokeeal	1	0.004	1	qo	kee	al	qo:heat.cool.cool.yield.state	2	k	l	False	0.0	0.0	0.0	S		
4105	qokeel	1	0.004	1	qo	kee	l	qo:heat.cool.cool.state	2	k	l	False	0.0	0.0	0.0	S		
4106	chedyteokain	1	0.004	1	ch	edyteok	ain	ch:cool.do.end.transfer.cool.arrange.heat.yield.iterate.bind	1	e	n	False	0.0	0.0	0.0	S		
4107	lkedar	1	0.004	1	lk	ed	ar	lk:cool.do.yield.respond	1	e	r	False	0.0	0.0	0.0	S		
4108	lkeedain	1	0.004	1	lk	eed	ain	lk:cool.cool.do.yield.iterate.bind	2	e	n	False	0.0	0.0	0.0	S		
4109	okeam	1	0.004	1	ok	e	am	ok:cool.yield.final	1	e	m	False	0.0	0.0	0.0	S		
4110	teolkedain	1	0.004	1	te	olked	ain	te:arrange.state.heat.cool.do.yield.iterate.bind	1	o	n	False	0.0	0.0	0.0	S		
4111	lteeal	1	0.004	1	te	e	al	[l]te:cool.yield.state	1	e	l	False	0.0	0.0	0.0	S		
4112	okeeesey	1	0.004	1	ok	eeese	y	ok:cool.cool.cool.sequence.cool.end	3	e	y	False	0.0	0.0	0.0	S		
4113	olchal	1	0.004	1	ol	al		ol:adjust.watch.yield.state	0	c	l	True	0.0	0.0	0.0	S		
4114	qeear	1	0.004	1		qee	ar	?.cool.cool.yield.respond	2	q	r	True	0.0	0.0	0.0	S		
4115	poeokeey	1	0.004	1	po	eokee	y	po:cool.arrange.heat.cool.cool.end	2	e	y	False	1.0	1.0	0.0	S		
4116	chepcham	1	0.004	1	ch	epch	am	ch:cool.pause.adjust.watch.yield.final	1	e	m	False	0.0	0.0	0.0	S		
4117	qokeeokain	1	0.004	1	qo	keeok	ain	qo:heat.cool.cool.arrange.heat.yield.iterate.bind	2	k	n	False	0.0	0.0	0.0	S		
4118	keel	1	0.004	1	ke	e	l	ke:cool.state	1	e	l	False	0.0	0.0	0.0	S		
4119	polkeeo	1	0.004	1	po	lkeeo		po:state.heat.cool.cool.arrange	2	l	o	True	1.0	1.0	0.0	S		
4120	cheokeain	1	0.004	1	ch	eoke	ain	ch:cool.arrange.heat.cool.yield.iterate.bind	1	e	n	False	0.0	0.0	0.0	S		
4121	ihar	1	0.004	1		ih	ar	iterate.watch.yield.respond	0	i	r	True	0.0	0.0	0.0	S		
4122	yshe	1	0.004	1	sh	e		[y]sh:cool	1	e	e	False	0.0	1.0	0.0	S		
4123	okshdy	1	0.004	1	ok	dy		ok:sequence.watch.do.end	0	s	y	True	0.0	0.0	0.0	S		
4124	shkeey	1	0.004	1	sh	kee	y	sh:heat.cool.cool.end	2	k	y	False	0.0	0.0	0.0	S		
4125	koshey	1	0.004	1	ko	e	y	ko:sequence.watch.cool.end	1	s	y	True	1.0	1.0	0.0	S		
4126	chckheal	1	0.004	1	ch	ckhe	al	ch:adjust.heat.watch.cool.yield.state	1	c	l	True	0.0	0.0	0.0	S		
4127	opcheodair	1	0.004	1		opcheodai	r	arrange.pause.adjust.watch.cool.arrange.do.yield.iterate.respond	1	o	r	False	0.0	0.0	0.0	S		
4128	sheokain	1	0.004	1	sh	eok	ain	sh:cool.arrange.heat.yield.iterate.bind	1	e	n	False	0.0	0.0	0.0	S		
4129	cheok	1	0.004	1	ch	eok		ch:cool.arrange.heat	1	e	k	False	0.0	0.0	0.0	S		
4130	ralchy	1	0.004	1	al	y		[r]al:adjust.watch.end	0	c	y	True	0.0	0.0	1.0	S		
4131	chcthar	1	0.004	1	ch	cth	ar	ch:adjust.transfer.watch.yield.respond	0	c	r	True	0.0	0.0	0.0	S		
4132	otaim	1	0.004	1	ot	a	im	ot:yield.iterate.final	0	a	m	False	0.0	0.0	1.0	S		
4133	chokedair	1	0.004	1	ch	okedai	r	ch:arrange.heat.cool.do.yield.iterate.respond	1	o	r	False	0.0	0.0	0.0	S		
4134	alolshedy	1	0.004	1	al	olshe	dy	al:arrange.state.sequence.watch.cool.do.end	1	o	y	False	0.0	0.0	0.0	S		
4135	qokeechey	1	0.004	1	qo	keeche	y	qo:heat.cool.cool.adjust.watch.cool.end	2	k	y	False	0.0	1.0	0.0	S		
4136	fcheeol	1	0.004	1	fch	ee	ol	fch:cool.cool.arrange.state	2	e	l	False	0.0	0.0	0.0	S		
4137	cheolkeey	1	0.004	1	ch	eolkee	y	ch:cool.arrange.state.heat.cool.cool.end	2	e	y	False	0.0	0.0	0.0	S		
4138	qoksheo	1	0.004	1	qo	ksheo		qo:heat.sequence.watch.cool.arrange	1	k	o	False	0.0	0.0	0.0	S		
4139	ylcheey	1	0.004	1	lch	ee	y	[y]lch:cool.cool.end	2	e	y	False	0.0	1.0	0.0	S		
4140	chedkain	1	0.004	1	ch	edk	ain	ch:cool.do.heat.yield.iterate.bind	1	e	n	False	0.0	0.0	0.0	S		
4141	shedaitain	1	0.004	1	sh	edait	ain	sh:cool.do.yield.iterate.transfer.yield.iterate.bind	1	e	n	False	0.0	0.0	0.0	S		
4142	chalg	1	0.004	1	ch	al	g	ch:yield.state.?	0	a	g	False	0.0	0.0	1.0	S		
4143	qear	1	0.004	1		qe	ar	?.cool.yield.respond	1	q	r	True	0.0	1.0	0.0	S		
4144	sheeay	1	0.004	1	sh	eea	y	sh:cool.cool.yield.end	2	e	y	False	0.0	0.0	0.0	S		
4145	sheaiin	1	0.004	1	sh	e	aiin	sh:cool.yield.iterate.iterate.bind	1	e	n	False	0.0	1.0	0.0	S		
4146	amd	1	0.004	1		amd		yield.final.do	0	a	d	False	0.0	0.0	1.0	S		
4147	qocheol	1	0.004	1	qo	e	ol	qo:adjust.watch.cool.arrange.state	1	c	l	True	0.0	1.0	0.0	S		
4148	gm	1	0.004	1		g	m	?.final	0	g	m	True	0.0	0.0	1.0	S		
4149	qochdaiin	1	0.004	1	qo	d	aiin	qo:adjust.watch.do.yield.iterate.iterate.bind	0	c	n	True	0.0	0.0	0.0	S		
4150	ychear	1	0.004	1	ch	e	ar	[y]ch:cool.yield.respond	1	e	r	False	0.0	0.0	0.0	S		
4151	chalkain	1	0.004	1	ch	alk	ain	ch:yield.state.heat.yield.iterate.bind	0	a	n	False	0.0	0.0	0.0	S		
4152	alchedar	1	0.004	1	al	ed	ar	al:adjust.watch.cool.do.yield.respond	1	c	r	True	0.0	0.0	0.0	S		
4153	shykaiin	1	0.004	1	sh	yk	aiin	sh:end.heat.yield.iterate.iterate.bind	0	y	n	True	0.0	0.0	0.0	S		
4154	polanar	1	0.004	1	po	lan	ar	po:state.yield.bind.yield.respond	0	l	r	True	1.0	1.0	0.0	S		
4155	ltchs	1	0.004	1	tch	s		[l]tch:sequence	0	s	s	True	0.0	0.0	0.0	S		
4156	alpchdar	1	0.004	1	al	pchd	ar	al:pause.adjust.watch.do.yield.respond	0	p	r	True	0.0	0.0	1.0	S		
4157	tsheey	1	0.004	1	sh	ee	y	[t]sh:cool.cool.end	2	e	y	False	0.0	0.0	0.0	S		
4158	llo	1	0.004	1		llo		state.state.arrange	0	l	o	True	0.0	0.0	1.0	S		
4159	qorchain	1	0.004	1	qo	rch	ain	qo:respond.adjust.watch.yield.iterate.bind	0	r	n	True	0.0	1.0	0.0	S		
4160	polkiin	1	0.004	1	po	lk	iin	po:state.heat.iterate.iterate.bind	0	l	n	True	1.0	1.0	0.0	S		
4161	cheopaiin	1	0.004	1	ch	eop	aiin	ch:cool.arrange.pause.yield.iterate.iterate.bind	1	e	n	False	0.0	0.0	0.0	S		
4162	chcfhey	1	0.004	1	ch	cfhe	y	ch:adjust.flag.watch.cool.end	1	c	y	True	0.0	0.0	0.0	S		
4163	okeokain	1	0.004	1	ok	eok	ain	ok:cool.arrange.heat.yield.iterate.bind	1	e	n	False	0.0	0.0	0.0	S		
4164	sheekain	1	0.004	1	sh	eek	ain	sh:cool.cool.heat.yield.iterate.bind	2	e	n	False	0.0	0.0	0.0	S		
4165	qetain	1	0.004	1		qet	ain	?.cool.transfer.yield.iterate.bind	1	q	n	True	0.0	0.0	0.0	S		
4166	pochey	1	0.004	1	po	e	y	po:adjust.watch.cool.end	1	c	y	True	0.0	1.0	0.0	S		
4167	oteain	1	0.004	1	ot	e	ain	ot:cool.yield.iterate.bind	1	e	n	False	0.0	0.0	0.0	S		
4168	llm	1	0.004	1		ll	m	state.state.final	0	l	m	True	0.0	0.0	1.0	S		
4169	ysheal	1	0.004	1	sh	e	al	[y]sh:cool.yield.state	1	e	l	False	0.0	1.0	0.0	S		
4170	sheainy	1	0.004	1	sh	eain	y	sh:cool.yield.iterate.bind.end	1	e	y	False	0.0	0.0	0.0	S		
4171	aman	1	0.004	1		am	an	yield.final.yield.bind	0	a	n	False	0.0	0.0	0.0	S		
4172	talol	1	0.004	1	ta	l	ol	ta:state.arrange.state	0	l	l	True	0.0	0.0	0.0	S		
4173	lshekain	1	0.004	1	lsh	ek	ain	lsh:cool.heat.yield.iterate.bind	1	e	n	False	0.0	0.0	0.0	S		
4174	lkeeed	1	0.004	1	lk	eeed		lk:cool.cool.cool.do	3	e	d	False	0.0	0.0	0.0	S		
4175	lkarshar	1	0.004	1	lk	arsh	ar	lk:yield.respond.sequence.watch.yield.respond	0	a	r	False	0.0	0.0	0.0	S		
4176	shalkl	1	0.004	1	sh	alk	l	sh:yield.state.heat.state	0	a	l	False	0.0	0.0	0.0	S		
4177	raldl	1	0.004	1	al	d	l	[r]al:do.state	0	d	l	True	0.0	0.0	1.0	S		
4178	lchsl	1	0.004	1	lch	s	l	lch:sequence.state	0	s	l	True	0.0	0.0	1.0	S		
4179	chokeal	1	0.004	1	ch	oke	al	ch:arrange.heat.cool.yield.state	1	o	l	False	0.0	0.0	0.0	S		
4180	teeodain	1	0.004	1	te	eod	ain	te:cool.arrange.do.yield.iterate.bind	1	e	n	False	0.0	0.0	0.0	S		
4181	cheeal	1	0.004	1	ch	ee	al	ch:cool.cool.yield.state	2	e	l	False	0.0	0.0	0.0	S		
4182	qopchais	1	0.004	1	qo	pchai	s	qo:pause.adjust.watch.yield.iterate.sequence	0	p	s	True	0.0	0.0	0.0	S		
4183	rolkeey	1	0.004	1	ol	kee	y	[r]ol:heat.cool.cool.end	2	k	y	False	0.0	0.0	0.0	S		
4184	lkeain	1	0.004	1	lk	e	ain	lk:cool.yield.iterate.bind	1	e	n	False	0.0	0.0	0.0	S		
4185	psalar	1	0.004	1	sa	l	ar	[p]sa:state.yield.respond	0	l	r	True	1.0	1.0	0.0	S		
4186	qekal	1	0.004	1		qek	al	?.cool.heat.yield.state	1	q	l	True	0.0	0.0	0.0	S		
4187	cheykaiin	1	0.004	1	ch	eyk	aiin	ch:cool.end.heat.yield.iterate.iterate.bind	1	e	n	False	0.0	0.0	0.0	S		
4188	akchedy	1	0.004	1		akche	dy	yield.heat.adjust.watch.cool.do.end	1	a	y	False	0.0	0.0	0.0	S		
4189	opchdal	1	0.004	1		opchd	al	arrange.pause.adjust.watch.do.yield.state	0	o	l	False	0.0	0.0	0.0	S		
4190	sory	1	0.004	1	so	ry		so:respond.end	0	r	y	True	0.0	1.0	0.0	S		
4191	loeees	1	0.004	1		loeee	s	state.arrange.cool.cool.cool.sequence	3	l	s	True	0.0	0.0	0.0	S		
4192	okalaiin	1	0.004	1	ok	al	aiin	ok:yield.state.yield.iterate.iterate.bind	0	a	n	False	0.0	0.0	0.0	S		
4193	folchey	1	0.004	1	ol	e	y	[f]ol:adjust.watch.cool.end	1	c	y	True	1.0	1.0	0.0	S		
4194	ally	1	0.004	1	al	ly		al:state.end	0	l	y	True	0.0	0.0	0.0	S		
4195	otail	1	0.004	1	ot	ai	l	ot:yield.iterate.state	0	a	l	False	0.0	0.0	0.0	S		
4196	odys	1	0.004	1		ody	s	arrange.do.end.sequence	0	o	s	False	0.0	0.0	1.0	S		
4197	taim	1	0.004	1	ta	im		ta:iterate.final	0	i	m	True	0.0	0.0	0.0	S		
4198	sairor	1	0.004	1	sa	ir	or	sa:iterate.respond.arrange.respond	0	i	r	True	0.0	1.0	0.0	S		
4199	eteedy	1	0.004	1		etee	dy	cool.transfer.cool.cool.do.end	2	e	y	False	0.0	0.0	0.0	S		
4200	ag	1	0.004	1		a	g	yield.?	0	a	g	False	0.0	0.0	1.0	S		
4201	qokary	1	0.004	1	qo	ka	ry	qo:heat.yield.respond.end	0	k	y	False	0.0	0.0	1.0	S		
4202	qeol	1	0.004	1		qe	ol	?.cool.arrange.state	1	q	l	True	0.0	0.0	0.0	S		
4203	chotyr	1	0.004	1	ch	oty	r	ch:arrange.transfer.end.respond	0	o	r	False	0.0	0.0	1.0	S		
4204	soar	1	0.004	1	so	ar		so:yield.respond	0	a	r	False	0.0	1.0	0.0	S		
4205	opomdy	1	0.004	1		opom	dy	arrange.pause.arrange.final.do.end	0	o	y	False	0.0	0.0	1.0	S		
4206	solol	1	0.004	1	so	l	ol	so:state.arrange.state	0	l	l	True	1.0	1.0	0.0	S		
4207	amchd	1	0.004	1		amchd		yield.final.adjust.watch.do	0	a	d	False	0.0	0.0	1.0	S		
4208	qoeeean	1	0.004	1	qo	eee	an	qo:cool.cool.cool.yield.bind	3	e	n	False	0.0	1.0	0.0	S		
4209	dalchd	1	0.004	1	da	lchd		da:state.adjust.watch.do	0	l	d	True	0.0	0.0	0.0	S		
4210	daichy	1	0.004	1	da	ich	y	da:iterate.adjust.watch.end	0	i	y	True	0.0	1.0	0.0	S		
4211	qairal	1	0.004	1		qair	al	?.yield.iterate.respond.yield.state	0	q	l	True	0.0	0.0	1.0	S		
4212	dairiy	1	0.004	1	da	iri	y	da:iterate.respond.iterate.end	0	i	y	True	0.0	0.0	0.0	S		
4213	otychey	1	0.004	1	ot	yche	y	ot:end.adjust.watch.cool.end	1	y	y	True	0.0	0.0	1.0	S		
4214	ochor	1	0.004	1		och	or	arrange.adjust.watch.arrange.respond	0	o	r	False	0.0	0.0	0.0	S		
4215	tockhy	1	0.004	1	to	ckh	y	to:adjust.heat.watch.end	0	c	y	True	0.0	1.0	0.0	S		
4216	pcholkeedy	1	0.004	1	pch	olkee	dy	pch:arrange.state.heat.cool.cool.do.end	2	o	y	False	1.0	1.0	0.0	S		
4217	okchoiiin	1	0.004	1	ok	oi	iin	ok:adjust.watch.arrange.iterate.iterate.iterate.bind	0	c	n	True	0.0	0.0	0.0	S		
4218	aky	1	0.004	1		ak	y	yield.heat.end	0	a	y	False	0.0	0.0	0.0	S		
4219	kolfchdy	1	0.004	1	ko	lfch	dy	ko:state.flag.adjust.watch.do.end	0	l	y	True	0.0	0.0	0.0	S		
4220	sheokeedy	1	0.004	1	sh	eokee	dy	sh:cool.arrange.heat.cool.cool.do.end	2	e	y	False	0.0	0.0	0.0	S		
4221	sharam	1	0.004	1	sh	ar	am	sh:yield.respond.yield.final	0	a	m	False	0.0	0.0	1.0	S		
4222	poir	1	0.004	1	po	i	r	po:iterate.respond	0	i	r	True	1.0	1.0	0.0	S		
4223	keolor	1	0.004	1	ke	ol	or	ke:arrange.state.arrange.respond	0	o	r	False	0.0	0.0	0.0	S		
4224	karainy	1	0.004	1	ka	rain	y	ka:respond.yield.iterate.bind.end	0	r	y	True	0.0	0.0	1.0	S		
4225	alkeear	1	0.004	1	al	kee	ar	al:heat.cool.cool.yield.respond	2	k	r	False	0.0	0.0	0.0	S		
4226	alshedy	1	0.004	1	al	e	dy	al:sequence.watch.cool.do.end	1	s	y	True	0.0	0.0	0.0	S		
4227	okeechy	1	0.004	1	ok	eech	y	ok:cool.cool.adjust.watch.end	2	e	y	False	0.0	0.0	0.0	S		
4228	lshdar	1	0.004	1	lsh	d	ar	lsh:do.yield.respond	0	d	r	True	0.0	0.0	0.0	S		
4229	olchain	1	0.004	1	ol	ain		ol:adjust.watch.yield.iterate.bind	0	c	n	True	0.0	0.0	0.0	S		
4230	pom	1	0.004	1	po	m		po:final	0	m	m	True	1.0	1.0	0.0	S		
4231	keedas	1	0.004	1	ke	eda	s	ke:cool.do.yield.sequence	1	e	s	False	0.0	0.0	0.0	S		
4232	shkeor	1	0.004	1	sh	ke	or	sh:heat.cool.arrange.respond	1	k	r	False	0.0	0.0	0.0	S		
4233	qokeeiin	1	0.004	1	qo	kee	iin	qo:heat.cool.cool.iterate.iterate.bind	2	k	n	False	0.0	0.0	0.0	S		
4234	palkeedy	1	0.004	1	al	kee	dy	[p]al:heat.cool.cool.do.end	2	k	y	False	0.0	1.0	0.0	S		
4235	qopal	1	0.004	1	qo	p	al	qo:pause.yield.state	0	p	l	True	0.0	0.0	0.0	S		
4236	yteokar	1	0.004	1	te	ok	ar	[y]te:arrange.heat.yield.respond	0	o	r	False	0.0	0.0	0.0	S		
4237	ogom	1	0.004	1		og	om	arrange.?.arrange.final	0	o	m	False	0.0	0.0	1.0	S		
4238	yshesy	1	0.004	1	sh	es	y	[y]sh:cool.sequence.end	1	e	y	False	0.0	1.0	0.0	S		
4239	oraryteop	1	0.004	1	or	aryteop		or:yield.respond.end.transfer.cool.arrange.pause	1	a	p	False	0.0	0.0	1.0	S		
4240	oteeg	1	0.004	1	ot	ee	g	ot:cool.cool.?	2	e	g	False	0.0	0.0	1.0	S		
4241	qokaekeeey	1	0.004	1	qo	kaekeee	y	qo:heat.yield.cool.heat.cool.cool.cool.end	3	k	y	False	0.0	0.0	0.0	S		
4242	okaeechey	1	0.004	1	ok	aeeche	y	ok:yield.cool.cool.adjust.watch.cool.end	2	a	y	False	0.0	0.0	0.0	S		
4243	alair	1	0.004	1	al	ai	r	al:yield.iterate.respond	0	a	r	False	0.0	0.0	0.0	S		
4244	keeoal	1	0.004	1	ke	eo	al	ke:cool.arrange.yield.state	1	e	l	False	1.0	1.0	0.0	S		
4245	chool	1	0.004	1	ch	ool		ch:arrange.arrange.state	0	o	l	False	0.0	0.0	0.0	S		
4246	otalair	1	0.004	1	ot	alai	r	ot:yield.state.yield.iterate.respond	0	a	r	False	0.0	0.0	0.0	S		
4247	fcheol	1	0.004	1	fch	e	ol	fch:cool.arrange.state	1	e	l	False	0.0	0.0	0.0	S		
4248	oeeeody	1	0.004	1		oeeeo	dy	arrange.cool.cool.cool.arrange.do.end	3	o	y	False	0.0	0.0	0.0	S		
4249	cheeoldy	1	0.004	1	ch	eeol	dy	ch:cool.cool.arrange.state.do.end	2	e	y	False	0.0	0.0	1.0	S		
4250	cheaikhy	1	0.004	1	ch	eaikh	y	ch:cool.yield.iterate.heat.watch.end	1	e	y	False	0.0	0.0	1.0	S		
4251	pcheokeey	1	0.004	1	pch	eokee	y	pch:cool.arrange.heat.cool.cool.end	2	e	y	False	1.0	1.0	0.0	S		
4252	oeeeky	1	0.004	1		oeeek	y	arrange.cool.cool.cool.heat.end	3	o	y	False	0.0	0.0	0.0	S		
4253	oeesaiin	1	0.004	1		oees	aiin	arrange.cool.cool.sequence.yield.iterate.iterate.bind	2	o	n	False	0.0	0.0	0.0	S		
4254	opchdar	1	0.004	1		opchd	ar	arrange.pause.adjust.watch.do.yield.respond	0	o	r	False	0.0	0.0	0.0	S		
4255	ocheor	1	0.004	1		oche	or	arrange.adjust.watch.cool.arrange.respond	1	o	r	False	0.0	1.0	0.0	S		
4256	chekaiiin	1	0.004	1	ch	ekai	iin	ch:cool.heat.yield.iterate.iterate.iterate.bind	1	e	n	False	0.0	0.0	1.0	S		
4257	iiin	1	0.004	1		i	iin	iterate.iterate.iterate.bind	0	i	n	True	0.0	0.0	0.0	S		
4258	ochos	1	0.004	1		ocho	s	arrange.adjust.watch.arrange.sequence	0	o	s	False	0.0	0.0	0.0	S		
4259	olkeedain	1	0.004	1	ol	keed	ain	ol:heat.cool.cool.do.yield.iterate.bind	2	k	n	False	0.0	0.0	0.0	S		
4260	qochaiin	1	0.004	1	qo	aiin		qo:adjust.watch.yield.iterate.iterate.bind	0	c	n	True	0.0	0.0	0.0	S		
4261	dcheoty	1	0.004	1	dch	eot	y	dch:cool.arrange.transfer.end	1	e	y	False	0.0	1.0	0.0	S		
4262	cheeir	1	0.004	1	ch	eei	r	ch:cool.cool.iterate.respond	2	e	r	False	0.0	0.0	0.0	S		
4263	chykeedy	1	0.004	1	ch	ykee	dy	ch:end.heat.cool.cool.do.end	2	y	y	True	0.0	0.0	0.0	S		
4264	otaldal	1	0.004	1	ot	ald	al	ot:yield.state.do.yield.state	0	a	l	False	0.0	0.0	1.0	S		
4265	chalor	1	0.004	1	ch	al	or	ch:yield.state.arrange.respond	0	a	r	False	0.0	0.0	1.0	S		
4266	pchoraiin	1	0.004	1	pch	or	aiin	pch:arrange.respond.yield.iterate.iterate.bind	0	o	n	False	1.0	1.0	0.0	S		
4267	chocthedy	1	0.004	1	ch	octhe	dy	ch:arrange.adjust.transfer.watch.cool.do.end	1	o	y	False	0.0	0.0	0.0	S		
4268	sairal	1	0.004	1	sa	ir	al	sa:iterate.respond.yield.state	0	i	l	True	0.0	0.0	1.0	S		
4269	eeedeed	1	0.004	1		eeedeed		cool.cool.cool.do.cool.cool.do	3	e	d	False	0.0	0.0	0.0	S		
4270	qoteosam	1	0.004	1	qo	teos	am	qo:transfer.cool.arrange.sequence.yield.final	1	t	m	False	0.0	0.0	0.0	S		
4271	keeeody	1	0.004	1	ke	eeo	dy	ke:cool.cool.arrange.do.end	2	e	y	False	0.0	0.0	0.0	S		
4272	qoeekain	1	0.004	1	qo	eek	ain	qo:cool.cool.heat.yield.iterate.bind	2	e	n	False	0.0	0.0	0.0	S		
4273	okeedey	1	0.004	1	ok	eede	y	ok:cool.cool.do.cool.end	2	e	y	False	0.0	0.0	0.0	S		
4274	sheedar	1	0.004	1	sh	eed	ar	sh:cool.cool.do.yield.respond	2	e	r	False	0.0	0.0	0.0	S		
4275	opcheeo	1	0.004	1		opcheeo		arrange.pause.adjust.watch.cool.cool.arrange	2	o	o	False	0.0	0.0	0.0	S		
4276	raify	1	0.004	1		raif	y	respond.yield.iterate.flag.end	0	r	y	True	0.0	0.0	1.0	S		
4277	pched	1	0.004	1	pch	ed		pch:cool.do	1	e	d	False	0.0	1.0	0.0	S		
4278	tchede	1	0.004	1	tch	ede		tch:cool.do.cool	1	e	e	False	1.0	1.0	0.0	S		
4279	shedaiiin	1	0.004	1	sh	edai	iin	sh:cool.do.yield.iterate.iterate.iterate.bind	1	e	n	False	0.0	0.0	0.0	S		
4280	sa	1	0.004	1		sa		sequence.yield	0	s	a	True	0.0	1.0	0.0	S		
4281	teodarody	1	0.004	1	te	odaro	dy	te:arrange.do.yield.respond.arrange.do.end	0	o	y	False	1.0	1.0	0.0	S		
4282	opcheed	1	0.004	1		opcheed		arrange.pause.adjust.watch.cool.cool.do	2	o	d	False	0.0	0.0	0.0	S		
4283	chcthd	1	0.004	1	ch	cthd		ch:adjust.transfer.watch.do	0	c	d	True	0.0	0.0	1.0	S		
4284	cheolchal	1	0.004	1	ch	eolch	al	ch:cool.arrange.state.adjust.watch.yield.state	1	e	l	False	0.0	0.0	0.0	S		
4285	cheolor	1	0.004	1	ch	eol	or	ch:cool.arrange.state.arrange.respond	1	e	r	False	0.0	0.0	0.0	S		
4286	chotshe	1	0.004	1	ch	otshe		ch:arrange.transfer.sequence.watch.cool	1	o	e	False	0.0	0.0	0.0	S		
4287	otaray	1	0.004	1	ot	ara	y	ot:yield.respond.yield.end	0	a	y	False	0.0	0.0	0.0	S		
4288	ooeeor	1	0.004	1		ooee	or	arrange.arrange.cool.cool.arrange.respond	2	o	r	False	0.0	1.0	0.0	S		
4289	famom	1	0.004	1		fam	om	flag.yield.final.arrange.final	0	f	m	True	0.0	0.0	1.0	S		
4290	qokchal	1	0.004	1	qo	kch	al	qo:heat.adjust.watch.yield.state	0	k	l	False	0.0	1.0	0.0	S		
4291	opalchdy	1	0.004	1		opalch	dy	arrange.pause.yield.state.adjust.watch.do.end	0	o	y	False	0.0	0.0	0.0	S		
4292	alpchdy	1	0.004	1	al	pch	dy	al:pause.adjust.watch.do.end	0	p	y	True	0.0	0.0	1.0	S		
4293	kamdam	1	0.004	1	ka	md	am	ka:final.do.yield.final	0	m	m	True	0.0	0.0	1.0	S		
4294	eotar	1	0.004	1		eot	ar	cool.arrange.transfer.yield.respond	1	e	r	False	0.0	1.0	0.0	S		
4295	pchesfchy	1	0.004	1	pch	esfch	y	pch:cool.sequence.flag.adjust.watch.end	1	e	y	False	1.0	1.0	0.0	S		
4296	ypcheedy	1	0.004	1	pch	ee	dy	[y]pch:cool.cool.do.end	2	e	y	False	0.0	0.0	0.0	S		
4297	qopchedaiin	1	0.004	1	qo	pched	aiin	qo:pause.adjust.watch.cool.do.yield.iterate.iterate.bind	1	p	n	True	0.0	0.0	0.0	S		
4298	lkchy	1	0.004	1	lk	y		lk:adjust.watch.end	0	c	y	True	0.0	0.0	0.0	S		
4299	otchechy	1	0.004	1	ot	ech	y	ot:adjust.watch.cool.adjust.watch.end	1	c	y	True	0.0	0.0	0.0	S		
4300	okeorl	1	0.004	1	ok	eor	l	ok:cool.arrange.respond.state	1	e	l	False	0.0	0.0	0.0	S		
4301	shchs	1	0.004	1	sh	s		sh:adjust.watch.sequence	0	c	s	True	0.0	1.0	0.0	S		
4302	oteeosy	1	0.004	1	ot	eeos	y	ot:cool.cool.arrange.sequence.end	2	e	y	False	0.0	0.0	1.0	S		
4303	kcheeos	1	0.004	1	kch	eeo	s	kch:cool.cool.arrange.sequence	2	e	s	False	1.0	1.0	0.0	S		
4304	shoaiin	1	0.004	1	sh	o	aiin	sh:arrange.yield.iterate.iterate.bind	0	o	n	False	0.0	0.0	0.0	S		
4305	chckhody	1	0.004	1	ch	ckho	dy	ch:adjust.heat.watch.arrange.do.end	0	c	y	True	0.0	0.0	0.0	S		
4306	alog	1	0.004	1	al	o	g	al:arrange.?	0	o	g	False	0.0	0.0	1.0	S		
4307	ycheeckhy	1	0.004	1	ch	eeckh	y	[y]ch:cool.cool.adjust.heat.watch.end	2	e	y	False	0.0	1.0	0.0	S		
4308	chdo	1	0.004	1	ch	do		ch:do.arrange	0	d	o	True	0.0	0.0	0.0	S		
4309	alchl	1	0.004	1	al	l		al:adjust.watch.state	0	c	l	True	0.0	0.0	0.0	S		
4310	sokal	1	0.004	1	so	k	al	so:heat.yield.state	0	k	l	False	0.0	0.0	0.0	S		
4311	pchosos	1	0.004	1	pch	oso	s	pch:arrange.sequence.arrange.sequence	0	o	s	False	1.0	1.0	0.0	S		
4312	rchsy	1	0.004	1	rch	s	y	rch:sequence.end	0	s	y	True	0.0	0.0	0.0	S		
4313	chykeor	1	0.004	1	ch	yke	or	ch:end.heat.cool.arrange.respond	1	y	r	True	0.0	0.0	0.0	S		
4314	le	1	0.004	1		le		state.cool	1	l	e	True	0.0	0.0	0.0	S		
4315	qoteoor	1	0.004	1	qo	teo	or	qo:transfer.cool.arrange.arrange.respond	1	t	r	False	0.0	0.0	0.0	S		
4316	otom	1	0.004	1	ot	om		ot:arrange.final	0	o	m	False	0.0	0.0	0.0	S		
4317	okecheey	1	0.004	1	ok	echee	y	ok:cool.adjust.watch.cool.cool.end	2	e	y	False	0.0	0.0	0.0	S		
4318	shoo	1	0.004	1	sh	oo		sh:arrange.arrange	0	o	o	False	0.0	0.0	0.0	S		
4319	keeeol	1	0.004	1	ke	ee	ol	ke:cool.cool.arrange.state	2	e	l	False	0.0	0.0	0.0	S		
4320	liiram	1	0.004	1		liir	am	state.iterate.iterate.respond.yield.final	0	l	m	True	0.0	0.0	1.0	S		
4321	yshoain	1	0.004	1	sh	o	ain	[y]sh:arrange.yield.iterate.bind	0	o	n	False	0.0	1.0	0.0	S		
4322	lkeeoar	1	0.004	1	lk	eeo	ar	lk:cool.cool.arrange.yield.respond	2	e	r	False	0.0	0.0	0.0	S		
4323	folchor	1	0.004	1	ol	or		[f]ol:adjust.watch.arrange.respond	0	c	r	True	1.0	1.0	0.0	S		
4324	lkeches	1	0.004	1	lk	eche	s	lk:cool.adjust.watch.cool.sequence	1	e	s	False	0.0	0.0	0.0	S		
4325	lkcheol	1	0.004	1	lk	e	ol	lk:adjust.watch.cool.arrange.state	1	c	l	True	0.0	0.0	0.0	S		
4326	kotchy	1	0.004	1	ko	tch	y	ko:transfer.adjust.watch.end	0	t	y	False	0.0	0.0	0.0	S		
4327	qoksheoy	1	0.004	1	qo	ksheo	y	qo:heat.sequence.watch.cool.arrange.end	1	k	y	False	0.0	0.0	0.0	S		
4328	qokcheody	1	0.004	1	qo	kcheo	dy	qo:heat.adjust.watch.cool.arrange.do.end	1	k	y	False	0.0	0.0	0.0	S		
4329	chaiiin	1	0.004	1	ch	ai	iin	ch:yield.iterate.iterate.iterate.bind	0	a	n	False	0.0	0.0	1.0	S		
4330	pcheoor	1	0.004	1	pch	eo	or	pch:cool.arrange.arrange.respond	1	e	r	False	1.0	1.0	0.0	S		
4331	chcfhor	1	0.004	1	ch	cfh	or	ch:adjust.flag.watch.arrange.respond	0	c	r	True	0.0	0.0	0.0	S		
4332	chepchar	1	0.004	1	ch	epch	ar	ch:cool.pause.adjust.watch.yield.respond	1	e	r	False	0.0	0.0	1.0	S		
4333	qokcheey	1	0.004	1	qo	kchee	y	qo:heat.adjust.watch.cool.cool.end	2	k	y	False	0.0	0.0	0.0	S		
4334	yhal	1	0.004	1		yh	al	end.watch.yield.state	0	y	l	True	0.0	1.0	0.0	S		
4335	rlaiin	1	0.004	1		rl	aiin	respond.state.yield.iterate.iterate.bind	0	r	n	True	0.0	0.0	0.0	S		
4336	kshoraiin	1	0.004	1	sh	or	aiin	[k]sh:arrange.respond.yield.iterate.iterate.bind	0	o	n	False	1.0	1.0	0.0	S		
4337	shoteol	1	0.004	1	sh	ote	ol	sh:arrange.transfer.cool.arrange.state	1	o	l	False	0.0	0.0	0.0	S		
4338	lklcheol	1	0.004	1	lk	lche	ol	lk:state.adjust.watch.cool.arrange.state	1	l	l	True	0.0	0.0	0.0	S		
4339	cphoithy	1	0.004	1		cphoith	y	adjust.pause.watch.arrange.iterate.transfer.watch.end	0	c	y	True	0.0	0.0	0.0	S		
4340	ckhydy	1	0.004	1		ckhy	dy	adjust.heat.watch.end.do.end	0	c	y	True	0.0	0.0	1.0	S		
4341	shedair	1	0.004	1	sh	edai	r	sh:cool.do.yield.iterate.respond	1	e	r	False	0.0	0.0	0.0	S		
4342	shaiiin	1	0.004	1	sh	ai	iin	sh:yield.iterate.iterate.iterate.bind	0	a	n	False	0.0	0.0	0.0	S		
4343	lohor	1	0.004	1		loh	or	state.arrange.watch.arrange.respond	0	l	r	True	0.0	0.0	0.0	S		
4344	tchoar	1	0.004	1	tch	o	ar	tch:arrange.yield.respond	0	o	r	False	1.0	1.0	0.0	S		
4345	sheeodaiin	1	0.004	1	sh	eeod	aiin	sh:cool.cool.arrange.do.yield.iterate.iterate.bind	2	e	n	False	0.0	0.0	0.0	S		
4346	qopam	1	0.004	1	qo	p	am	qo:pause.yield.final	0	p	m	True	0.0	0.0	1.0	S		
4347	ykeoeshy	1	0.004	1	yk	eoesh	y	yk:cool.arrange.cool.sequence.watch.end	1	e	y	False	0.0	1.0	0.0	S		
4348	kiin	1	0.004	1		k	iin	heat.iterate.iterate.bind	0	k	n	False	0.0	0.0	0.0	S		
4349	lkchor	1	0.004	1	lk	or		lk:adjust.watch.arrange.respond	0	c	r	True	0.0	0.0	0.0	S		
4350	chopchey	1	0.004	1	ch	opche	y	ch:arrange.pause.adjust.watch.cool.end	1	o	y	False	0.0	0.0	0.0	S		
4351	pchodair	1	0.004	1	pch	odai	r	pch:arrange.do.yield.iterate.respond	0	o	r	False	1.0	1.0	0.0	S		
4352	shotedy	1	0.004	1	sh	ote	dy	sh:arrange.transfer.cool.do.end	1	o	y	False	0.0	0.0	0.0	S		
4353	qopchody	1	0.004	1	qo	pcho	dy	qo:pause.adjust.watch.arrange.do.end	0	p	y	True	0.0	0.0	0.0	S		
4354	chfchol	1	0.004	1	ch	fch	ol	ch:flag.adjust.watch.arrange.state	0	f	l	True	0.0	0.0	0.0	S		
4355	kchdaiin	1	0.004	1	kch	d	aiin	kch:do.yield.iterate.iterate.bind	0	d	n	True	0.0	0.0	0.0	S		
4356	chpchshdy	1	0.004	1	ch	pchsh	dy	ch:pause.adjust.watch.sequence.watch.do.end	0	p	y	True	0.0	0.0	0.0	S		
4357	cheshy	1	0.004	1	ch	esh	y	ch:cool.sequence.watch.end	1	e	y	False	0.0	0.0	0.0	S		
4358	lchod	1	0.004	1	lch	od		lch:arrange.do	0	o	d	False	0.0	0.0	0.0	S		
4359	loaiin	1	0.004	1		lo	aiin	state.arrange.yield.iterate.iterate.bind	0	l	n	True	0.0	0.0	0.0	S		
4360	yraiin	1	0.004	1		yr	aiin	end.respond.yield.iterate.iterate.bind	0	y	n	True	0.0	0.0	0.0	S		
4361	akchy	1	0.004	1		akch	y	yield.heat.adjust.watch.end	0	a	y	False	0.0	0.0	0.0	S		
4362	cheeeo	1	0.004	1	ch	eeeo		ch:cool.cool.cool.arrange	3	e	o	False	0.0	0.0	0.0	S		
4363	otiiin	1	0.004	1	ot	i	iin	ot:iterate.iterate.iterate.bind	0	i	n	True	0.0	0.0	0.0	S		
4364	lcholkaiin	1	0.004	1	lch	olk	aiin	lch:arrange.state.heat.yield.iterate.iterate.bind	0	o	n	False	0.0	0.0	0.0	S		
4365	ysheeoaiin	1	0.004	1	sh	eeo	aiin	[y]sh:cool.cool.arrange.yield.iterate.iterate.bind	2	e	n	False	0.0	1.0	0.0	S		
4366	alkeeol	1	0.004	1	al	kee	ol	al:heat.cool.cool.arrange.state	2	k	l	False	0.0	0.0	0.0	S		
4367	chtchol	1	0.004	1	ch	tch	ol	ch:transfer.adjust.watch.arrange.state	0	t	l	False	0.0	0.0	0.0	S		
4368	folchear	1	0.004	1	ol	e	ar	[f]ol:adjust.watch.cool.yield.respond	1	c	r	True	1.0	1.0	0.0	S		
4369	qchar	1	0.004	1		qch	ar	?.adjust.watch.yield.respond	0	q	r	True	0.0	0.0	0.0	S		
4370	ckhar	1	0.004	1		ckh	ar	adjust.heat.watch.yield.respond	0	c	r	True	0.0	0.0	0.0	S		
4371	okhar	1	0.004	1	ok	h	ar	ok:watch.yield.respond	0	h	r	True	0.0	0.0	0.0	S		
4372	chakain	1	0.004	1	ch	ak	ain	ch:yield.heat.yield.iterate.bind	0	a	n	False	0.0	0.0	0.0	S		
4373	chcthal	1	0.004	1	ch	cth	al	ch:adjust.transfer.watch.yield.state	0	c	l	True	0.0	0.0	0.0	S		
4374	cphoal	1	0.004	1		cpho	al	adjust.pause.watch.arrange.yield.state	0	c	l	True	0.0	0.0	0.0	S		
4375	ykeeor	1	0.004	1	yk	ee	or	yk:cool.cool.arrange.respond	2	e	r	False	0.0	1.0	0.0	S		
4376	palshsar	1	0.004	1	al	s	ar	[p]al:sequence.watch.sequence.yield.respond	0	s	r	True	1.0	1.0	0.0	S		
4377	lshdaiin	1	0.004	1	lsh	d	aiin	lsh:do.yield.iterate.iterate.bind	0	d	n	True	0.0	0.0	0.0	S		
4378	otshsaiin	1	0.004	1	ot	s	aiin	ot:sequence.watch.sequence.yield.iterate.iterate.bind	0	s	n	True	0.0	0.0	0.0	S		
4379	qopchear	1	0.004	1	qo	pche	ar	qo:pause.adjust.watch.cool.yield.respond	1	p	r	True	0.0	0.0	0.0	S		
4380	yshs	1	0.004	1	sh	s		[y]sh:sequence	0	s	s	True	0.0	1.0	0.0	S		
4381	lkeeos	1	0.004	1	lk	eeo	s	lk:cool.cool.arrange.sequence	2	e	s	False	0.0	0.0	0.0	S		
4382	qokeees	1	0.004	1	qo	keee	s	qo:heat.cool.cool.cool.sequence	3	k	s	False	0.0	0.0	0.0	S		
4383	qosain	1	0.004	1	qo	s	ain	qo:sequence.yield.iterate.bind	0	s	n	True	0.0	0.0	1.0	S		
4384	sheocphy	1	0.004	1	sh	eocph	y	sh:cool.arrange.adjust.pause.watch.end	1	e	y	False	0.0	0.0	0.0	S		
4385	opchear	1	0.004	1		opche	ar	arrange.pause.adjust.watch.cool.yield.respond	1	o	r	False	0.0	0.0	0.0	S		
4386	pcheockhy	1	0.004	1	pch	eockh	y	pch:cool.arrange.adjust.heat.watch.end	1	e	y	False	1.0	1.0	0.0	S		
4387	qofsheeey	1	0.004	1	qo	fsheee	y	qo:flag.sequence.watch.cool.cool.cool.end	3	f	y	True	0.0	0.0	0.0	S		
4388	kcheodaiin	1	0.004	1	kch	eod	aiin	kch:cool.arrange.do.yield.iterate.iterate.bind	1	e	n	False	0.0	0.0	0.0	S		
4389	qopoeey	1	0.004	1	qo	poee	y	qo:pause.arrange.cool.cool.end	2	p	y	True	0.0	0.0	0.0	S		
4390	pokeey	1	0.004	1	po	kee	y	po:heat.cool.cool.end	2	k	y	False	0.0	0.0	0.0	S		
4391	cheokeol	1	0.004	1	ch	eoke	ol	ch:cool.arrange.heat.cool.arrange.state	1	e	l	False	0.0	0.0	0.0	S		
4392	chcheey	1	0.004	1	ch	ee	y	ch:adjust.watch.cool.cool.end	2	c	y	True	0.0	0.0	0.0	S		
4393	cthes	1	0.004	1	ct	he	s	ct:watch.cool.sequence	1	h	s	True	0.0	0.0	0.0	S		
4394	ctharad	1	0.004	1	ct	harad		ct:watch.yield.respond.yield.do	0	h	d	True	0.0	0.0	0.0	S		
4395	taram	1	0.004	1	ta	r	am	ta:respond.yield.final	0	r	m	True	0.0	0.0	1.0	S		
4396	lkeechey	1	0.004	1	lk	eeche	y	lk:cool.cool.adjust.watch.cool.end	2	e	y	False	0.0	0.0	0.0	S		
4397	qoees	1	0.004	1	qo	ee	s	qo:cool.cool.sequence	2	e	s	False	0.0	0.0	0.0	S		
4398	pcheodaiin	1	0.004	1	pch	eod	aiin	pch:cool.arrange.do.yield.iterate.iterate.bind	1	e	n	False	1.0	1.0	0.0	S		
4399	sholkeechy	1	0.004	1	sh	olkeech	y	sh:arrange.state.heat.cool.cool.adjust.watch.end	2	o	y	False	0.0	0.0	0.0	S		
4400	tcheor	1	0.004	1	tch	e	or	tch:cool.arrange.respond	1	e	r	False	0.0	0.0	0.0	S		
4401	ykcheor	1	0.004	1	yk	e	or	yk:adjust.watch.cool.arrange.respond	1	c	r	True	0.0	1.0	0.0	S		
4402	cseeod	1	0.004	1		cseeod		adjust.sequence.cool.cool.arrange.do	2	c	d	True	0.0	0.0	0.0	S		
4403	tchodairos	1	0.004	1	tch	odairo	s	tch:arrange.do.yield.iterate.respond.arrange.sequence	0	o	s	False	1.0	1.0	0.0	S		
4404	chtaiir	1	0.004	1	ch	taii	r	ch:transfer.yield.iterate.iterate.respond	0	t	r	False	0.0	0.0	0.0	S		
4405	cheokeeos	1	0.004	1	ch	eokeeo	s	ch:cool.arrange.heat.cool.cool.arrange.sequence	2	e	s	False	0.0	0.0	0.0	S		
4406	keechey	1	0.004	1	ke	eche	y	ke:cool.adjust.watch.cool.end	1	e	y	False	0.0	0.0	0.0	S		
4407	oriim	1	0.004	1	or	i	im	or:iterate.iterate.final	0	i	m	True	0.0	0.0	1.0	S		
4408	tchoarorshy	1	0.004	1	tch	oarorsh	y	tch:arrange.yield.respond.arrange.respond.sequence.watch.end	0	o	y	False	0.0	1.0	0.0	S		
4409	sheolkchy	1	0.004	1	sh	eolkch	y	sh:cool.arrange.state.heat.adjust.watch.end	1	e	y	False	0.0	0.0	0.0	S		
4410	ralchs	1	0.004	1	al	s		[r]al:adjust.watch.sequence	0	c	s	True	0.0	0.0	1.0	S		
4411	loary	1	0.004	1		loa	ry	state.arrange.yield.respond.end	0	l	y	True	0.0	0.0	1.0	S		
4412	folorarom	1	0.004	1	ol	orar	om	[f]ol:arrange.respond.yield.respond.arrange.final	0	o	m	False	1.0	1.0	0.0	S		
4413	qokeedody	1	0.004	1	qo	keedo	dy	qo:heat.cool.cool.do.arrange.do.end	2	k	y	False	0.0	0.0	0.0	S		
4414	cheykeeoy	1	0.004	1	ch	eykeeo	y	ch:cool.end.heat.cool.cool.arrange.end	2	e	y	False	0.0	0.0	0.0	S		
4415	chsamoky	1	0.004	1	ch	samok	y	ch:sequence.yield.final.arrange.heat.end	0	s	y	True	0.0	0.0	1.0	S		
4416	teoar	1	0.004	1	te	o	ar	te:arrange.yield.respond	0	o	r	False	0.0	1.0	0.0	S		
4417	otaiir	1	0.004	1	ot	aii	r	ot:yield.iterate.iterate.respond	0	a	r	False	0.0	0.0	0.0	S		
4418	cheyor	1	0.004	1	ch	ey	or	ch:cool.end.arrange.respond	1	e	r	False	0.0	0.0	1.0	S		
4419	okeeodar	1	0.004	1	ok	eeod	ar	ok:cool.cool.arrange.do.yield.respond	2	e	r	False	0.0	0.0	0.0	S		
4420	fchoctheody	1	0.004	1	fch	octheo	dy	fch:arrange.adjust.transfer.watch.cool.arrange.do.end	1	o	y	False	1.0	1.0	0.0	S		
4421	keeodar	1	0.004	1	ke	eod	ar	ke:cool.arrange.do.yield.respond	1	e	r	False	0.0	0.0	0.0	S		
4422	otl	1	0.004	1	ot	l		ot:state	0	l	l	True	0.0	0.0	0.0	S		
4423	aroshy	1	0.004	1	ar	osh	y	ar:arrange.sequence.watch.end	0	o	y	False	0.0	0.0	1.0	S		
4424	dcheos	1	0.004	1	dch	eo	s	dch:cool.arrange.sequence	1	e	s	False	0.0	1.0	0.0	S		
4425	rchchy	1	0.004	1	rch	y		rch:adjust.watch.end	0	c	y	True	0.0	0.0	0.0	S		
4426	qeeeear	1	0.004	1		qeeee	ar	?.cool.cool.cool.cool.yield.respond	4	q	r	True	0.0	0.0	0.0	S		
4427	oteesal	1	0.004	1	ot	ees	al	ot:cool.cool.sequence.yield.state	2	e	l	False	0.0	0.0	1.0	S		
4428	tcheolchy	1	0.004	1	tch	eolch	y	tch:cool.arrange.state.adjust.watch.end	1	e	y	False	0.0	1.0	0.0	S		
4429	cheodoiidaiin	1	0.004	1	ch	eodoiid	aiin	ch:cool.arrange.do.arrange.iterate.iterate.do.yield.iterate.iterate.bind	1	e	n	False	0.0	0.0	1.0	S		
4430	fcheshd	1	0.004	1	fch	eshd		fch:cool.sequence.watch.do	1	e	d	False	1.0	1.0	0.0	S		
4431	lchealaim	1	0.004	1	lch	eala	im	lch:cool.yield.state.yield.iterate.final	1	e	m	False	0.0	0.0	0.0	S		
4432	shockhol	1	0.004	1	sh	ockh	ol	sh:arrange.adjust.heat.watch.arrange.state	0	o	l	False	0.0	0.0	0.0	S		
4433	choltar	1	0.004	1	ch	olt	ar	ch:arrange.state.transfer.yield.respond	0	o	r	False	0.0	0.0	0.0	S		
4434	chokam	1	0.004	1	ch	ok	am	ch:arrange.heat.yield.final	0	o	m	False	0.0	0.0	0.0	S		
4435	chotair	1	0.004	1	ch	otai	r	ch:arrange.transfer.yield.iterate.respond	0	o	r	False	0.0	0.0	0.0	S		
4436	oko	1	0.004	1	ok	o		ok:arrange	0	o	o	False	0.0	0.0	0.0	S		
4437	otsheody	1	0.004	1	ot	eo	dy	ot:sequence.watch.cool.arrange.do.end	1	s	y	True	0.0	0.0	0.0	S		
4438	roral	1	0.004	1	or	al		[r]or:yield.state	0	a	l	False	0.0	0.0	0.0	S		
4439	fchee	1	0.004	1	fch	ee		fch:cool.cool	2	e	e	False	0.0	0.0	0.0	S		
4440	llor	1	0.004	1		ll	or	state.state.arrange.respond	0	l	r	True	0.0	0.0	1.0	S		
4441	okeshos	1	0.004	1	ok	esho	s	ok:cool.sequence.watch.arrange.sequence	1	e	s	False	0.0	0.0	0.0	S		
4442	oeky	1	0.004	1		oek	y	arrange.cool.heat.end	1	o	y	False	0.0	0.0	0.0	S		
4443	otcheedaiin	1	0.004	1	ot	eed	aiin	ot:adjust.watch.cool.cool.do.yield.iterate.iterate.bind	2	c	n	True	0.0	0.0	0.0	S		
4444	yteeeor	1	0.004	1	te	ee	or	[y]te:cool.cool.arrange.respond	2	e	r	False	0.0	0.0	1.0	S		
4445	pychdar	1	0.004	1		pychd	ar	pause.end.adjust.watch.do.yield.respond	0	p	r	True	1.0	1.0	0.0	S		
4446	tcheepchey	1	0.004	1	tch	eepche	y	tch:cool.cool.pause.adjust.watch.cool.end	2	e	y	False	0.0	0.0	0.0	S		
4447	lkeshdy	1	0.004	1	lk	esh	dy	lk:cool.sequence.watch.do.end	1	e	y	False	0.0	0.0	0.0	S		
4448	fchocthar	1	0.004	1	fch	octh	ar	fch:arrange.adjust.transfer.watch.yield.respond	0	o	r	False	0.0	0.0	0.0	S		
4449	okalched	1	0.004	1	ok	alched		ok:yield.state.adjust.watch.cool.do	1	a	d	False	0.0	0.0	0.0	S		
4450	qckham	1	0.004	1		qckh	am	?.adjust.heat.watch.yield.final	0	q	m	True	0.0	0.0	1.0	S		
4451	chpkcheos	1	0.004	1	ch	pkcheo	s	ch:pause.heat.adjust.watch.cool.arrange.sequence	1	p	s	True	0.0	0.0	0.0	S		
4452	aithchr	1	0.004	1		aithch	r	yield.iterate.transfer.watch.adjust.watch.respond	0	a	r	False	0.0	0.0	0.0	S		
4453	chokair	1	0.004	1	ch	okai	r	ch:arrange.heat.yield.iterate.respond	0	o	r	False	0.0	0.0	0.0	S		
4454	loar	1	0.004	1		lo	ar	state.arrange.yield.respond	0	l	r	True	0.0	0.0	0.0	S		
4455	tokary	1	0.004	1	to	ka	ry	to:heat.yield.respond.end	0	k	y	False	1.0	1.0	0.0	S		
4456	ycheeol	1	0.004	1	ch	ee	ol	[y]ch:cool.cool.arrange.state	2	e	l	False	0.0	1.0	0.0	S		
4457	osih	1	0.004	1		osih		arrange.sequence.iterate.watch	0	o	h	False	0.0	0.0	0.0	S		
4458	opheey	1	0.004	1		ophee	y	arrange.pause.watch.cool.cool.end	2	o	y	False	0.0	0.0	0.0	S		
4459	opcheody	1	0.004	1		opcheo	dy	arrange.pause.adjust.watch.cool.arrange.do.end	1	o	y	False	0.0	0.0	0.0	S		
4460	okalchdy	1	0.004	1	ok	alch	dy	ok:yield.state.adjust.watch.do.end	0	a	y	False	0.0	0.0	0.0	S		
4461	arald	1	0.004	1	ar	ald		ar:yield.state.do	0	a	d	False	0.0	0.0	1.0	S		
4462	otcham	1	0.004	1	ot	am		ot:adjust.watch.yield.final	0	c	m	True	0.0	0.0	1.0	S		
4463	teeoar	1	0.004	1	te	eo	ar	te:cool.arrange.yield.respond	1	e	r	False	0.0	0.0	0.0	S		
4464	araral	1	0.004	1	ar	ar	al	ar:yield.respond.yield.state	0	a	l	False	0.0	0.0	1.0	S		
4465	polsaisy	1	0.004	1	po	lsais	y	po:state.sequence.yield.iterate.sequence.end	0	l	y	True	1.0	1.0	0.0	S		
4466	opalor	1	0.004	1		opal	or	arrange.pause.yield.state.arrange.respond	0	o	r	False	0.0	0.0	0.0	S		
4467	lkch	1	0.004	1	lk	ch		lk:adjust.watch	0	c	h	True	0.0	0.0	0.0	S		
4468	ofchr	1	0.004	1		ofch	r	arrange.flag.adjust.watch.respond	0	o	r	False	0.0	0.0	1.0	S		
4469	cheaiin	1	0.004	1	ch	e	aiin	ch:cool.yield.iterate.iterate.bind	1	e	n	False	0.0	0.0	0.0	S		
4470	otecheedy	1	0.004	1	ot	echee	dy	ot:cool.adjust.watch.cool.cool.do.end	2	e	y	False	0.0	0.0	0.0	S		
4471	cheoram	1	0.004	1	ch	eor	am	ch:cool.arrange.respond.yield.final	1	e	m	False	0.0	0.0	1.0	S		
4472	ofaral	1	0.004	1		ofar	al	arrange.flag.yield.respond.yield.state	0	o	l	False	1.0	1.0	0.0	S		
4473	otcheypchedy	1	0.004	1	ot	eypche	dy	ot:adjust.watch.cool.end.pause.adjust.watch.cool.do.end	1	c	y	True	0.0	0.0	0.0	S		
4474	tsho	1	0.004	1	sh	o		[t]sh:arrange	0	o	o	False	0.0	0.0	0.0	S		
4475	lteam	1	0.004	1	te	am		[l]te:yield.final	0	a	m	False	0.0	0.0	1.0	S		
4476	airol	1	0.004	1		air	ol	yield.iterate.respond.arrange.state	0	a	l	False	0.0	0.0	0.0	S		
4477	teear	1	0.004	1	te	e	ar	te:cool.yield.respond	1	e	r	False	0.0	0.0	0.0	S		
4478	otorsheey	1	0.004	1	ot	orshee	y	ot:arrange.respond.sequence.watch.cool.cool.end	2	o	y	False	0.0	0.0	0.0	S		
4479	osheol	1	0.004	1		oshe	ol	arrange.sequence.watch.cool.arrange.state	1	o	l	False	0.0	1.0	0.0	S		
4480	aloiiin	1	0.004	1	al	oi	iin	al:arrange.iterate.iterate.iterate.bind	0	o	n	False	0.0	0.0	0.0	S		
4481	qoeeeey	1	0.004	1	qo	eeee	y	qo:cool.cool.cool.cool.end	4	e	y	False	0.0	0.0	0.0	S		
4482	otakeol	1	0.004	1	ot	ake	ol	ot:yield.heat.cool.arrange.state	1	a	l	False	0.0	0.0	0.0	S		
4483	lkeees	1	0.004	1	lk	eee	s	lk:cool.cool.cool.sequence	3	e	s	False	0.0	0.0	0.0	S		
4484	okeeeody	1	0.004	1	ok	eeeo	dy	ok:cool.cool.cool.arrange.do.end	3	e	y	False	0.0	0.0	0.0	S		
4485	lsar	1	0.004	1	sa	r		[l]sa:respond	0	r	r	True	0.0	0.0	0.0	S		
4486	ota	1	0.004	1	ot	a		ot:yield	0	a	a	False	0.0	0.0	0.0	S		
4487	akal	1	0.004	1		ak	al	yield.heat.yield.state	0	a	l	False	0.0	0.0	0.0	S		
4488	teeo	1	0.004	1	te	eo		te:cool.arrange	1	e	o	False	0.0	0.0	0.0	S		
4489	tchedol	1	0.004	1	tch	ed	ol	tch:cool.do.arrange.state	1	e	l	False	1.0	1.0	0.0	S		
4490	doiros	1	0.004	1	do	iro	s	do:iterate.respond.arrange.sequence	0	i	s	True	0.0	0.0	0.0	S		
4491	yteeed	1	0.004	1	te	eed		[y]te:cool.cool.do	2	e	d	False	0.0	0.0	0.0	S		
4492	oteeodl	1	0.004	1	ot	eeod	l	ot:cool.cool.arrange.do.state	2	e	l	False	0.0	0.0	0.0	S		
4493	deedar	1	0.004	1	de	ed	ar	de:cool.do.yield.respond	1	e	r	False	0.0	1.0	0.0	S		
4494	qoteeddy	1	0.004	1	qo	teed	dy	qo:transfer.cool.cool.do.do.end	2	t	y	False	0.0	0.0	0.0	S		
4495	okoeey	1	0.004	1	ok	oee	y	ok:arrange.cool.cool.end	2	o	y	False	0.0	0.0	0.0	S		
4496	keeed	1	0.004	1	ke	eed		ke:cool.cool.do	2	e	d	False	0.0	0.0	0.0	S		
4497	lkeeedam	1	0.004	1	lk	eeed	am	lk:cool.cool.cool.do.yield.final	3	e	m	False	0.0	0.0	1.0	S		
4498	fdeechdy	1	0.004	1	de	ech	dy	[f]de:cool.adjust.watch.do.end	1	e	y	False	1.0	1.0	0.0	S		
4499	ochedal	1	0.004	1		oched	al	arrange.adjust.watch.cool.do.yield.state	1	o	l	False	0.0	0.0	1.0	S		
4500	dchdas	1	0.004	1	dch	da	s	dch:do.yield.sequence	0	d	s	True	0.0	0.0	0.0	S		
4501	eedol	1	0.004	1		eed	ol	cool.cool.do.arrange.state	2	e	l	False	0.0	0.0	0.0	S		
4502	dkchs	1	0.004	1	kch	s		[d]kch:sequence	0	s	s	True	0.0	0.0	0.0	S		
4503	okchedaiin	1	0.004	1	ok	ed	aiin	ok:adjust.watch.cool.do.yield.iterate.iterate.bind	1	c	n	True	0.0	0.0	0.0	S		
4504	fchey	1	0.004	1	fch	e	y	fch:cool.end	1	e	y	False	0.0	1.0	0.0	S		
4505	qokeedaiin	1	0.004	1	qo	keed	aiin	qo:heat.cool.cool.do.yield.iterate.iterate.bind	2	k	n	False	0.0	0.0	0.0	S		
4506	otairar	1	0.004	1	ot	air	ar	ot:yield.iterate.respond.yield.respond	0	a	r	False	0.0	0.0	0.0	S		
4507	ofchedaiis	1	0.004	1		ofchedaii	s	arrange.flag.adjust.watch.cool.do.yield.iterate.iterate.sequence	1	o	s	False	0.0	0.0	0.0	S		
4508	ocphy	1	0.004	1		ocph	y	arrange.adjust.pause.watch.end	0	o	y	False	0.0	0.0	1.0	S		
4509	dcheod	1	0.004	1	dch	eod		dch:cool.arrange.do	1	e	d	False	0.0	1.0	0.0	S		
4510	chdairod	1	0.004	1	ch	dairod		ch:do.yield.iterate.respond.arrange.do	0	d	d	True	0.0	0.0	0.0	S		
4511	orold	1	0.004	1	or	old		or:arrange.state.do	0	o	d	False	0.0	0.0	1.0	S		
4512	chdodaiin	1	0.004	1	ch	dod	aiin	ch:do.arrange.do.yield.iterate.iterate.bind	0	d	n	True	0.0	0.0	0.0	S		
4513	qoedeey	1	0.004	1	qo	edee	y	qo:cool.do.cool.cool.end	2	e	y	False	0.0	0.0	0.0	S		
4514	chedalos	1	0.004	1	ch	edalo	s	ch:cool.do.yield.state.arrange.sequence	1	e	s	False	0.0	0.0	1.0	S		
4515	dalchy	1	0.004	1	da	lch	y	da:state.adjust.watch.end	0	l	y	True	1.0	1.0	0.0	S		
4516	kolky	1	0.004	1	ko	lk	y	ko:state.heat.end	0	l	y	True	0.0	0.0	0.0	S		
4517	tolpchy	1	0.004	1	to	lpch	y	to:state.pause.adjust.watch.end	0	l	y	True	0.0	0.0	0.0	S		
4518	doiiin	1	0.004	1	do	i	iin	do:iterate.iterate.iterate.bind	0	i	n	True	0.0	0.0	0.0	S		
4519	chocfhdy	1	0.004	1	ch	ocfh	dy	ch:arrange.adjust.flag.watch.do.end	0	o	y	False	0.0	0.0	0.0	S		
4520	opailo	1	0.004	1		opailo		arrange.pause.yield.iterate.state.arrange	0	o	o	False	0.0	0.0	1.0	S		
4521	ykcheshd	1	0.004	1	yk	eshd		yk:adjust.watch.cool.sequence.watch.do	1	c	d	True	0.0	1.0	0.0	S		
4522	teos	1	0.004	1	te	o	s	te:arrange.sequence	0	o	s	False	0.0	0.0	0.0	S		
4523	lair	1	0.004	1		lai	r	state.yield.iterate.respond	0	l	r	True	0.0	0.0	0.0	S		
4524	otchedair	1	0.004	1	ot	edai	r	ot:adjust.watch.cool.do.yield.iterate.respond	1	c	r	True	0.0	0.0	0.0	S		
4525	solpchd	1	0.004	1	so	lpchd		so:state.pause.adjust.watch.do	0	l	d	True	1.0	1.0	0.0	S		
4526	qopdain	1	0.004	1	qo	pd	ain	qo:pause.do.yield.iterate.bind	0	p	n	True	0.0	0.0	0.0	S		
4527	opdairody	1	0.004	1		opdairo	dy	arrange.pause.do.yield.iterate.respond.arrange.do.end	0	o	y	False	0.0	0.0	0.0	S		
4528	opdaildo	1	0.004	1		opdaildo		arrange.pause.do.yield.iterate.state.do.arrange	0	o	o	False	0.0	0.0	0.0	S		
4529	okod	1	0.004	1	ok	od		ok:arrange.do	0	o	d	False	0.0	0.0	0.0	S		
4530	qokolkchdy	1	0.004	1	qo	kolkch	dy	qo:heat.arrange.state.heat.adjust.watch.do.end	0	k	y	False	0.0	0.0	0.0	S		
4531	cheoal	1	0.004	1	ch	eo	al	ch:cool.arrange.yield.state	1	e	l	False	0.0	1.0	0.0	S		
4532	chekor	1	0.004	1	ch	ek	or	ch:cool.heat.arrange.respond	1	e	r	False	0.0	0.0	0.0	S		
4533	qokeeodaiin	1	0.004	1	qo	keeod	aiin	qo:heat.cool.cool.arrange.do.yield.iterate.iterate.bind	2	k	n	False	0.0	0.0	0.0	S		
4534	octhd	1	0.004	1		octhd		arrange.adjust.transfer.watch.do	0	o	d	False	0.0	0.0	0.0	S		
4535	akaiin	1	0.004	1		ak	aiin	yield.heat.yield.iterate.iterate.bind	0	a	n	False	0.0	0.0	0.0	S		
4536	lcheos	1	0.004	1	lch	eo	s	lch:cool.arrange.sequence	1	e	s	False	0.0	1.0	0.0	S		
4537	cheodeeey	1	0.004	1	ch	eodeee	y	ch:cool.arrange.do.cool.cool.cool.end	3	e	y	False	0.0	0.0	0.0	S		
4538	daildain	1	0.004	1	da	ild	ain	da:iterate.state.do.yield.iterate.bind	0	i	n	True	0.0	0.0	1.0	S		
4539	pairody	1	0.004	1		pairo	dy	pause.yield.iterate.respond.arrange.do.end	0	p	y	True	1.0	1.0	0.0	S		
4540	ofchedaiin	1	0.004	1		ofched	aiin	arrange.flag.adjust.watch.cool.do.yield.iterate.iterate.bind	1	o	n	False	0.0	0.0	0.0	S		
4541	lchedo	1	0.004	1	lch	edo		lch:cool.do.arrange	1	e	o	False	0.0	0.0	0.0	S		
4542	dkair	1	0.004	1	ka	i	r	[d]ka:iterate.respond	0	i	r	True	0.0	0.0	1.0	S		
4543	tchedair	1	0.004	1	tch	edai	r	tch:cool.do.yield.iterate.respond	1	e	r	False	0.0	1.0	0.0	S		
4544	qopeedy	1	0.004	1	qo	pee	dy	qo:pause.cool.cool.do.end	2	p	y	True	0.0	0.0	0.0	S		
4545	chdypdaiin	1	0.004	1	ch	dypd	aiin	ch:do.end.pause.do.yield.iterate.iterate.bind	0	d	n	True	0.0	0.0	0.0	S		
4546	qokairolchdy	1	0.004	1	qo	kairolch	dy	qo:heat.yield.iterate.respond.arrange.state.adjust.watch.do.end	0	k	y	False	0.0	0.0	0.0	S		
4547	rodeedy	1	0.004	1		rodee	dy	respond.arrange.do.cool.cool.do.end	2	r	y	True	0.0	0.0	0.0	S		
4548	qcphhedy	1	0.004	1		qcphhe	dy	?.adjust.pause.watch.watch.cool.do.end	1	q	y	True	0.0	0.0	1.0	S		
4549	orcheo	1	0.004	1	or	eo		or:adjust.watch.cool.arrange	1	c	o	True	0.0	1.0	0.0	S		
4550	oeain	1	0.004	1		oe	ain	arrange.cool.yield.iterate.bind	1	o	n	False	0.0	0.0	0.0	S		
4551	tchedaiin	1	0.004	1	tch	ed	aiin	tch:cool.do.yield.iterate.iterate.bind	1	e	n	False	1.0	1.0	0.0	S		
4552	oldal	1	0.004	1	ol	d	al	ol:do.yield.state	0	d	l	True	0.0	0.0	0.0	S		
4553	chpeeeey	1	0.004	1	ch	peeee	y	ch:pause.cool.cool.cool.cool.end	4	p	y	True	0.0	0.0	0.0	S		
4554	cphochy	1	0.004	1		cphoch	y	adjust.pause.watch.arrange.adjust.watch.end	0	c	y	True	0.0	0.0	0.0	S		
4555	chopo	1	0.004	1	ch	opo		ch:arrange.pause.arrange	0	o	o	False	0.0	0.0	0.0	S		
4556	oaiil	1	0.004	1		oaii	l	arrange.yield.iterate.iterate.state	0	o	l	False	0.0	1.0	0.0	S		
4557	qokodaiin	1	0.004	1	qo	kod	aiin	qo:heat.arrange.do.yield.iterate.iterate.bind	0	k	n	False	0.0	0.0	0.0	S		
4558	aiy	1	0.004	1		ai	y	yield.iterate.end	0	a	y	False	0.0	0.0	0.0	S		
4559	airy	1	0.004	1		ai	ry	yield.iterate.respond.end	0	a	y	False	0.0	0.0	1.0	S		
4560	ycheeodaiin	1	0.004	1	ch	eeod	aiin	[y]ch:cool.cool.arrange.do.yield.iterate.iterate.bind	2	e	n	False	0.0	1.0	0.0	S		
4561	olkaiir	1	0.004	1	ol	kaii	r	ol:heat.yield.iterate.iterate.respond	0	k	r	False	0.0	0.0	0.0	S		
4562	airoy	1	0.004	1		airo	y	yield.iterate.respond.arrange.end	0	a	y	False	0.0	0.0	0.0	S		
4563	ksam	1	0.004	1	sa	m		[k]sa:final	0	m	m	True	0.0	0.0	0.0	S		
4564	pchedairs	1	0.004	1	pch	edair	s	pch:cool.do.yield.iterate.respond.sequence	1	e	s	False	1.0	1.0	0.0	S		
4565	oeail	1	0.004	1		oeai	l	arrange.cool.yield.iterate.state	1	o	l	False	0.0	0.0	0.0	S		
4566	qokeedair	1	0.004	1	qo	keedai	r	qo:heat.cool.cool.do.yield.iterate.respond	2	k	r	False	0.0	0.0	0.0	S		
4567	aiisaim	1	0.004	1		aiisa	im	yield.iterate.iterate.sequence.yield.iterate.final	0	a	m	False	0.0	0.0	1.0	S		
4568	chcheky	1	0.004	1	ch	ek	y	ch:adjust.watch.cool.heat.end	1	c	y	True	0.0	0.0	0.0	S		
4569	cheodeey	1	0.004	1	ch	eodee	y	ch:cool.arrange.do.cool.cool.end	2	e	y	False	0.0	0.0	0.0	S		
4570	keedeedy	1	0.004	1	ke	edee	dy	ke:cool.do.cool.cool.do.end	2	e	y	False	0.0	0.0	0.0	S		
4571	lkeede	1	0.004	1	lk	eede		lk:cool.cool.do.cool	2	e	e	False	0.0	0.0	0.0	S		
4572	tcheodaiin	1	0.004	1	tch	eod	aiin	tch:cool.arrange.do.yield.iterate.iterate.bind	1	e	n	False	1.0	1.0	0.0	S		
4573	otalkain	1	0.004	1	ot	alk	ain	ot:yield.state.heat.yield.iterate.bind	0	a	n	False	0.0	0.0	0.0	S		
4574	otchedain	1	0.004	1	ot	ed	ain	ot:adjust.watch.cool.do.yield.iterate.bind	1	c	n	True	0.0	0.0	0.0	S		
4575	sheekas	1	0.004	1	sh	eeka	s	sh:cool.cool.heat.yield.sequence	2	e	s	False	0.0	0.0	0.0	S		
4576	ytched	1	0.004	1	tch	ed		[y]tch:cool.do	1	e	d	False	0.0	0.0	0.0	S		
4577	lked	1	0.004	1	lk	ed		lk:cool.do	1	e	d	False	0.0	0.0	0.0	S		
4578	aikhdy	1	0.004	1		aikh	dy	yield.iterate.heat.watch.do.end	0	a	y	False	0.0	0.0	0.0	S		
4579	otarain	1	0.004	1	ot	ar	ain	ot:yield.respond.yield.iterate.bind	0	a	n	False	0.0	0.0	0.0	S		
4580	ykeodaiin	1	0.004	1	yk	eod	aiin	yk:cool.arrange.do.yield.iterate.iterate.bind	1	e	n	False	0.0	0.0	0.0	S		
4581	cheoltchedaiin	1	0.004	1	ch	eoltched	aiin	ch:cool.arrange.state.transfer.adjust.watch.cool.do.yield.iterate.iterate.bind	1	e	n	False	0.0	0.0	0.0	S		
4582	qoeedain	1	0.004	1	qo	eed	ain	qo:cool.cool.do.yield.iterate.bind	2	e	n	False	0.0	0.0	0.0	S		
4583	ycho	1	0.004	1	ch	o		[y]ch:arrange	0	o	o	False	0.0	0.0	0.0	S		
4584	oedair	1	0.004	1		oedai	r	arrange.cool.do.yield.iterate.respond	1	o	r	False	0.0	0.0	0.0	S		
4585	qetchar	1	0.004	1		qetch	ar	?.cool.transfer.adjust.watch.yield.respond	1	q	r	True	0.0	0.0	1.0	S		
4586	oqotoiiin	1	0.004	1		oqotoi	iin	arrange.?.arrange.transfer.arrange.iterate.iterate.iterate.bind	0	o	n	False	0.0	0.0	0.0	S		
4587	oqoeeosain	1	0.004	1		oqoeeos	ain	arrange.?.arrange.cool.cool.arrange.sequence.yield.iterate.bind	2	o	n	False	0.0	0.0	1.0	S		
4588	poedair	1	0.004	1	po	edai	r	po:cool.do.yield.iterate.respond	1	e	r	False	1.0	1.0	0.0	S		
4589	cheopy	1	0.004	1	ch	eop	y	ch:cool.arrange.pause.end	1	e	y	False	0.0	0.0	0.0	S		
4590	qopoiin	1	0.004	1	qo	p	oiin	qo:pause.arrange.iterate.iterate.bind	0	p	n	True	0.0	0.0	0.0	S		
4591	qeoodaiin	1	0.004	1		qeood	aiin	?.cool.arrange.arrange.do.yield.iterate.iterate.bind	1	q	n	True	0.0	0.0	0.0	S		
4592	chodalr	1	0.004	1	ch	odal	r	ch:arrange.do.yield.state.respond	0	o	r	False	0.0	0.0	0.0	S		
4593	otdady	1	0.004	1	ot	da	dy	ot:do.yield.do.end	0	d	y	True	0.0	0.0	0.0	S		
4594	dshedal	1	0.004	1	sh	ed	al	[d]sh:cool.do.yield.state	1	e	l	False	0.0	1.0	0.0	S		
4595	choddy	1	0.004	1	ch	od	dy	ch:arrange.do.do.end	0	o	y	False	0.0	0.0	0.0	S		
4596	oeos	1	0.004	1		oeo	s	arrange.cool.arrange.sequence	1	o	s	False	0.0	1.0	0.0	S		
4597	cheocthedy	1	0.004	1	ch	eocthe	dy	ch:cool.arrange.adjust.transfer.watch.cool.do.end	1	e	y	False	0.0	0.0	0.0	S		
4598	qotedol	1	0.004	1	qo	ted	ol	qo:transfer.cool.do.arrange.state	1	t	l	False	0.0	0.0	0.0	S		
4599	tedcheo	1	0.004	1	te	dcheo		te:do.adjust.watch.cool.arrange	1	d	o	True	1.0	1.0	0.0	S		
4600	qepoepy	1	0.004	1		qepoep	y	?.cool.pause.arrange.cool.pause.end	1	q	y	True	0.0	0.0	0.0	S		
4601	ytedshedy	1	0.004	1	te	dshe	dy	[y]te:do.sequence.watch.cool.do.end	1	d	y	True	0.0	1.0	0.0	S		
4602	chedky	1	0.004	1	ch	edk	y	ch:cool.do.heat.end	1	e	y	False	0.0	0.0	0.0	S		
4603	pchedchdy	1	0.004	1	pch	edch	dy	pch:cool.do.adjust.watch.do.end	1	e	y	False	0.0	1.0	0.0	S		
4604	soes	1	0.004	1	so	e	s	so:cool.sequence	1	e	s	False	0.0	1.0	0.0	S		
4605	oeeos	1	0.004	1		oeeo	s	arrange.cool.cool.arrange.sequence	2	o	s	False	0.0	0.0	0.0	S		
4606	qockhed	1	0.004	1	qo	ckhed		qo:adjust.heat.watch.cool.do	1	c	d	True	0.0	0.0	0.0	S		
4607	olchedaiin	1	0.004	1	ol	ed	aiin	ol:adjust.watch.cool.do.yield.iterate.iterate.bind	1	c	n	True	0.0	0.0	0.0	S		
4608	chepched	1	0.004	1	ch	epched		ch:cool.pause.adjust.watch.cool.do	1	e	d	False	0.0	0.0	0.0	S		
4609	chcty	1	0.004	1	ch	ct	y	ch:adjust.transfer.end	0	c	y	True	0.0	0.0	0.0	S		
4610	yom	1	0.004	1		y	om	end.arrange.final	0	y	m	True	0.0	0.0	1.0	S		
4611	chcthain	1	0.004	1	ch	cth	ain	ch:adjust.transfer.watch.yield.iterate.bind	0	c	n	True	0.0	0.0	1.0	S		
4612	tsheodar	1	0.004	1	sh	eod	ar	[t]sh:cool.arrange.do.yield.respond	1	e	r	False	1.0	1.0	0.0	S		
4613	ckhor	1	0.004	1		ckh	or	adjust.heat.watch.arrange.respond	0	c	r	True	0.0	0.0	0.0	S		
4614	ofcheds	1	0.004	1		ofched	s	arrange.flag.adjust.watch.cool.do.sequence	1	o	s	False	0.0	0.0	1.0	S		
4615	ochedain	1	0.004	1		oched	ain	arrange.adjust.watch.cool.do.yield.iterate.bind	1	o	n	False	0.0	1.0	0.0	S		
4616	sheoal	1	0.004	1	sh	eo	al	sh:cool.arrange.yield.state	1	e	l	False	0.0	1.0	0.0	S		
4617	dorkcheky	1	0.004	1	do	rkchek	y	do:respond.heat.adjust.watch.cool.heat.end	1	r	y	True	1.0	1.0	0.0	S		
4618	choypshedy	1	0.004	1	ch	oypshe	dy	ch:arrange.end.pause.sequence.watch.cool.do.end	1	o	y	False	0.0	0.0	0.0	S		
4619	qotoy	1	0.004	1	qo	to	y	qo:transfer.arrange.end	0	t	y	False	0.0	0.0	0.0	S		
4620	shxam	1	0.004	1	sh	x	am	sh:diagram.yield.final	0	x	m	True	0.0	0.0	1.0	S		
4621	oshsodaiin	1	0.004	1		oshsod	aiin	arrange.sequence.watch.sequence.arrange.do.yield.iterate.iterate.bind	0	o	n	False	0.0	1.0	0.0	S		
4622	tshedain	1	0.004	1	sh	ed	ain	[t]sh:cool.do.yield.iterate.bind	1	e	n	False	1.0	1.0	0.0	S		
4623	qofchdar	1	0.004	1	qo	fchd	ar	qo:flag.adjust.watch.do.yield.respond	0	f	r	True	0.0	0.0	0.0	S		
4624	otcheodaiin	1	0.004	1	ot	eod	aiin	ot:adjust.watch.cool.arrange.do.yield.iterate.iterate.bind	1	c	n	True	0.0	0.0	0.0	S		
4625	ykedckhy	1	0.004	1	yk	edckh	y	yk:cool.do.adjust.heat.watch.end	1	e	y	False	0.0	0.0	1.0	S		
4626	qotchdar	1	0.004	1	qo	tchd	ar	qo:transfer.adjust.watch.do.yield.respond	0	t	r	False	0.0	0.0	0.0	S		
4627	otoydy	1	0.004	1	ot	oy	dy	ot:arrange.end.do.end	0	o	y	False	0.0	0.0	1.0	S		
4628	cheotaiin	1	0.004	1	ch	eot	aiin	ch:cool.arrange.transfer.yield.iterate.iterate.bind	1	e	n	False	0.0	0.0	0.0	S		
4629	sheoeed	1	0.004	1	sh	eoeed		sh:cool.arrange.cool.cool.do	2	e	d	False	0.0	0.0	0.0	S		
4630	pcheodal	1	0.004	1	pch	eod	al	pch:cool.arrange.do.yield.state	1	e	l	False	1.0	1.0	0.0	S		
4631	cheopcheod	1	0.004	1	ch	eopcheod		ch:cool.arrange.pause.adjust.watch.cool.arrange.do	1	e	d	False	0.0	0.0	0.0	S		
4632	qotos	1	0.004	1	qo	to	s	qo:transfer.arrange.sequence	0	t	s	False	0.0	0.0	0.0	S		
4633	pchdal	1	0.004	1	pch	d	al	pch:do.yield.state	0	d	l	True	0.0	0.0	0.0	S		
4634	osheeo	1	0.004	1		osheeo		arrange.sequence.watch.cool.cool.arrange	2	o	o	False	0.0	1.0	0.0	S		
4635	shdo	1	0.004	1	sh	do		sh:do.arrange	0	d	o	True	0.0	0.0	0.0	S		
4636	chetam	1	0.004	1	ch	et	am	ch:cool.transfer.yield.final	1	e	m	False	0.0	0.0	1.0	S		
4637	otcheed	1	0.004	1	ot	eed		ot:adjust.watch.cool.cool.do	2	c	d	True	0.0	0.0	0.0	S		
4638	ocpheody	1	0.004	1		ocpheo	dy	arrange.adjust.pause.watch.cool.arrange.do.end	1	o	y	False	0.0	0.0	0.0	S		
4639	qopairam	1	0.004	1	qo	pair	am	qo:pause.yield.iterate.respond.yield.final	0	p	m	True	0.0	0.0	1.0	S		
4640	qoochy	1	0.004	1	qo	och	y	qo:arrange.adjust.watch.end	0	o	y	False	0.0	0.0	0.0	S		
4641	qolcheey	1	0.004	1	qo	lchee	y	qo:state.adjust.watch.cool.cool.end	2	l	y	True	0.0	0.0	0.0	S		
4642	otcheody	1	0.004	1	ot	eo	dy	ot:adjust.watch.cool.arrange.do.end	1	c	y	True	0.0	0.0	0.0	S		
4643	sheeodain	1	0.004	1	sh	eeod	ain	sh:cool.cool.arrange.do.yield.iterate.bind	2	e	n	False	0.0	0.0	1.0	S		
4644	cheoctheey	1	0.004	1	ch	eocthee	y	ch:cool.arrange.adjust.transfer.watch.cool.cool.end	2	e	y	False	0.0	0.0	0.0	S		
4645	lkealy	1	0.004	1	lk	ea	ly	lk:cool.yield.state.end	1	e	y	False	0.0	0.0	1.0	S		
4646	chocthey	1	0.004	1	ch	octhe	y	ch:arrange.adjust.transfer.watch.cool.end	1	o	y	False	0.0	0.0	0.0	S		
4647	sotey	1	0.004	1	so	te	y	so:transfer.cool.end	1	t	y	False	0.0	0.0	0.0	S		
4648	olkaim	1	0.004	1	ol	ka	im	ol:heat.yield.iterate.final	0	k	m	False	0.0	0.0	1.0	S		
4649	oedal	1	0.004	1		oed	al	arrange.cool.do.yield.state	1	o	l	False	0.0	0.0	0.0	S		
4650	op	1	0.004	1		op		arrange.pause	0	o	p	False	0.0	0.0	0.0	S		
4651	shoko	1	0.004	1	sh	oko		sh:arrange.heat.arrange	0	o	o	False	0.0	0.0	0.0	S		
4652	alkol	1	0.004	1	al	k	ol	al:heat.arrange.state	0	k	l	False	0.0	0.0	0.0	S		
4653	cheodaiiin	1	0.004	1	ch	eodai	iin	ch:cool.arrange.do.yield.iterate.iterate.iterate.bind	1	e	n	False	0.0	0.0	0.0	S		
4654	dalr	1	0.004	1	da	l	r	da:state.respond	0	l	r	True	0.0	0.0	1.0	S		
4655	qoleechedy	1	0.004	1	qo	leeche	dy	qo:state.cool.cool.adjust.watch.cool.do.end	2	l	y	True	0.0	1.0	0.0	S		
4656	kecheokeo	1	0.004	1	ke	eokeo		ke:adjust.watch.cool.arrange.heat.cool.arrange	1	c	o	True	0.0	0.0	0.0	S		
4657	eeo	1	0.004	1		eeo		cool.cool.arrange	2	e	o	False	0.0	1.0	0.0	S		
4658	cheoy	1	0.004	1	ch	eo	y	ch:cool.arrange.end	1	e	y	False	0.0	0.0	0.0	S		
4659	oeeoy	1	0.004	1		oeeo	y	arrange.cool.cool.arrange.end	2	o	y	False	0.0	0.0	0.0	S		
4660	fshdar	1	0.004	1	sh	d	ar	[f]sh:do.yield.respond	0	d	r	True	1.0	1.0	0.0	S		
4661	qochedain	1	0.004	1	qo	ed	ain	qo:adjust.watch.cool.do.yield.iterate.bind	1	c	n	True	0.0	0.0	0.0	S		
4662	cheopolteeedy	1	0.004	1	ch	eopolteee	dy	ch:cool.arrange.pause.arrange.state.transfer.cool.cool.cool.do.end	3	e	y	False	0.0	0.0	0.0	S		
4663	oroiir	1	0.004	1	or	oii	r	or:arrange.iterate.iterate.respond	0	o	r	False	0.0	0.0	0.0	S		
4664	oechedy	1	0.004	1		oeche	dy	arrange.cool.adjust.watch.cool.do.end	1	o	y	False	0.0	0.0	0.0	S		
4665	dcheeos	1	0.004	1	dch	eeo	s	dch:cool.cool.arrange.sequence	2	e	s	False	0.0	1.0	0.0	S		
4666	qockheos	1	0.004	1	qo	ckheo	s	qo:adjust.heat.watch.cool.arrange.sequence	1	c	s	True	0.0	0.0	0.0	S		
4667	daar	1	0.004	1	da	ar		da:yield.respond	0	a	r	False	0.0	0.0	0.0	S		
4668	oraro	1	0.004	1	or	aro		or:yield.respond.arrange	0	a	o	False	0.0	0.0	1.0	S		
4669	dchedain	1	0.004	1	dch	ed	ain	dch:cool.do.yield.iterate.bind	1	e	n	False	1.0	1.0	0.0	S		
4670	olkeechdy	1	0.004	1	ol	keech	dy	ol:heat.cool.cool.adjust.watch.do.end	2	k	y	False	0.0	0.0	0.0	S		
4671	kchor	1	0.004	1	kch	or		kch:arrange.respond	0	o	r	False	0.0	0.0	0.0	S		
4672	orchedar	1	0.004	1	or	ed	ar	or:adjust.watch.cool.do.yield.respond	1	c	r	True	0.0	0.0	0.0	S		
4673	dardyr	1	0.004	1	da	rdy	r	da:respond.do.end.respond	0	r	r	True	0.0	0.0	1.0	S		
4674	cheockhdy	1	0.004	1	ch	eockh	dy	ch:cool.arrange.adjust.heat.watch.do.end	1	e	y	False	0.0	1.0	0.0	S		
4675	okeeeosaiin	1	0.004	1	ok	eeeos	aiin	ok:cool.cool.cool.arrange.sequence.yield.iterate.iterate.bind	3	e	n	False	0.0	0.0	0.0	S		
4676	chorar	1	0.004	1	ch	or	ar	ch:arrange.respond.yield.respond	0	o	r	False	0.0	0.0	1.0	S		
4677	otchedar	1	0.004	1	ot	ed	ar	ot:adjust.watch.cool.do.yield.respond	1	c	r	True	0.0	0.0	0.0	S		
4678	dchedaiin	1	0.004	1	dch	ed	aiin	dch:cool.do.yield.iterate.iterate.bind	1	e	n	False	0.0	1.0	0.0	S		
4679	qekor	1	0.004	1		qek	or	?.cool.heat.arrange.respond	1	q	r	True	0.0	0.0	1.0	S		
4680	qototeeey	1	0.004	1	qo	toteee	y	qo:transfer.arrange.transfer.cool.cool.cool.end	3	t	y	False	0.0	0.0	0.0	S		
4681	lory	1	0.004	1	or	y		[l]or:end	0	y	y	True	0.0	0.0	1.0	S		
4682	choloro	1	0.004	1	ch	oloro		ch:arrange.state.arrange.respond.arrange	0	o	o	False	0.0	0.0	0.0	S		
4683	qoolkeedy	1	0.004	1	qo	olkee	dy	qo:arrange.state.heat.cool.cool.do.end	2	o	y	False	0.0	0.0	0.0	S		
4684	airorlchy	1	0.004	1		airorlch	y	yield.iterate.respond.arrange.respond.state.adjust.watch.end	0	a	y	False	0.0	0.0	0.0	S		
4685	cpholrory	1	0.004	1		cpholro	ry	adjust.pause.watch.arrange.state.respond.arrange.respond.end	0	c	y	True	0.0	0.0	1.0	S		
4686	rcheeo	1	0.004	1	rch	eeo		rch:cool.cool.arrange	2	e	o	False	0.0	0.0	0.0	S		
4687	lkeodain	1	0.004	1	lk	eod	ain	lk:cool.arrange.do.yield.iterate.bind	1	e	n	False	0.0	0.0	0.0	S		
4688	chcthed	1	0.004	1	ch	cthed		ch:adjust.transfer.watch.cool.do	1	c	d	True	0.0	0.0	0.0	S		
4689	qotolchd	1	0.004	1	qo	tolchd		qo:transfer.arrange.state.adjust.watch.do	0	t	d	False	0.0	0.0	1.0	S		
4690	dolkeedy	1	0.004	1	do	lkee	dy	do:state.heat.cool.cool.do.end	2	l	y	True	0.0	0.0	0.0	S		
4691	oteeedchey	1	0.004	1	ot	eeedche	y	ot:cool.cool.cool.do.adjust.watch.cool.end	3	e	y	False	0.0	0.0	0.0	S		
4692	keedor	1	0.004	1	ke	ed	or	ke:cool.do.arrange.respond	1	e	r	False	0.0	0.0	0.0	S		
4693	ykechey	1	0.004	1	yk	eche	y	yk:cool.adjust.watch.cool.end	1	e	y	False	0.0	0.0	0.0	S		
4694	chchdy	1	0.004	1	ch	dy		ch:adjust.watch.do.end	0	c	y	True	0.0	0.0	1.0	S		
4695	pcheodain	1	0.004	1	pch	eod	ain	pch:cool.arrange.do.yield.iterate.bind	1	e	n	False	1.0	1.0	0.0	S		
4696	darailchedy	1	0.004	1	da	railche	dy	da:respond.yield.iterate.state.adjust.watch.cool.do.end	1	r	y	True	0.0	0.0	0.0	S		
4697	oeeady	1	0.004	1		oeea	dy	arrange.cool.cool.yield.do.end	2	o	y	False	0.0	0.0	1.0	S		
4698	chsho	1	0.004	1	ch	o		ch:sequence.watch.arrange	0	s	o	True	0.0	0.0	0.0	S		
4699	ykhy	1	0.004	1	yk	h	y	yk:watch.end	0	h	y	True	0.0	0.0	0.0	S		
4700	qepchey	1	0.004	1		qepche	y	?.cool.pause.adjust.watch.cool.end	1	q	y	True	0.0	0.0	0.0	S		
4701	qokchor	1	0.004	1	qo	kch	or	qo:heat.adjust.watch.arrange.respond	0	k	r	False	0.0	0.0	0.0	S		
4702	okeeeo	1	0.004	1	ok	eeeo		ok:cool.cool.cool.arrange	3	e	o	False	0.0	0.0	0.0	S		
4703	otlaiin	1	0.004	1	ot	l	aiin	ot:state.yield.iterate.iterate.bind	0	l	n	True	0.0	0.0	0.0	S		
4704	choar	1	0.004	1	ch	o	ar	ch:arrange.yield.respond	0	o	r	False	0.0	0.0	0.0	S		
4705	ksheoary	1	0.004	1	sh	eoa	ry	[k]sh:cool.arrange.yield.respond.end	1	e	y	False	1.0	1.0	0.0	S		
4706	ysheeo	1	0.004	1	sh	eeo		[y]sh:cool.cool.arrange	2	e	o	False	0.0	1.0	0.0	S		
4707	cholkched	1	0.004	1	ch	olkched		ch:arrange.state.heat.adjust.watch.cool.do	1	o	d	False	0.0	0.0	0.0	S		
4708	qoetar	1	0.004	1	qo	et	ar	qo:cool.transfer.yield.respond	1	e	r	False	0.0	0.0	0.0	S		
4709	llsan	1	0.004	1		lls	an	state.state.sequence.yield.bind	0	l	n	True	0.0	0.0	0.0	S		
4710	arorochees	1	0.004	1	ar	orochee	s	ar:arrange.respond.arrange.adjust.watch.cool.cool.sequence	2	o	s	False	0.0	0.0	1.0	S		
4711	shdalky	1	0.004	1	sh	dalk	y	sh:do.yield.state.heat.end	0	d	y	True	0.0	0.0	0.0	S		
4712	qopchedyd	1	0.004	1	qo	pchedyd		qo:pause.adjust.watch.cool.do.end.do	1	p	d	True	0.0	0.0	0.0	S		
4713	lksho	1	0.004	1	lk	o		lk:sequence.watch.arrange	0	s	o	True	0.0	0.0	0.0	S		
4714	pchodar	1	0.004	1	pch	od	ar	pch:arrange.do.yield.respond	0	o	r	False	0.0	0.0	0.0	S		
4715	olchedyo	1	0.004	1	ol	edyo		ol:adjust.watch.cool.do.end.arrange	1	c	o	True	0.0	0.0	1.0	S		
4716	dsheodar	1	0.004	1	sh	eod	ar	[d]sh:cool.arrange.do.yield.respond	1	e	r	False	0.0	1.0	0.0	S		
4717	qokecheos	1	0.004	1	qo	kecheo	s	qo:heat.cool.adjust.watch.cool.arrange.sequence	1	k	s	False	0.0	0.0	0.0	S		
4718	rchar	1	0.004	1	rch	ar		rch:yield.respond	0	a	r	False	0.0	0.0	0.0	S		
4719	qokchar	1	0.004	1	qo	kch	ar	qo:heat.adjust.watch.yield.respond	0	k	r	False	0.0	0.0	0.0	S		
4720	qokairor	1	0.004	1	qo	kair	or	qo:heat.yield.iterate.respond.arrange.respond	0	k	r	False	0.0	0.0	0.0	S		
4721	lchea	1	0.004	1	lch	ea		lch:cool.yield	1	e	a	False	0.0	0.0	0.0	S		
4722	chokeeey	1	0.004	1	ch	okeee	y	ch:arrange.heat.cool.cool.cool.end	3	o	y	False	0.0	0.0	0.0	S		
4723	chokchaiin	1	0.004	1	ch	okch	aiin	ch:arrange.heat.adjust.watch.yield.iterate.iterate.bind	0	o	n	False	0.0	0.0	1.0	S		
4724	posheos	1	0.004	1	po	eo	s	po:sequence.watch.cool.arrange.sequence	1	s	s	True	1.0	1.0	0.0	S		
4725	chpchar	1	0.004	1	ch	pch	ar	ch:pause.adjust.watch.yield.respond	0	p	r	True	0.0	0.0	0.0	S		
4726	qoek	1	0.004	1	qo	ek		qo:cool.heat	1	e	k	False	0.0	0.0	0.0	S		
4727	oranol	1	0.004	1	or	an	ol	or:yield.bind.arrange.state	0	a	l	False	0.0	0.0	1.0	S		
4728	sorols	1	0.004	1	so	rol	s	so:respond.arrange.state.sequence	0	r	s	True	1.0	1.0	0.0	S		
4729	chkshy	1	0.004	1	ch	ksh	y	ch:heat.sequence.watch.end	0	k	y	False	0.0	0.0	0.0	S		
4730	pchar	1	0.004	1	pch	ar		pch:yield.respond	0	a	r	False	0.0	0.0	1.0	S		
4731	chot	1	0.004	1	ch	ot		ch:arrange.transfer	0	o	t	False	0.0	0.0	0.0	S		
4732	qotohy	1	0.004	1	qo	toh	y	qo:transfer.arrange.watch.end	0	t	y	False	0.0	0.0	0.0	S		
4733	paiinody	1	0.004	1		paiino	dy	pause.yield.iterate.iterate.bind.arrange.do.end	0	p	y	True	1.0	1.0	0.0	S		
4734	opchdain	1	0.004	1		opchd	ain	arrange.pause.adjust.watch.do.yield.iterate.bind	0	o	n	False	0.0	0.0	1.0	S		
4735	qolcheor	1	0.004	1	qo	lche	or	qo:state.adjust.watch.cool.arrange.respond	1	l	r	True	0.0	0.0	0.0	S		
4736	tcheodl	1	0.004	1	tch	eod	l	tch:cool.arrange.do.state	1	e	l	False	1.0	1.0	0.0	S		
4737	qorshy	1	0.004	1	qo	rsh	y	qo:respond.sequence.watch.end	0	r	y	True	0.0	0.0	0.0	S		
4738	dcheor	1	0.004	1	dch	e	or	dch:cool.arrange.respond	1	e	r	False	0.0	1.0	0.0	S		
4739	arolky	1	0.004	1	ar	olk	y	ar:arrange.state.heat.end	0	o	y	False	0.0	0.0	1.0	S		
4740	chols	1	0.004	1	ch	ol	s	ch:arrange.state.sequence	0	o	s	False	0.0	0.0	1.0	S		
4741	qotad	1	0.004	1	qo	tad		qo:transfer.yield.do	0	t	d	False	0.0	0.0	0.0	S		
4742	opoloiin	1	0.004	1		opol	oiin	arrange.pause.arrange.state.arrange.iterate.iterate.bind	0	o	n	False	0.0	0.0	0.0	S		
4743	qetdain	1	0.004	1		qetd	ain	?.cool.transfer.do.yield.iterate.bind	1	q	n	True	0.0	0.0	0.0	S		
4744	ykeeochody	1	0.004	1	yk	eeocho	dy	yk:cool.cool.arrange.adjust.watch.arrange.do.end	2	e	y	False	0.0	1.0	0.0	S		
4745	otoiin	1	0.004	1	ot	oiin		ot:arrange.iterate.iterate.bind	0	o	n	False	0.0	0.0	0.0	S		
4746	ykcheodain	1	0.004	1	yk	eod	ain	yk:adjust.watch.cool.arrange.do.yield.iterate.bind	1	c	n	True	0.0	1.0	0.0	S		
4747	otchd	1	0.004	1	ot	d		ot:adjust.watch.do	0	c	d	True	0.0	0.0	0.0	S		
4748	oleed	1	0.004	1	ol	eed		ol:cool.cool.do	2	e	d	False	0.0	0.0	1.0	S		
4749	qokchdain	1	0.004	1	qo	kchd	ain	qo:heat.adjust.watch.do.yield.iterate.bind	0	k	n	False	0.0	0.0	0.0	S		
4750	cheoor	1	0.004	1	ch	eo	or	ch:cool.arrange.arrange.respond	1	e	r	False	0.0	0.0	0.0	S		
4751	tchosos	1	0.004	1	tch	oso	s	tch:arrange.sequence.arrange.sequence	0	o	s	False	1.0	1.0	0.0	S		
4752	qotchs	1	0.004	1	qo	tch	s	qo:transfer.adjust.watch.sequence	0	t	s	False	0.0	0.0	0.0	S		
4753	olchees	1	0.004	1	ol	ee	s	ol:adjust.watch.cool.cool.sequence	2	c	s	True	0.0	0.0	0.0	S		
4754	chkol	1	0.004	1	ch	k	ol	ch:heat.arrange.state	0	k	l	False	0.0	0.0	0.0	S		
4755	chkchol	1	0.004	1	ch	kch	ol	ch:heat.adjust.watch.arrange.state	0	k	l	False	0.0	0.0	0.0	S		
4756	dpchedy	1	0.004	1	pch	e	dy	[d]pch:cool.do.end	1	e	y	False	0.0	0.0	0.0	S		
4757	qtam	1	0.004	1		qt	am	?.transfer.yield.final	0	q	m	True	0.0	0.0	1.0	S		
4758	ysheed	1	0.004	1	sh	eed		[y]sh:cool.cool.do	2	e	d	False	0.0	1.0	0.0	S		
4759	pchdarody	1	0.004	1	pch	daro	dy	pch:do.yield.respond.arrange.do.end	0	d	y	True	1.0	1.0	0.0	S		
4760	pcheed	1	0.004	1	pch	eed		pch:cool.cool.do	2	e	d	False	0.0	0.0	0.0	S		
4761	rchees	1	0.004	1	rch	ee	s	rch:cool.cool.sequence	2	e	s	False	0.0	0.0	0.0	S		
4762	cphor	1	0.004	1		cph	or	adjust.pause.watch.arrange.respond	0	c	r	True	0.0	0.0	0.0	S		
4763	okeeokain	1	0.004	1	ok	eeok	ain	ok:cool.cool.arrange.heat.yield.iterate.bind	2	e	n	False	0.0	1.0	0.0	S		
4764	qockheedy	1	0.004	1	qo	ckhee	dy	qo:adjust.heat.watch.cool.cool.do.end	2	c	y	True	0.0	0.0	0.0	S		
4765	ldain	1	0.004	1	da	in		[l]da:iterate.bind	0	i	n	True	0.0	0.0	1.0	S		
4766	aroteey	1	0.004	1	ar	otee	y	ar:arrange.transfer.cool.cool.end	2	o	y	False	0.0	0.0	0.0	S		
4767	lkechdy	1	0.004	1	lk	ech	dy	lk:cool.adjust.watch.do.end	1	e	y	False	0.0	0.0	0.0	S		
4768	rokeedy	1	0.004	1	ok	ee	dy	[r]ok:cool.cool.do.end	2	e	y	False	0.0	0.0	0.0	S		
4769	raithy	1	0.004	1		raith	y	respond.yield.iterate.transfer.watch.end	0	r	y	True	0.0	0.0	1.0	S		
4770	lchain	1	0.004	1	lch	ain		lch:yield.iterate.bind	0	a	n	False	0.0	0.0	0.0	S		
4771	lpchdain	1	0.004	1	pch	d	ain	[l]pch:do.yield.iterate.bind	0	d	n	True	0.0	0.0	0.0	S		
4772	qotalchedy	1	0.004	1	qo	talche	dy	qo:transfer.yield.state.adjust.watch.cool.do.end	1	t	y	False	0.0	0.0	0.0	S		
4773	lxor	1	0.004	1		lx	or	state.diagram.arrange.respond	0	l	r	True	0.0	0.0	0.0	S		
4774	xoiin	1	0.004	1		x	oiin	diagram.arrange.iterate.iterate.bind	0	x	n	True	0.0	0.0	0.0	S		
4775	choto	1	0.004	1	ch	oto		ch:arrange.transfer.arrange	0	o	o	False	0.0	0.0	0.0	S		
4776	ralom	1	0.004	1	al	om		[r]al:arrange.final	0	o	m	False	0.0	0.0	1.0	S		
4777	sheolkeedy	1	0.004	1	sh	eolkee	dy	sh:cool.arrange.state.heat.cool.cool.do.end	2	e	y	False	0.0	0.0	0.0	S		
4778	lkeeshdy	1	0.004	1	lk	eesh	dy	lk:cool.cool.sequence.watch.do.end	2	e	y	False	0.0	0.0	0.0	S		
4779	qopcheddy	1	0.004	1	qo	pched	dy	qo:pause.adjust.watch.cool.do.do.end	1	p	y	True	0.0	0.0	0.0	S		
4780	rosy	1	0.004	1		ros	y	respond.arrange.sequence.end	0	r	y	True	0.0	0.0	1.0	S		
4781	lshes	1	0.004	1	lsh	e	s	lsh:cool.sequence	1	e	s	False	0.0	1.0	0.0	S		
4782	qoteeotchy	1	0.004	1	qo	teeotch	y	qo:transfer.cool.cool.arrange.transfer.adjust.watch.end	2	t	y	False	0.0	0.0	0.0	S		
4783	opchees	1	0.004	1		opchee	s	arrange.pause.adjust.watch.cool.cool.sequence	2	o	s	False	0.0	0.0	0.0	S		
4784	chpcheod	1	0.004	1	ch	pcheod		ch:pause.adjust.watch.cool.arrange.do	1	p	d	True	0.0	0.0	0.0	S		
4785	rchl	1	0.004	1	rch	l		rch:state	0	l	l	True	0.0	0.0	0.0	S		
4786	qopcham	1	0.004	1	qo	pch	am	qo:pause.adjust.watch.yield.final	0	p	m	True	0.0	0.0	1.0	S		
4787	lkeedor	1	0.004	1	lk	eed	or	lk:cool.cool.do.arrange.respond	2	e	r	False	0.0	0.0	1.0	S		
4788	qokeeeos	1	0.004	1	qo	keeeo	s	qo:heat.cool.cool.cool.arrange.sequence	3	k	s	False	0.0	0.0	0.0	S		
4789	kchetam	1	0.004	1	kch	et	am	kch:cool.transfer.yield.final	1	e	m	False	0.0	0.0	1.0	S		
4790	lraly	1	0.004	1		lra	ly	state.respond.yield.state.end	0	l	y	True	0.0	0.0	0.0	S		
4791	sheot	1	0.004	1	sh	eot		sh:cool.arrange.transfer	1	e	t	False	0.0	0.0	0.0	S		
4792	chteey	1	0.004	1	ch	tee	y	ch:transfer.cool.cool.end	2	t	y	False	0.0	0.0	0.0	S		
4793	ycheedaiin	1	0.004	1	ch	eed	aiin	[y]ch:cool.cool.do.yield.iterate.iterate.bind	2	e	n	False	0.0	1.0	0.0	S		
4794	chlor	1	0.004	1	ch	l	or	ch:state.arrange.respond	0	l	r	True	0.0	0.0	0.0	S		
4795	rchedar	1	0.004	1	rch	ed	ar	rch:cool.do.yield.respond	1	e	r	False	0.0	0.0	0.0	S		
4796	iirchal	1	0.004	1		iirch	al	iterate.iterate.respond.adjust.watch.yield.state	0	i	l	True	0.0	0.0	0.0	S		
4797	rodain	1	0.004	1		rod	ain	respond.arrange.do.yield.iterate.bind	0	r	n	True	0.0	0.0	0.0	S		
4798	opchepy	1	0.004	1		opchep	y	arrange.pause.adjust.watch.cool.pause.end	1	o	y	False	0.0	0.0	0.0	S		
4799	rolsheedy	1	0.004	1	ol	ee	dy	[r]ol:sequence.watch.cool.cool.do.end	2	s	y	True	0.0	0.0	0.0	S		
4800	chddy	1	0.004	1	ch	d	dy	ch:do.do.end	0	d	y	True	0.0	0.0	0.0	S		
4801	teeodaiin	1	0.004	1	te	eod	aiin	te:cool.arrange.do.yield.iterate.iterate.bind	1	e	n	False	0.0	0.0	1.0	S		
4802	sheckeey	1	0.004	1	sh	eckee	y	sh:cool.adjust.heat.cool.cool.end	2	e	y	False	0.0	0.0	0.0	S		
4803	lchckhy	1	0.004	1	lch	ckh	y	lch:adjust.heat.watch.end	0	c	y	True	0.0	0.0	0.0	S		
4804	alches	1	0.004	1	al	e	s	al:adjust.watch.cool.sequence	1	c	s	True	0.0	0.0	0.0	S		
4805	lcham	1	0.004	1	lch	am		lch:yield.final	0	a	m	False	0.0	0.0	1.0	S		
4806	tshar	1	0.004	1	sh	ar		[t]sh:yield.respond	0	a	r	False	1.0	1.0	0.0	S		
4807	lkeedol	1	0.004	1	lk	eed	ol	lk:cool.cool.do.arrange.state	2	e	l	False	0.0	0.0	0.0	S		
4808	ltchdy	1	0.004	1	tch	dy		[l]tch:do.end	0	d	y	True	0.0	0.0	0.0	S		
4809	chkaidararal	1	0.004	1	ch	kaidarar	al	ch:heat.yield.iterate.do.yield.respond.yield.respond.yield.state	0	k	l	False	0.0	0.0	0.0	S		
4810	otainos	1	0.004	1	ot	aino	s	ot:yield.iterate.bind.arrange.sequence	0	a	s	False	0.0	0.0	0.0	S		
4811	losdy	1	0.004	1		los	dy	state.arrange.sequence.do.end	0	l	y	True	0.0	0.0	0.0	S		
4812	cheokeeo	1	0.004	1	ch	eokeeo		ch:cool.arrange.heat.cool.cool.arrange	2	e	o	False	0.0	0.0	0.0	S		
4813	llchs	1	0.004	1	lch	s		[l]lch:sequence	0	s	s	True	0.0	0.0	0.0	S		
4814	lror	1	0.004	1		lr	or	state.respond.arrange.respond	0	l	r	True	0.0	0.0	1.0	S		
4815	ycheealkaiin	1	0.004	1	ch	eealk	aiin	[y]ch:cool.cool.yield.state.heat.yield.iterate.iterate.bind	2	e	n	False	0.0	1.0	0.0	S		
4816	dcheodl	1	0.004	1	dch	eod	l	dch:cool.arrange.do.state	1	e	l	False	1.0	1.0	0.0	S		
4817	kolchey	1	0.004	1	ko	lche	y	ko:state.adjust.watch.cool.end	1	l	y	True	0.0	0.0	0.0	S		
4818	fchedol	1	0.004	1	fch	ed	ol	fch:cool.do.arrange.state	1	e	l	False	0.0	0.0	0.0	S		
4819	qotoeetchy	1	0.004	1	qo	toeetch	y	qo:transfer.arrange.cool.cool.transfer.adjust.watch.end	2	t	y	False	0.0	0.0	0.0	S		
4820	choiphy	1	0.004	1	ch	oiph	y	ch:arrange.iterate.pause.watch.end	0	o	y	False	0.0	0.0	0.0	S		
4821	qopchyr	1	0.004	1	qo	pchy	r	qo:pause.adjust.watch.end.respond	0	p	r	True	0.0	0.0	1.0	S		
4822	yair	1	0.004	1		yai	r	end.yield.iterate.respond	0	y	r	True	0.0	1.0	0.0	S		
4823	qotchdal	1	0.004	1	qo	tchd	al	qo:transfer.adjust.watch.do.yield.state	0	t	l	False	0.0	0.0	0.0	S		
4824	ototar	1	0.004	1	ot	ot	ar	ot:arrange.transfer.yield.respond	0	o	r	False	0.0	1.0	0.0	S		
4825	rchos	1	0.004	1	rch	o	s	rch:arrange.sequence	0	o	s	False	0.0	0.0	0.0	S		
4826	ykchedain	1	0.004	1	yk	ed	ain	yk:adjust.watch.cool.do.yield.iterate.bind	1	c	n	True	0.0	1.0	0.0	S		
4827	cholaiim	1	0.004	1	ch	olai	im	ch:arrange.state.yield.iterate.iterate.final	0	o	m	False	0.0	0.0	1.0	S		
4828	kchdpy	1	0.004	1	kch	dp	y	kch:do.pause.end	0	d	y	True	1.0	1.0	0.0	S		
4829	llory	1	0.004	1		llo	ry	state.state.arrange.respond.end	0	l	y	True	0.0	0.0	0.0	S		
4830	amom	1	0.004	1		am	om	yield.final.arrange.final	0	a	m	False	0.0	0.0	1.0	S		
4831	ykanam	1	0.004	1	yk	an	am	yk:yield.bind.yield.final	0	a	m	False	0.0	0.0	1.0	S		
4832	padar	1	0.004	1		pad	ar	pause.yield.do.yield.respond	0	p	r	True	1.0	1.0	0.0	S		
4833	osheeky	1	0.004	1		osheek	y	arrange.sequence.watch.cool.cool.heat.end	2	o	y	False	0.0	0.0	0.0	S		
4834	aralary	1	0.004	1	ar	ala	ry	ar:yield.state.yield.respond.end	0	a	y	False	0.0	0.0	1.0	S		
4835	ykoloin	1	0.004	1	yk	ol	oin	yk:arrange.state.arrange.iterate.bind	0	o	n	False	0.0	0.0	0.0	S		
4836	rotydy	1	0.004	1	ot	y	dy	[r]ot:end.do.end	0	y	y	True	0.0	0.0	1.0	S		
4837	rteol	1	0.004	1	te	ol		[r]te:arrange.state	0	o	l	False	0.0	0.0	0.0	S		
4838	chcpham	1	0.004	1	ch	cph	am	ch:adjust.pause.watch.yield.final	0	c	m	True	0.0	0.0	1.0	S		
4839	okeolshey	1	0.004	1	ok	eolshe	y	ok:cool.arrange.state.sequence.watch.cool.end	1	e	y	False	0.0	0.0	0.0	S		
4840	shtshy	1	0.004	1	sh	tsh	y	sh:transfer.sequence.watch.end	0	t	y	False	0.0	0.0	0.0	S		
4841	okeedam	1	0.004	1	ok	eed	am	ok:cool.cool.do.yield.final	2	e	m	False	0.0	0.0	1.0	S		
4842	pchoetal	1	0.004	1	pch	oet	al	pch:arrange.cool.transfer.yield.state	1	o	l	False	1.0	1.0	0.0	S		
4843	pcharalor	1	0.004	1	pch	aral	or	pch:yield.respond.yield.state.arrange.respond	0	a	r	False	1.0	1.0	0.0	S		
4844	opain	1	0.004	1		op	ain	arrange.pause.yield.iterate.bind	0	o	n	False	0.0	0.0	0.0	S		
4845	porchey	1	0.004	1	po	rche	y	po:respond.adjust.watch.cool.end	1	r	y	True	0.0	1.0	0.0	S		
4846	rfam	1	0.004	1		rf	am	respond.flag.yield.final	0	r	m	True	0.0	0.0	1.0	S		
4847	lrain	1	0.004	1		lr	ain	state.respond.yield.iterate.bind	0	l	n	True	0.0	0.0	0.0	S		
4848	dtal	1	0.004	1	ta	l		[d]ta:state	0	l	l	True	0.0	0.0	0.0	S		
4849	orchcthdy	1	0.004	1	or	cth	dy	or:adjust.watch.adjust.transfer.watch.do.end	0	c	y	True	0.0	0.0	0.0	S		
4850	okalain	1	0.004	1	ok	al	ain	ok:yield.state.yield.iterate.bind	0	a	n	False	0.0	0.0	0.0	S		
4851	lg	1	0.004	1		l	g	state.?	0	l	g	True	0.0	0.0	1.0	S		
4852	salo	1	0.004	1	sa	lo		sa:state.arrange	0	l	o	True	0.0	0.0	0.0	S		
4853	lm	1	0.004	1		l	m	state.final	0	l	m	True	0.0	0.0	1.0	S		
4854	chalkeey	1	0.004	1	ch	alkee	y	ch:yield.state.heat.cool.cool.end	2	a	y	False	0.0	0.0	0.0	S		
4855	chckhol	1	0.004	1	ch	ckh	ol	ch:adjust.heat.watch.arrange.state	0	c	l	True	0.0	0.0	0.0	S		
4856	shechol	1	0.004	1	sh	ech	ol	sh:cool.adjust.watch.arrange.state	1	e	l	False	0.0	0.0	0.0	S		
4857	lshalshy	1	0.004	1	lsh	alsh	y	lsh:yield.state.sequence.watch.end	0	a	y	False	0.0	0.0	0.0	S		
4858	qotalshy	1	0.004	1	qo	talsh	y	qo:transfer.yield.state.sequence.watch.end	0	t	y	False	0.0	0.0	0.0	S		
4859	cthan	1	0.004	1	ct	h	an	ct:watch.yield.bind	0	h	n	True	0.0	1.0	0.0	S		
4860	lkeeal	1	0.004	1	lk	ee	al	lk:cool.cool.yield.state	2	e	l	False	0.0	0.0	0.0	S		
4861	ollain	1	0.004	1	ol	l	ain	ol:state.yield.iterate.bind	0	l	n	True	0.0	0.0	0.0	S		
4862	pchallarar	1	0.004	1	pch	allar	ar	pch:yield.state.state.yield.respond.yield.respond	0	a	r	False	1.0	1.0	0.0	S		
4863	ckhal	1	0.004	1		ckh	al	adjust.heat.watch.yield.state	0	c	l	True	0.0	0.0	0.0	S		
4864	alolfchy	1	0.004	1	al	olfch	y	al:arrange.state.flag.adjust.watch.end	0	o	y	False	0.0	0.0	0.0	S		
4865	rpchey	1	0.004	1	pch	e	y	[r]pch:cool.end	1	e	y	False	0.0	0.0	0.0	S		
4866	shfy	1	0.004	1	sh	f	y	sh:flag.end	0	f	y	True	0.0	0.0	0.0	S		
4867	opchekan	1	0.004	1		opchek	an	arrange.pause.adjust.watch.cool.heat.yield.bind	1	o	n	False	0.0	0.0	0.0	S		
4868	dlr	1	0.004	1		dl	r	do.state.respond	0	d	r	True	0.0	0.0	1.0	S		
4869	cheds	1	0.004	1	ch	ed	s	ch:cool.do.sequence	1	e	s	False	0.0	0.0	0.0	S		
4870	arsheg	1	0.004	1	ar	e	g	ar:sequence.watch.cool.?	1	s	g	True	0.0	0.0	1.0	S		
4871	yrshey	1	0.004	1		yrshe	y	end.respond.sequence.watch.cool.end	1	y	y	True	0.0	0.0	0.0	S		
4872	qoklain	1	0.004	1	qo	kl	ain	qo:heat.state.yield.iterate.bind	0	k	n	False	0.0	0.0	1.0	S		
4873	pairain	1	0.004	1		pair	ain	pause.yield.iterate.respond.yield.iterate.bind	0	p	n	True	0.0	1.0	0.0	S		
4874	sheekly	1	0.004	1	sh	eek	ly	sh:cool.cool.heat.state.end	2	e	y	False	0.0	0.0	0.0	S		
4875	chery	1	0.004	1	ch	e	ry	ch:cool.respond.end	1	e	y	False	0.0	0.0	0.0	S		
4876	lcheylchy	1	0.004	1	lch	eylch	y	lch:cool.end.state.adjust.watch.end	1	e	y	False	0.0	0.0	1.0	S		
4877	dlar	1	0.004	1		dl	ar	do.state.yield.respond	0	d	r	True	0.0	1.0	0.0	S		
4878	sheain	1	0.004	1	sh	e	ain	sh:cool.yield.iterate.bind	1	e	n	False	0.0	0.0	0.0	S		
4879	cphan	1	0.004	1		cph	an	adjust.pause.watch.yield.bind	0	c	n	True	0.0	0.0	0.0	S		
4880	syokeedy	1	0.004	1		syokee	dy	sequence.end.arrange.heat.cool.cool.do.end	2	s	y	True	0.0	1.0	0.0	S		
4881	aleey	1	0.004	1	al	ee	y	al:cool.cool.end	2	e	y	False	0.0	0.0	0.0	S		
4882	okydy	1	0.004	1	ok	y	dy	ok:end.do.end	0	y	y	True	0.0	0.0	1.0	S		
4883	lkechy	1	0.004	1	lk	ech	y	lk:cool.adjust.watch.end	1	e	y	False	0.0	0.0	0.0	S		
4884	chedkaly	1	0.004	1	ch	edka	ly	ch:cool.do.heat.yield.state.end	1	e	y	False	0.0	0.0	1.0	S		
4885	sykar	1	0.004	1	yk	ar		[s]yk:yield.respond	0	a	r	False	0.0	1.0	0.0	S		
4886	sosar	1	0.004	1	so	s	ar	so:sequence.yield.respond	0	s	r	True	0.0	1.0	0.0	S		
4887	okeolan	1	0.004	1	ok	eol	an	ok:cool.arrange.state.yield.bind	1	e	n	False	0.0	0.0	0.0	S		
4888	lkan	1	0.004	1	lk	an		lk:yield.bind	0	a	n	False	0.0	0.0	1.0	S		
4889	sodal	1	0.004	1	so	d	al	so:do.yield.state	0	d	l	True	0.0	1.0	0.0	S		
