{
  "internal_transitions": {
    "total_pairs": 470,
    "matrix": {
      "9": {
        "9": 54,
        "13": 46,
        "14": 28,
        "23": 16
      },
      "13": {
        "9": 10,
        "13": 102,
        "14": 56,
        "23": 14
      },
      "14": {
        "9": 18,
        "13": 35,
        "14": 40,
        "23": 9
      },
      "23": {
        "9": 28,
        "13": 6,
        "14": 3,
        "23": 5
      }
    },
    "enrichment": {
      "9": {
        "9": 1.602,
        "13": 0.794,
        "14": 0.72,
        "23": 1.187
      },
      "13": {
        "9": 0.235,
        "13": 1.394,
        "14": 1.139,
        "23": 0.822
      },
      "14": {
        "9": 0.754,
        "13": 0.853,
        "14": 1.451,
        "23": 0.943
      },
      "23": {
        "9": 2.848,
        "13": 0.355,
        "14": 0.264,
        "23": 1.272
      }
    },
    "chi2_overall": 110.99,
    "p_overall": 1.1102230246251565e-16,
    "non_random": "True",
    "aggregate_2x2": [
      [
        103,
        83
      ],
      [
        51,
        233
      ]
    ],
    "aggregate_p": 6.751810919096897e-17
  },
  "context_profiles": {
    "pairwise_js": {
      "9-13": 0.020358,
      "9-14": 0.018671,
      "9-23": 0.013845,
      "13-14": 0.007455,
      "13-23": 0.017728,
      "14-23": 0.008639
    },
    "left_context": {
      "9": {
        "FQ": 110,
        "UN": 194,
        "EN": 119,
        "AX": 112,
        "FL": 49,
        "CC": 26
      },
      "13": {
        "CC": 53,
        "UN": 317,
        "EN": 381,
        "FQ": 189,
        "AX": 170,
        "FL": 35
      },
      "14": {
        "EN": 234,
        "FQ": 127,
        "UN": 171,
        "CC": 31,
        "AX": 105,
        "FL": 30
      },
      "23": {
        "AX": 59,
        "UN": 90,
        "EN": 81,
        "FQ": 44,
        "FL": 26,
        "CC": 18
      }
    },
    "right_context": {
      "9": {
        "UN": 183,
        "EN": 143,
        "FL": 31,
        "AX": 85,
        "FQ": 144,
        "CC": 21
      },
      "13": {
        "EN": 405,
        "AX": 164,
        "UN": 289,
        "FQ": 182,
        "FL": 44,
        "CC": 40
      },
      "14": {
        "AX": 108,
        "FQ": 102,
        "UN": 157,
        "EN": 173,
        "FL": 54,
        "CC": 34
      },
      "23": {
        "UN": 58,
        "EN": 67,
        "FQ": 42,
        "FL": 20,
        "AX": 52,
        "CC": 15
      }
    }
  },
  "context_classifier": {
    "n_samples": 2890,
    "class_distribution": {
      "23": 362,
      "9": 630,
      "13": 1191,
      "14": 707
    },
    "majority_baseline": 0.4121,
    "weighted_random": 0.2929,
    "accuracy": 0.4457,
    "improvement_majority": 0.0336,
    "improvement_weighted": 0.1528
  },
  "fq_fl_symbiosis": {
    "fq_fl_total": 167,
    "fl_fq_total": 143,
    "fq_fl_matrix": {
      "9": {
        "7": 24,
        "30": 7,
        "38": 6,
        "40": 3
      },
      "13": {
        "7": 24,
        "30": 20,
        "38": 2,
        "40": 0
      },
      "14": {
        "7": 25,
        "30": 29,
        "38": 1,
        "40": 4
      },
      "23": {
        "7": 14,
        "30": 6,
        "38": 1,
        "40": 1
      }
    },
    "fl_fq_matrix": {
      "7": {
        "9": 33,
        "13": 14,
        "14": 9,
        "23": 15
      },
      "30": {
        "9": 16,
        "13": 21,
        "14": 21,
        "23": 11
      },
      "38": {
        "9": 1,
        "13": 0,
        "14": 2,
        "23": 0
      },
      "40": {
        "9": 0,
        "13": 0,
        "14": 0,
        "23": 0
      }
    },
    "chi2_fqfl": 20.47,
    "p_fqfl": 0.015235200078392682,
    "test_type": "chi2_sparse",
    "hazard_alignment": {
      "haz_haz": 126,
      "haz_safe": 12,
      "safe_haz": 163,
      "safe_safe": 9,
      "p": 0.3278454517799956
    }
  },
  "boundary_behavior": {
    "per_class": {
      "9": {
        "tokens": 630,
        "initial": 20,
        "final": 23,
        "initial_rate": 0.0317,
        "final_rate": 0.0365
      },
      "13": {
        "tokens": 1191,
        "initial": 46,
        "final": 67,
        "initial_rate": 0.0386,
        "final_rate": 0.0563
      },
      "14": {
        "tokens": 707,
        "initial": 9,
        "final": 79,
        "initial_rate": 0.0127,
        "final_rate": 0.1117
      },
      "23": {
        "tokens": 362,
        "initial": 44,
        "final": 108,
        "initial_rate": 0.1215,
        "final_rate": 0.2983
      }
    },
    "final_share": {
      "9": 0.083,
      "13": 0.2419,
      "14": 0.2852,
      "23": 0.3899
    },
    "run_lengths": {
      "total_runs": 2420,
      "mean": 1.19,
      "distribution": {
        "1": 2040,
        "2": 305,
        "3": 61,
        "4": 13,
        "5": 1
      }
    }
  }
}