{
  "para_to_para": {
    "mean": 0.5825855045631348,
    "null": 0.28495814888945886,
    "lift": 2.0444598858940926
  },
  "para_to_folio": {
    "mean": 0.36929696463209644,
    "null": 0.20149821674438761,
    "lift": 1.8327554982810168
  },
  "folio_to_folio": {
    "mean": 0.5976253178976557,
    "null": 0.3745047943591399,
    "lift": 1.5957748122299051
  },
  "folio_to_para": {
    "mean": 0.8121716382745795,
    "null": 0.4739485078470266,
    "lift": 1.7136284318395176
  }
}