{
  "min_b_pp": 15,
  "n_a_paras": 306,
  "n_b_paras_large": 383,
  "mean_coverage": 0.5264001389603498,
  "max_coverage": 0.9375,
  "lift_vs_random": 1.7293072734288601,
  "pct_above_60": 0.38235294117647056
}