{
  "metadata": {
    "phase": "PP_INFORMATION_DECOMPOSITION",
    "test": "T1_CONDITIONAL_MI_DECOMPOSITION",
    "min_pp_count": 5,
    "n_permutations": 2000
  },
  "corpus": {
    "total_records": 23096,
    "filtered_records": 20225,
    "valid_pp_pairs": 527,
    "prefix_vocab_size": 33,
    "middle_vocab_size": 163,
    "H_prefix": 3.6906184295155855,
    "H_middle": 5.405330681882027
  },
  "targets": {
    "SUFFIX": {
      "n_tokens": 20225,
      "H_target": 2.7394463527178354,
      "I_prefix": 0.32738699550626765,
      "I_middle": 1.242901289477616,
      "I_pp": 0.9411366948364365,
      "prefix_unique": -0.30176459464117944,
      "middle_unique": 0.6137496993301688,
      "redundancy": 0.629151590147447,
      "prefix_dominance": -0.9672403909859784,
      "frac_by_prefix": 0.11950845293300354,
      "frac_by_middle": 0.4537052854656269,
      "frac_by_pp": 0.34354996362776885,
      "perm_null_mean": -0.3637190336434804,
      "perm_null_std": 0.0019011133442942737,
      "perm_p_value": 0.0,
      "significant": true
    },
    "REGIME": {
      "n_tokens": 20225,
      "H_target": 1.617488606398682,
      "I_prefix": 0.03739023995348562,
      "I_middle": 0.11424097710444536,
      "I_pp": 0.1602543825281335,
      "prefix_unique": 0.04601340542368815,
      "middle_unique": 0.1228641425746479,
      "redundancy": -0.008623165470202532,
      "prefix_dominance": 0.27246609137255784,
      "frac_by_prefix": 0.023116230807173673,
      "frac_by_middle": 0.07062861318003437,
      "frac_by_pp": 0.09907605030055691,
      "perm_null_mean": 0.0030647143721993374,
      "perm_null_std": 0.0016289895589301146,
      "perm_p_value": 0.0,
      "significant": true
    },
    "POSITION": {
      "n_tokens": 20225,
      "H_target": 0.8991213472824656,
      "I_prefix": 0.0904207715944577,
      "I_middle": 0.08670964355127489,
      "I_pp": 0.16116214944846227,
      "prefix_unique": 0.07445250589718738,
      "middle_unique": 0.07074137785400457,
      "redundancy": 0.015968265697270306,
      "prefix_dominance": 0.5127799048668685,
      "frac_by_prefix": 0.1005657043598714,
      "frac_by_middle": 0.09643819915226017,
      "frac_by_pp": 0.17924404746429848,
      "perm_null_mean": 0.001048845519786751,
      "perm_null_std": 0.0012426577699868636,
      "perm_p_value": 0.0,
      "significant": true
    },
    "NEXT_MIDDLE": {
      "n_tokens": 18265,
      "H_target": 4.822413428289564,
      "I_prefix": 0.0523994380746174,
      "I_middle": 0.015266829138336602,
      "I_pp": 0.0,
      "prefix_unique": -0.015266829138336602,
      "middle_unique": -0.0523994380746174,
      "redundancy": 0.067666267212954,
      "prefix_dominance": 0.5,
      "frac_by_prefix": 0.010865812078082794,
      "frac_by_middle": 0.0031658067823006025,
      "frac_by_pp": 0.0,
      "perm_null_mean": -0.0152668291383366,
      "perm_null_std": 1.734723475976807e-18,
      "perm_p_value": 1.0,
      "significant": false
    }
  },
  "verdict": "MIDDLE_IS_PRIMARY_OPERATOR",
  "verdict_detail": "MIDDLE carries more unique information than PREFIX across 3/4 targets (avg dominance 8.0%). PREFIX modifies MIDDLE but MIDDLE is the primary unit.",
  "avg_prefix_dominance": 0.079501401313362,
  "significant_targets": 3
}