{
  "ri_hapax": 0.9533239038189534,
  "ht_hapax": 0.7405564351956571,
  "ri_repeat": 0.0,
  "ht_repeat": 0.003692132916785004,
  "ri_position": 0.52221372561924,
  "ht_position": 0.4906272509996903,
  "ri_ttr": 0.9087403598971723,
  "ht_ttr": 0.6278046009656347,
  "ri_length": 7.1426735218509,
  "ht_length": 6.200937233740414,
  "similarities": 3,
  "differences": 2
}