{
  "ri_mean_para_position": 0.4555867294404964,
  "pp_mean_para_position": 0.5036833519342601,
  "first_ri_mean_position": 0.26046217981420944,
  "first_pp_mean_position": 0.011161313242451315,
  "ri_rate_first_line": 0.12977867203219315,
  "ri_rate_other_lines": 0.06363970138293966,
  "ri_mean_line_position": 0.5223285252348433
}