{
  "line_jaccard": 0.010471204188481676,
  "para_jaccard": 0.011904761904761904,
  "folio_jaccard": 0.003048780487804878,
  "para_first_line_ratio": 1.8499953905155249,
  "folio_first_para_ratio": 1.0250745634137757
}