{
  "n_a_records": 1559,
  "n_b_folios": 82,
  "pp_vocabulary_size": 404,
  "viability_stats": {
    "mean": 15.32264271969211,
    "median": 5.0,
    "std": 20.748296230770165,
    "min": 0,
    "max": 82
  },
  "filtering_rate": 0.8131385034183889,
  "universal_records": 8,
  "narrow_records": 939,
  "zero_viability_records": 346,
  "b_folios": [
    "f26r",
    "f26v",
    "f31r",
    "f31v",
    "f33r",
    "f33v",
    "f34r",
    "f34v",
    "f39r",
    "f39v",
    "f40r",
    "f40v",
    "f41r",
    "f41v",
    "f43r",
    "f43v",
    "f46r",
    "f46v",
    "f48r",
    "f48v",
    "f50r",
    "f50v",
    "f55r",
    "f55v",
    "f57r",
    "f66r",
    "f66v",
    "f75r",
    "f75v",
    "f76r",
    "f76v",
    "f77r",
    "f77v",
    "f78r",
    "f78v",
    "f79r",
    "f79v",
    "f80r",
    "f80v",
    "f81r",
    "f81v",
    "f82r",
    "f82v",
    "f83r",
    "f83v",
    "f84r",
    "f84v",
    "f85r1",
    "f85r2",
    "f86v4",
    "f86v6",
    "f86v5",
    "f86v3",
    "f94r",
    "f94v",
    "f95r1",
    "f95r2",
    "f95v2",
    "f95v1",
    "f103r",
    "f103v",
    "f104r",
    "f104v",
    "f105r",
    "f105v",
    "f106r",
    "f106v",
    "f107r",
    "f107v",
    "f108r",
    "f108v",
    "f111r",
    "f111v",
    "f112r",
    "f112v",
    "f113r",
    "f113v",
    "f114r",
    "f114v",
    "f115r",
    "f115v",
    "f116r"
  ]
}