{
  "k_values": {
    "2": {
      "silhouette": 0.12366263496857186,
      "cluster_sizes": {
        "1": 1204,
        "2": 1
      }
    },
    "3": {
      "silhouette": 0.12230251711342019,
      "cluster_sizes": {
        "1": 1203,
        "3": 1,
        "2": 1
      }
    },
    "4": {
      "silhouette": 0.12068673667956865,
      "cluster_sizes": {
        "1": 1202,
        "4": 1,
        "2": 1,
        "3": 1
      }
    },
    "5": {
      "silhouette": 0.11864810082707773,
      "cluster_sizes": {
        "1": 1201,
        "5": 1,
        "3": 1,
        "2": 1,
        "4": 1
      }
    },
    "6": {
      "silhouette": 0.11607875787661,
      "cluster_sizes": {
        "1": 1200,
        "6": 1,
        "2": 1,
        "4": 1,
        "3": 1,
        "5": 1
      }
    },
    "8": {
      "silhouette": 0.10597268528343315,
      "cluster_sizes": {
        "3": 1189,
        "1": 5,
        "8": 1,
        "4": 1,
        "2": 6,
        "6": 1,
        "5": 1,
        "7": 1
      }
    },
    "10": {
      "silhouette": 0.0980529277245518,
      "cluster_sizes": {
        "5": 1164,
        "3": 13,
        "1": 5,
        "10": 1,
        "4": 12,
        "6": 1,
        "2": 6,
        "8": 1,
        "7": 1,
        "9": 1
      }
    }
  },
  "best_k": 2,
  "best_silhouette": 0.12366263496857186,
  "within_cluster_distance": 0.8749362814016888,
  "between_cluster_distance": 0.998571660001337,
  "distance_ratio": 1.141307865758611,
  "mannwhitney_p": 0.0,
  "verdict": "CLUSTERS ARE FUZZY (H2 NOT SUPPORTED)"
}