{
  "within_line_repetition_pct": 18.451612903225804,
  "within_para_repetition_pct": 75.16129032258064,
  "gallows_repeat_rate": 0.037313347055994116,
  "non_gallows_repeat_rate": 0.05905119660140857,
  "repeat_rate_ratio": 1.5825757071000262
}