{
  "metadata": {
    "phase": "B_LINE_SEQUENTIAL_STRUCTURE",
    "script": "line_token_trajectory",
    "timestamp": "2026-01-27T13:09:32.005759",
    "total_lines": 2401,
    "valid_folios": 79
  },
  "test6_middle_trajectory": {
    "n_unique_middles": 1320,
    "quartile_jsd": {
      "Q1_Q2": 0.079794,
      "Q1_Q3": 0.074424,
      "Q1_Q4": 0.081283,
      "Q2_Q3": 0.072636,
      "Q2_Q4": 0.076553,
      "Q3_Q4": 0.073798
    },
    "jsd_q1_q4": 0.081283,
    "mean_adjacent_jsd": 0.075409,
    "progressive_drift": "True",
    "frequent_middles_tested": 135,
    "sig_positional_middles": 4,
    "bonferroni_alpha": 0.00037,
    "early_biased_count": 2,
    "late_biased_count": 0,
    "top_sig_middles": [
      {
        "middle": "edy",
        "n": 1742,
        "mean_pos": 0.4626,
        "ks_p": 3.3716060915788326e-07
      },
      {
        "middle": "ed",
        "n": 368,
        "mean_pos": 0.4262,
        "ks_p": 2.5176493226625338e-05
      },
      {
        "middle": "t",
        "n": 568,
        "mean_pos": 0.4496,
        "ks_p": 2.560152796795444e-05
      },
      {
        "middle": "eey",
        "n": 610,
        "mean_pos": 0.5422,
        "ks_p": 0.00029559532161013827
      }
    ]
  },
  "test7_prefix_trajectory": {
    "chi_square": {
      "chi2": 92.86,
      "dof": 27,
      "p": 3.7126031171663907e-09
    },
    "per_prefix_rho": {
      "ch": {
        "rho": 0.0036,
        "p": 0.859830457585435
      },
      "sh": {
        "rho": -0.0183,
        "p": 0.3726569034555587
      },
      "qo": {
        "rho": -0.0852,
        "p": 3.0527286272330894e-05
      },
      "da": {
        "rho": -0.0475,
        "p": 0.020299074416918618
      },
      "ol": {
        "rho": 0.0153,
        "p": 0.45485014230532816
      },
      "ok": {
        "rho": 0.0172,
        "p": 0.4020191415735245
      },
      "ot": {
        "rho": -0.0451,
        "p": 0.027606232205328745
      },
      "ct": {
        "rho": -0.0145,
        "p": 0.4783314853310481
      },
      "other": {
        "rho": 0.0574,
        "p": 0.0050522914957776425
      },
      "None": {
        "rho": 0.0191,
        "p": 0.3506443561861473
      }
    },
    "quartile_distributions": {
      "Q1": {
        "ch": 925,
        "sh": 615,
        "qo": 1188,
        "da": 308,
        "ol": 216,
        "ok": 408,
        "ot": 452,
        "ct": 13,
        "other": 1116,
        "None": 1012
      },
      "Q2": {
        "ch": 851,
        "sh": 571,
        "qo": 999,
        "da": 280,
        "ol": 196,
        "ok": 317,
        "ot": 314,
        "ct": 18,
        "other": 997,
        "None": 908
      },
      "Q3": {
        "ch": 869,
        "sh": 577,
        "qo": 976,
        "da": 244,
        "ol": 230,
        "ok": 327,
        "ot": 292,
        "ct": 15,
        "other": 1100,
        "None": 873
      },
      "Q4": {
        "ch": 809,
        "sh": 530,
        "qo": 879,
        "da": 230,
        "ol": 219,
        "ok": 405,
        "ot": 359,
        "ct": 14,
        "other": 1129,
        "None": 991
      }
    }
  },
  "test8_suffix_trajectory": {
    "chi_square": {
      "chi2": 61.01,
      "dof": 15,
      "p": 1.6885101069345835e-07
    },
    "per_suffix_rho": {
      "aiin": {
        "rho": 0.0199,
        "p": 0.3319890048354711
      },
      "ol": {
        "rho": -0.0699,
        "p": 0.0006367028808149076
      },
      "y": {
        "rho": -0.0513,
        "p": 0.012121673698787068
      },
      "e_family": {
        "rho": -0.0872,
        "p": 1.9915673073111963e-05
      },
      "bare": {
        "rho": 0.0948,
        "p": 3.5056201781568134e-06
      },
      "other": {
        "rho": -0.0202,
        "p": 0.32412188144898246
      }
    },
    "quartile_distributions": {
      "Q1": {
        "aiin": 238,
        "ol": 104,
        "y": 221,
        "e_family": 1301,
        "bare": 2974,
        "other": 1415
      },
      "Q2": {
        "aiin": 231,
        "ol": 64,
        "y": 149,
        "e_family": 1049,
        "bare": 2692,
        "other": 1266
      },
      "Q3": {
        "aiin": 244,
        "ol": 64,
        "y": 147,
        "e_family": 1114,
        "bare": 2693,
        "other": 1241
      },
      "Q4": {
        "aiin": 226,
        "ol": 63,
        "y": 153,
        "e_family": 951,
        "bare": 2912,
        "other": 1260
      }
    }
  },
  "test9_articulator_trajectory": {
    "overall": {
      "spearman": {
        "rho": -0.0199,
        "p": 0.33033365362624556
      },
      "kruskal_wallis": {
        "H": 4.65,
        "p": 0.19926044126898068
      },
      "quartile_means": {
        "Q1": 0.0482,
        "Q2": 0.0398,
        "Q3": 0.0489,
        "Q4": 0.0456
      },
      "slope": -0.0026
    },
    "per_articulator_type": {
      "d": {
        "n": 115,
        "rho": 0.2475,
        "p": 0.007670417562906145
      },
      "k": {
        "n": 34,
        "rho": 0.1083,
        "p": 0.5420873485004128
      },
      "l": {
        "n": 111,
        "rho": 0.1431,
        "p": 0.13401110737310815
      },
      "p": {
        "n": 54,
        "rho": 0.0535,
        "p": 0.7010167566255731
      },
      "r": {
        "n": 68,
        "rho": 0.2594,
        "p": 0.03268890258925348
      },
      "s": {
        "n": 34,
        "rho": 0.0824,
        "p": 0.643190583760778
      },
      "t": {
        "n": 51,
        "rho": 0.1178,
        "p": 0.4102339814463536
      },
      "y": {
        "n": 431,
        "rho": 0.1073,
        "p": 0.025855261395289136
      }
    },
    "regime_stratified": {
      "REGIME_1": {
        "rho": -0.0326,
        "p": 0.3493469628666751,
        "slope": -0.0036,
        "n": 827
      },
      "REGIME_2": {
        "rho": 0.033,
        "p": 0.41023188098004415,
        "slope": 0.0065,
        "n": 623
      },
      "REGIME_3": {
        "rho": -0.089,
        "p": 0.2270510056654171,
        "slope": -0.0333,
        "n": 186
      },
      "REGIME_4": {
        "rho": -0.0331,
        "p": 0.36119330661195737,
        "slope": -0.0015,
        "n": 765
      }
    }
  },
  "test10_complexity_trajectory": {
    "unique_tokens": {
      "spearman": {
        "rho": -0.196,
        "p": 3.188325830738994e-22
      },
      "kruskal_wallis": {
        "H": 79.04,
        "p": 4.9430102187337596e-17
      },
      "quartile_means": {
        "Q1": 9.8148,
        "Q2": 9.2751,
        "Q3": 8.9578,
        "Q4": 8.4532
      }
    },
    "unique_middles": {
      "spearman": {
        "rho": -0.1743,
        "p": 7.712022739479997e-18
      },
      "kruskal_wallis": {
        "H": 60.55,
        "p": 4.4861432384604393e-13
      },
      "quartile_means": {
        "Q1": 8.5754,
        "Q2": 8.1129,
        "Q3": 7.9427,
        "Q4": 7.4818
      }
    },
    "unique_classes": {
      "spearman": {
        "rho": -0.0746,
        "p": 0.0002514407840462562
      },
      "kruskal_wallis": {
        "H": 14.09,
        "p": 0.0027809668071554624
      },
      "quartile_means": {
        "Q1": 5.7311,
        "Q2": 5.6208,
        "Q3": 5.398,
        "Q4": 5.2837
      }
    },
    "ttr": {
      "spearman": {
        "rho": 0.0169,
        "p": 0.40861706129914566
      },
      "kruskal_wallis": {
        "H": 8.2,
        "p": 0.04198561714452486
      },
      "quartile_means": {
        "Q1": 0.9618,
        "Q2": 0.9672,
        "Q3": 0.9675,
        "Q4": 0.962
      }
    },
    "mean_token_len": {
      "spearman": {
        "rho": -0.0929,
        "p": 5.09213893792695e-06
      },
      "kruskal_wallis": {
        "H": 25.89,
        "p": 1.0055704557093907e-05
      },
      "quartile_means": {
        "Q1": 5.2701,
        "Q2": 5.2282,
        "Q3": 5.2645,
        "Q4": 5.0803
      }
    }
  }
}