{
  "test1_placement_morphology": {
    "prefix_chi2": 807.6580177942792,
    "prefix_cramers_v": 0.18149404399314906,
    "suffix_chi2": 682.9107881755288,
    "suffix_cramers_v": 0.1668901134605058,
    "dependency_detected": true
  },
  "test7_ordering": {
    "r_series": {
      "codes": [
        "R",
        "R1",
        "R2",
        "R3"
      ],
      "word_len_monotonic": false,
      "middle_len_monotonic": true,
      "rep_monotonic": false
    },
    "s_series": {
      "codes": [
        "S",
        "S1",
        "S2"
      ],
      "word_len_monotonic": false,
      "middle_len_monotonic": true,
      "rep_monotonic": false
    },
    "ordering_detected": true
  },
  "test8_forbidden": {
    "total_bigrams": 2068,
    "unique_bigram_types": 78,
    "forbidden_count": 99,
    "enriched_count": 14,
    "forbidden_transitions": [
      [
        "C1",
        "C",
        0,
        6.458413926499033,
        0.0
      ],
      [
        "O",
        "C",
        0,
        6.0996131528046424,
        0.0
      ],
      [
        "S2",
        "R2",
        0,
        9.617021276595745,
        0.0
      ],
      [
        "S2",
        "P",
        0,
        12.950193423597678,
        0.0
      ],
      [
        "S2",
        "R1",
        0,
        13.988394584139265,
        0.0
      ],
      [
        "S2",
        "C",
        0,
        20.272243713733076,
        0.0
      ],
      [
        "S2",
        "R",
        0,
        7.431334622823983,
        0.0
      ],
      [
        "S2",
        "S",
        0,
        6.994197292069632,
        0.0
      ],
      [
        "X",
        "R2",
        0,
        6.468085106382978,
        0.0
      ],
      [
        "X",
        "S1",
        0,
        6.468085106382978,
        0.0
      ]
    ],
    "enriched_transitions": [
      [
        "L",
        "L",
        64,
        2.43762088974855,
        26.255108113469543
      ],
      [
        "Y",
        "Y",
        72,
        3.2514506769825915,
        22.143961927424154
      ],
      [
        "X",
        "X",
        59,
        2.793036750483559,
        21.123961218836563
      ],
      [
        "R3",
        "R3",
        97,
        4.83558994197292,
        20.059600000000003
      ],
      [
        "S",
        "S",
        126,
        7.922630560928433,
        15.90380859375
      ],
      [
        "S2",
        "S2",
        98,
        6.174564796905222,
        15.871563943926699
      ],
      [
        "R",
        "R",
        131,
        8.943907156673113,
        14.646842560553635
      ],
      [
        "R2",
        "R2",
        163,
        14.97872340425532,
        10.882102272727273
      ],
      [
        "S1",
        "S1",
        137,
        14.97872340425532,
        9.146306818181818
      ],
      [
        "P",
        "P",
        220,
        27.1610251450677,
        8.099841549609215
      ]
    ]
  }
}