{
  "test2_repetition": {
    "placement_stats": {
      "B": {
        "count": 3,
        "mean": 2.6666666666666665,
        "max": 3
      },
      "C": {
        "count": 101,
        "mean": 2.5346534653465347,
        "max": 5
      },
      "C1": {
        "count": 7,
        "mean": 2.2857142857142856,
        "max": 3
      },
      "F": {
        "count": 2,
        "mean": 2.0,
        "max": 2
      },
      "I": {
        "count": 7,
        "mean": 2.4285714285714284,
        "max": 3
      },
      "L": {
        "count": 22,
        "mean": 2.6818181818181817,
        "max": 4
      },
      "O": {
        "count": 6,
        "mean": 2.5,
        "max": 3
      },
      "P": {
        "count": 58,
        "mean": 2.9827586206896552,
        "max": 5
      },
      "R": {
        "count": 37,
        "mean": 2.3783783783783785,
        "max": 4
      },
      "R1": {
        "count": 40,
        "mean": 2.225,
        "max": 4
      },
      "R2": {
        "count": 30,
        "mean": 2.066666666666667,
        "max": 3
      },
      "R3": {
        "count": 19,
        "mean": 2.4210526315789473,
        "max": 3
      },
      "R4": {
        "count": 1,
        "mean": 2.0,
        "max": 2
      },
      "S": {
        "count": 39,
        "mean": 2.7435897435897436,
        "max": 4
      },
      "S0": {
        "count": 2,
        "mean": 2.0,
        "max": 2
      },
      "S1": {
        "count": 50,
        "mean": 2.7,
        "max": 6
      },
      "S2": {
        "count": 37,
        "mean": 2.7567567567567566,
        "max": 5
      },
      "S3": {
        "count": 3,
        "mean": 2.0,
        "max": 2
      },
      "U": {
        "count": 2,
        "mean": 2.5,
        "max": 3
      },
      "X": {
        "count": 26,
        "mean": 2.423076923076923,
        "max": 3
      },
      "Y": {
        "count": 22,
        "mean": 2.3181818181818183,
        "max": 3
      },
      "Z": {
        "count": 1,
        "mean": 3.0,
        "max": 3
      }
    },
    "repetition_varies_by_placement": true
  },
  "test3_boundary": {
    "boundary_stats": {
      "C": {
        "total": 408,
        "initial": 74,
        "initial_pct": 18.137254901960784,
        "final": 60,
        "final_pct": 14.705882352941178
      },
      "L": {
        "total": 87,
        "initial": 62,
        "initial_pct": 71.26436781609196,
        "final": 65,
        "final_pct": 74.71264367816092
      },
      "P": {
        "total": 263,
        "initial": 27,
        "initial_pct": 10.26615969581749,
        "final": 41,
        "final_pct": 15.5893536121673
      },
      "R": {
        "total": 162,
        "initial": 54,
        "initial_pct": 33.33333333333333,
        "final": 29,
        "final_pct": 17.901234567901234
      },
      "R1": {
        "total": 256,
        "initial": 9,
        "initial_pct": 3.515625,
        "final": 14,
        "final_pct": 5.46875
      },
      "R2": {
        "total": 176,
        "initial": 7,
        "initial_pct": 3.977272727272727,
        "final": 8,
        "final_pct": 4.545454545454546
      },
      "R3": {
        "total": 109,
        "initial": 10,
        "initial_pct": 9.174311926605505,
        "final": 4,
        "final_pct": 3.669724770642202
      },
      "S": {
        "total": 173,
        "initial": 123,
        "initial_pct": 71.09826589595376,
        "final": 120,
        "final_pct": 69.36416184971098
      },
      "S1": {
        "total": 237,
        "initial": 203,
        "initial_pct": 85.65400843881856,
        "final": 210,
        "final_pct": 88.60759493670885
      },
      "S2": {
        "total": 159,
        "initial": 143,
        "initial_pct": 89.937106918239,
        "final": 145,
        "final_pct": 91.19496855345912
      },
      "X": {
        "total": 95,
        "initial": 81,
        "initial_pct": 85.26315789473684,
        "final": 90,
        "final_pct": 94.73684210526315
      },
      "Y": {
        "total": 104,
        "initial": 48,
        "initial_pct": 46.15384615384615,
        "final": 54,
        "final_pct": 51.92307692307693
      }
    },
    "boundary_specialists_found": true
  },
  "test5_a_section": {
    "placement_section_affinity": {
      "R1": {
        "H": 552,
        "P": 521,
        "T": 409
      },
      "R2": {
        "H": 378,
        "P": 367,
        "T": 297
      },
      "R3": {
        "H": 220,
        "P": 193,
        "T": 163
      },
      "R4": {
        "H": 20,
        "P": 16,
        "T": 10
      },
      "X": {
        "H": 80,
        "P": 83,
        "T": 64
      },
      "Y": {
        "P": 121,
        "T": 94,
        "H": 125
      },
      "P": {
        "H": 591,
        "T": 450,
        "P": 528
      },
      "R": {
        "H": 298,
        "P": 280,
        "T": 211
      },
      "S": {
        "H": 129,
        "P": 113,
        "T": 93
      },
      "L": {
        "T": 51,
        "H": 53,
        "P": 53
      },
      "Z": {
        "H": 6,
        "P": 2,
        "T": 1
      },
      "C": {
        "H": 918,
        "P": 811,
        "T": 670
      },
      "F": {
        "H": 4,
        "P": 4,
        "T": 4
      },
      "U": {
        "H": 15,
        "P": 15,
        "T": 10
      },
      "C1": {
        "H": 75,
        "P": 63,
        "T": 46
      },
      "C2": {
        "H": 4,
        "P": 3,
        "T": 2
      },
      "O": {
        "H": 108,
        "P": 100,
        "T": 86
      },
      "I": {
        "H": 68,
        "P": 67,
        "T": 45
      },
      "B": {
        "H": 21,
        "P": 21,
        "T": 21
      },
      "W": {
        "H": 2,
        "P": 1,
        "T": 1
      },
      "S1": {
        "H": 185,
        "P": 203,
        "T": 161
      },
      "S2": {
        "P": 111,
        "T": 101,
        "H": 119
      },
      "S0": {
        "P": 4,
        "T": 6,
        "H": 3
      },
      "S3": {
        "H": 10,
        "P": 10,
        "T": 7
      }
    }
  },
  "test11_section_placement": {
    "chi_square": 2854.4905531562845,
    "cramers_v": 0.6307003761586493,
    "section_profiles": {
      "Z": {
        "B": 0.0,
        "C": 0.4357298474945534,
        "C1": 0.0,
        "C2": 0.0,
        "F": 0.0,
        "I": 0.0,
        "L": 0.0,
        "O": 0.0,
        "P": 0.0,
        "R": 0.0
      },
      "A": {
        "B": 0.0,
        "C": 21.82741116751269,
        "C1": 4.568527918781726,
        "C2": 0.12690355329949238,
        "F": 0.0,
        "I": 0.0,
        "L": 3.0456852791878175,
        "O": 0.0,
        "P": 17.766497461928935,
        "R": 14.213197969543149
      },
      "C": {
        "B": 1.3636363636363635,
        "C": 35.15151515151515,
        "C1": 0.0,
        "C2": 0.0,
        "F": 1.0606060606060608,
        "I": 3.787878787878788,
        "L": 9.545454545454547,
        "O": 5.151515151515151,
        "P": 14.696969696969697,
        "R": 7.575757575757576
      }
    },
    "dependency_detected": true
  }
}