{
  "real": {
    "b5": 0.09006101453424803,
    "b1": 0.8938110932033912,
    "b3": 13
  },
  "strategies": {
    "Token-Direct": {
      "n_class_pairs": 10,
      "models": {
        "M2": {
          "b5_mean": 0.14157028551486928,
          "b5_std": 0.004724698297644947,
          "b5_pass": 0.1,
          "b1_mean": 0.9025253422451675,
          "b1_std": 0.012276257096789816,
          "b1_pass": 1.0,
          "b3_mean": 19.5,
          "b3_zero": 0.0
        },
        "M5-SF": {
          "b5_mean": 0.12884284432834298,
          "b5_std": 0.003769621353866016,
          "b5_pass": 0.95,
          "b1_mean": 0.9048654576213983,
          "b1_std": 0.013660006706078176,
          "b1_pass": 1.0,
          "b3_mean": 18.1,
          "b3_zero": 0.0
        },
        "M2.5": {
          "b5_mean": 0.09572419120524998,
          "b5_std": 0.003018980115297341,
          "b5_pass": 1.0,
          "b1_mean": 0.8982738112757545,
          "b1_std": 0.01075362432169644,
          "b1_pass": 1.0,
          "b3_mean": 19.9,
          "b3_zero": 0.0
        }
      }
    },
    "C1025-MIDDLE": {
      "n_class_pairs": 684,
      "models": {
        "M2": {
          "b5_mean": 0.3210664869901461,
          "b5_std": 0.005363630755779221,
          "b5_pass": 0.0,
          "b1_mean": 0.879816975927584,
          "b1_std": 0.011506552249982567,
          "b1_pass": 1.0,
          "b3_mean": 0.0,
          "b3_zero": 1.0
        },
        "M5-SF": {
          "b5_mean": 0.1318631220995116,
          "b5_std": 0.004254153756185559,
          "b5_pass": 0.8,
          "b1_mean": 0.8732447480818009,
          "b1_std": 0.009520725770309246,
          "b1_pass": 1.0,
          "b3_mean": 0.0,
          "b3_zero": 1.0
        },
        "M2.5": {
          "b5_mean": 0.16919261908162087,
          "b5_std": 0.004359122064380217,
          "b5_pass": 0.0,
          "b1_mean": 0.8772442491622312,
          "b1_std": 0.011887728192442253,
          "b1_pass": 1.0,
          "b3_mean": 2.45,
          "b3_zero": 0.1
        }
      }
    }
  },
  "verdict": "M5-SF_FIXES_B5",
  "explanation": "Under C1025-MIDDLE forbidden mapping, M5-SF passes both B5 (80%) and B1 (100%). B5=0.1319 vs real 0.0901."
}