{
  "real": {
    "b5": 0.09006101453424803,
    "b1": 0.8938110932033912,
    "b3": 13
  },
  "prefix_symmetry": {
    "prefix_jsd": 0.0506400256482125,
    "class_jsd": 0.09006101453424803,
    "ratio": 1.778455152449691
  },
  "m2": {
    "b5_mean": 0.1418192348575217,
    "b5_std": 0.004541687104351569,
    "b5_pass": 0.1,
    "b1_mean": 0.9018042238143179,
    "b1_std": 0.007074872937167814,
    "b1_pass": 1.0,
    "b3_mean": 18.1
  },
  "m5": {
    "b5_mean": 0.14117765808082255,
    "b5_std": 0.005333512290713761,
    "b5_pass": 0.15,
    "b1_mean": 0.8993356844624169,
    "b1_std": 0.010359504403212526,
    "b1_pass": 1.0,
    "b3_mean": 18.15,
    "b3_pass": 0.0
  },
  "reconstruction_error": 2.7755575615628914e-17,
  "verdict": "M5_IMPROVES_B5",
  "explanation": "M5 improves B5 (pass rate 15% vs M2 10%) but may not fully resolve all regressions."
}