{
  "real": {
    "b5": 0.09006101453424803,
    "b1": 0.8938110932033912,
    "b3": 13
  },
  "forbidden_analysis": {
    "total_class_pairs": 10,
    "symmetric": 2,
    "asymmetric": 8,
    "m2_cells_zeroed": 10,
    "m5sf_cells_zeroed": 18
  },
  "models": {
    "M2": {
      "b5_mean": 0.14157028551486928,
      "b5_std": 0.004724698297644947,
      "b5_pass": 0.1,
      "b1_mean": 0.9025253422451675,
      "b1_std": 0.012276257096789816,
      "b1_pass": 1.0,
      "b3_mean": 19.5,
      "b3_pass": 0.0
    },
    "M5-SF": {
      "b5_mean": 0.12987161738528968,
      "b5_std": 0.003517404252107328,
      "b5_pass": 0.85,
      "b1_mean": 0.9065150704547836,
      "b1_std": 0.006631067020992858,
      "b1_pass": 1.0,
      "b3_mean": 18.5,
      "b3_pass": 0.0
    },
    "M2.5": {
      "b5_mean": 0.09404281523854496,
      "b5_std": 0.0024938153834780205,
      "b5_pass": 1.0,
      "b1_mean": 0.8980618514880557,
      "b1_std": 0.010905029268298233,
      "b1_pass": 1.0,
      "b3_mean": 19.05,
      "b3_pass": 0.0
    },
    "M5-2": {
      "b5_mean": 0.14906143121621188,
      "b5_std": 0.004621082574774539,
      "b5_pass": 0.0,
      "b1_mean": 0.8994280199090188,
      "b1_std": 0.0075882083496847524,
      "b1_pass": 1.0,
      "b3_mean": 19.35
    }
  },
  "verdict": "BEST_MODEL_M2.5",
  "explanation": "M2.5 achieves B5 pass=100%, B1 pass=100%. B5=0.0940 vs real 0.0901."
}