{
  "test1_ht_a": {
    "rho": -0.36663028420301413,
    "p": 0.0006519379952077322,
    "significant": "True"
  },
  "test2_ht_azc": {
    "rho": -0.14810461357625623,
    "p": 0.1814785242628171,
    "significant": "False"
  },
  "test3_a_azc": {
    "rho": 0.538600394609798,
    "p": 1.5025193202515662e-07,
    "significant": "True"
  },
  "profile_complexity": {
    "LOW": {
      "ht": 0.20588594275570835,
      "a": 0.7297968143827175,
      "azc": 0.608010992958911,
      "add": 1.5436937500973371,
      "mult": 0.09304413832341223,
      "n": 6
    },
    "MODERATE": {
      "ht": 0.28575167148942865,
      "a": 0.7014435305972238,
      "azc": 0.5873923921353892,
      "add": 1.5745875942220413,
      "mult": 0.11764540147733125,
      "n": 50
    },
    "HIGH": {
      "ht": 0.35522298789826817,
      "a": 0.694030280244799,
      "azc": 0.5852963134880811,
      "add": 1.6345495816311482,
      "mult": 0.1447338247895271,
      "n": 23
    },
    "EXTREME": {
      "ht": 0.4280425675821582,
      "a": 0.5987544804848713,
      "azc": 0.5541784825075542,
      "add": 1.5809755305745838,
      "mult": 0.14203726449309007,
      "n": 4
    }
  },
  "top_folios": [
    [
      "f86v5",
      0.2300676486853801
    ],
    [
      "f40r",
      0.19955349016053545
    ],
    [
      "f86v3",
      0.18628093687901573
    ],
    [
      "f33v",
      0.18430434686782418
    ],
    [
      "f55r",
      0.1820840703633777
    ]
  ],
  "verdict": "INTERACTION_DETECTED"
}