{
  "baseline_rates": {
    "OTHER": 0.19171986844650804,
    "KERNEL": 0.6957341845618108,
    "LINK": 0.12724898432965756,
    "CC_OL_DERIVED": 0.0130586186883343,
    "CC": 0.0434803637067131,
    "CC_DAIIN": 0.011075643257883537,
    "FL": 0.048075062874830723,
    "CC_OL": 0.01934610176049526
  },
  "cc_successors": {
    "CC_DAIIN": {
      "total": 335,
      "successors": {
        "LINK": {
          "count": 34,
          "rate": 0.10149253731343283,
          "baseline": 0.12724898432965756,
          "enrichment": 0.7975901564015726
        },
        "KERNEL": {
          "count": 212,
          "rate": 0.6328358208955224,
          "baseline": 0.6957341845618108,
          "enrichment": 0.9095942601901856
        },
        "FL": {
          "count": 21,
          "rate": 0.0626865671641791,
          "baseline": 0.048075062874830723,
          "enrichment": 1.3039310489804496
        },
        "CC": {
          "count": 14,
          "rate": 0.041791044776119404,
          "baseline": 0.0434803637067131,
          "enrichment": 0.9611475437052779
        },
        "OTHER": {
          "count": 40,
          "rate": 0.11940298507462686,
          "baseline": 0.19171986844650804,
          "enrichment": 0.6227992228564543
        }
      }
    },
    "CC_OL": {
      "total": 441,
      "successors": {
        "LINK": {
          "count": 50,
          "rate": 0.11337868480725624,
          "baseline": 0.12724898432965756,
          "enrichment": 0.8909987408114141
        },
        "KERNEL": {
          "count": 271,
          "rate": 0.6145124716553289,
          "baseline": 0.6957341845618108,
          "enrichment": 0.883257550500214
        },
        "FL": {
          "count": 16,
          "rate": 0.036281179138321996,
          "baseline": 0.048075062874830723,
          "enrichment": 0.7546777262212732
        },
        "CC": {
          "count": 19,
          "rate": 0.04308390022675737,
          "baseline": 0.0434803637067131,
          "enrichment": 0.9908817809660015
        },
        "OTHER": {
          "count": 66,
          "rate": 0.14965986394557823,
          "baseline": 0.19171986844650804,
          "enrichment": 0.7806173932741612
        }
      }
    },
    "CC_OL_DERIVED": {
      "total": 325,
      "successors": {
        "LINK": {
          "count": 53,
          "rate": 0.16307692307692306,
          "baseline": 0.12724898432965756,
          "enrichment": 1.2815577580913955
        },
        "KERNEL": {
          "count": 184,
          "rate": 0.5661538461538461,
          "baseline": 0.6957341845618108,
          "enrichment": 0.8137502205823374
        },
        "FL": {
          "count": 5,
          "rate": 0.015384615384615385,
          "baseline": 0.048075062874830723,
          "enrichment": 0.320012381984213
        },
        "CC": {
          "count": 18,
          "rate": 0.055384615384615386,
          "baseline": 0.0434803637067131,
          "enrichment": 1.273784546932489
        },
        "OTHER": {
          "count": 47,
          "rate": 0.14461538461538462,
          "baseline": 0.19171986844650804,
          "enrichment": 0.754305674144221
        }
      }
    },
    "CC": {
      "total": 1101,
      "successors": {
        "LINK": {
          "count": 137,
          "rate": 0.12443233424159855,
          "baseline": 0.12724898432965756,
          "enrichment": 0.9778650485668157
        },
        "KERNEL": {
          "count": 667,
          "rate": 0.6058128973660308,
          "baseline": 0.6957341845618108,
          "enrichment": 0.8707533865790792
        },
        "FL": {
          "count": 42,
          "rate": 0.03814713896457766,
          "baseline": 0.048075062874830723,
          "enrichment": 0.7934911923859231
        },
        "CC": {
          "count": 51,
          "rate": 0.04632152588555858,
          "baseline": 0.0434803637067131,
          "enrichment": 1.0653435697550713
        },
        "OTHER": {
          "count": 153,
          "rate": 0.13896457765667575,
          "baseline": 0.19171986844650804,
          "enrichment": 0.7248313843666568
        }
      }
    }
  },
  "total_transitions": 20676
}