{
  "DAIIN": {
    "offset_1": {
      "qo": 14,
      "chsh": 139,
      "total": 153,
      "qo_rate": 0.0915032679738562,
      "chsh_rate": 0.9084967320261438,
      "dominant": "CHSH",
      "chi2": 102.12418300653594,
      "p": 0.0
    },
    "offset_2": {
      "qo": 48,
      "chsh": 56,
      "total": 104,
      "qo_rate": 0.46153846153846156,
      "chsh_rate": 0.5384615384615384,
      "dominant": "CHSH",
      "chi2": 0.6153846153846154,
      "p": 0.43276758066778465
    },
    "offset_3": {
      "qo": 42,
      "chsh": 59,
      "total": 101,
      "qo_rate": 0.4158415841584158,
      "chsh_rate": 0.5841584158415841,
      "dominant": "CHSH",
      "chi2": 2.8613861386138613,
      "p": 0.09072928358419041
    },
    "offset_5": {
      "qo": 18,
      "chsh": 53,
      "total": 71,
      "qo_rate": 0.2535211267605634,
      "chsh_rate": 0.7464788732394366,
      "dominant": "CHSH",
      "chi2": 17.253521126760564,
      "p": 3.2709080991844e-05
    },
    "offset_10": {
      "qo": 2,
      "chsh": 9,
      "total": 11,
      "qo_rate": 0.18181818181818182,
      "chsh_rate": 0.8181818181818182,
      "dominant": "CHSH",
      "chi2": 4.454545454545454,
      "p": 0.034808478811867216
    }
  },
  "OL": {
    "offset_1": {
      "qo": 11,
      "chsh": 150,
      "total": 161,
      "qo_rate": 0.06832298136645963,
      "chsh_rate": 0.9316770186335404,
      "dominant": "CHSH",
      "chi2": 120.00621118012423,
      "p": 0.0
    },
    "offset_2": {
      "qo": 76,
      "chsh": 78,
      "total": 154,
      "qo_rate": 0.4935064935064935,
      "chsh_rate": 0.5064935064935064,
      "dominant": "CHSH",
      "chi2": 0.025974025974025976,
      "p": 0.8719637673702084
    },
    "offset_3": {
      "qo": 53,
      "chsh": 69,
      "total": 122,
      "qo_rate": 0.4344262295081967,
      "chsh_rate": 0.5655737704918032,
      "dominant": "CHSH",
      "chi2": 2.098360655737705,
      "p": 0.1474571630308359
    },
    "offset_5": {
      "qo": 42,
      "chsh": 54,
      "total": 96,
      "qo_rate": 0.4375,
      "chsh_rate": 0.5625,
      "dominant": "CHSH",
      "chi2": 1.5,
      "p": 0.22067136191984704
    }
  },
  "OL_DERIVED": {
    "offset_1": {
      "qo": 70,
      "chsh": 52,
      "total": 122,
      "qo_rate": 0.5737704918032787,
      "chsh_rate": 0.4262295081967213,
      "dominant": "QO",
      "chi2": 2.6557377049180326,
      "p": 0.1031768800930285
    },
    "offset_2": {
      "qo": 40,
      "chsh": 60,
      "total": 100,
      "qo_rate": 0.4,
      "chsh_rate": 0.6,
      "dominant": "CHSH",
      "chi2": 4.0,
      "p": 0.04550026389635853
    },
    "offset_3": {
      "qo": 31,
      "chsh": 41,
      "total": 72,
      "qo_rate": 0.4305555555555556,
      "chsh_rate": 0.5694444444444444,
      "dominant": "CHSH",
      "chi2": 1.3888888888888888,
      "p": 0.23859282931643544
    },
    "offset_5": {
      "qo": 18,
      "chsh": 24,
      "total": 42,
      "qo_rate": 0.42857142857142855,
      "chsh_rate": 0.5714285714285714,
      "dominant": "CHSH",
      "chi2": 0.8571428571428571,
      "p": 0.35453947977350153
    }
  }
}