{
  "CC": {
    "total": 1023,
    "first": 124,
    "middle": 808,
    "last": 91,
    "first_rate": 0.12121212121212122,
    "middle_rate": 0.7898338220918866,
    "last_rate": 0.08895405669599218,
    "boundary_rate": 0.2101661779081134,
    "boundary_enrichment": 1.00776691376804,
    "chi2": 5.120717698945362,
    "p": 0.0772770046547401
  },
  "LINK": {
    "total": 3044,
    "first": 415,
    "middle": 2261,
    "last": 368,
    "first_rate": 0.13633377135348226,
    "middle_rate": 0.742772667542707,
    "last_rate": 0.12089356110381078,
    "boundary_rate": 0.257227332457293,
    "boundary_enrichment": 1.2334296486117162,
    "chi2": 47.18503778616979,
    "p": 5.674129331582729e-11
  },
  "DAIIN": {
    "total": 314,
    "first": 85,
    "middle": 205,
    "last": 24,
    "first_rate": 0.27070063694267515,
    "middle_rate": 0.6528662420382165,
    "last_rate": 0.07643312101910828,
    "boundary_rate": 0.3471337579617834,
    "boundary_enrichment": 1.6645395534518268,
    "chi2": 93.36173190326524,
    "p": 5.330371850104799e-21
  },
  "OL": {
    "total": 421,
    "first": 21,
    "middle": 360,
    "last": 40,
    "first_rate": 0.0498812351543943,
    "middle_rate": 0.8551068883610451,
    "last_rate": 0.09501187648456057,
    "boundary_rate": 0.14489311163895488,
    "boundary_enrichment": 0.6947763212712479,
    "chi2": 14.44636018549993,
    "p": 0.0007294789157496443
  },
  "OL_DERIVED": {
    "total": 288,
    "first": 18,
    "middle": 243,
    "last": 27,
    "first_rate": 0.0625,
    "middle_rate": 0.84375,
    "last_rate": 0.09375,
    "boundary_rate": 0.15625,
    "boundary_enrichment": 0.7492336866167914,
    "chi2": 6.120705502015412,
    "p": 0.04687115845510234
  }
}