{
  "test": "T2_hazard_gate_estimation",
  "description": "Characterization of lane transition perturbation caused by hazard tokens",
  "n_hazard_events": 956,
  "n_hazard_with_subsequent_en": 504,
  "max_offset": 5,
  "baseline": {
    "source": "t1_transition_matrices.json",
    "QO_fraction": 0.46261220672410097,
    "CHSH_fraction": 0.537387793275899
  },
  "per_offset": {
    "1": {
      "n": 504,
      "n_QO": 125,
      "n_CHSH": 379,
      "CHSH_fraction": 0.751984126984127,
      "QO_fraction": 0.24801587301587302,
      "KL_divergence": 0.09805088355552341,
      "cramers_V": 0.4303976142105908,
      "chi2_statistic": 93.36202158435695,
      "chi2_p_value": 4.35528174821607e-22,
      "bonferroni_alpha": 0.01,
      "significant": true
    },
    "2": {
      "n": 301,
      "n_QO": 144,
      "n_CHSH": 157,
      "CHSH_fraction": 0.521594684385382,
      "QO_fraction": 0.47840531561461797,
      "KL_divergence": 0.0005009404854571867,
      "cramers_V": 0.03167489523231282,
      "chi2_statistic": 0.30199299538137614,
      "chi2_p_value": 0.5826356810091137,
      "bonferroni_alpha": 0.01,
      "significant": false
    },
    "3": {
      "n": 166,
      "n_QO": 73,
      "n_CHSH": 93,
      "CHSH_fraction": 0.5602409638554217,
      "QO_fraction": 0.4397590361445783,
      "KL_divergence": 0.0010531943010502164,
      "cramers_V": 0.04583466047443048,
      "chi2_statistic": 0.3487354727338491,
      "chi2_p_value": 0.5548298225574018,
      "bonferroni_alpha": 0.01,
      "significant": false
    },
    "4": {
      "n": 94,
      "n_QO": 45,
      "n_CHSH": 49,
      "CHSH_fraction": 0.5212765957446809,
      "QO_fraction": 0.4787234042553192,
      "KL_divergence": 0.00052130951219111,
      "cramers_V": 0.03231285856420953,
      "chi2_statistic": 0.0981473578875173,
      "chi2_p_value": 0.754064306889499,
      "bonferroni_alpha": 0.01,
      "significant": false
    },
    "5": {
      "n": 47,
      "n_QO": 20,
      "n_CHSH": 27,
      "CHSH_fraction": 0.574468085106383,
      "QO_fraction": 0.425531914893617,
      "KL_divergence": 0.0027782861896573988,
      "cramers_V": 0.0743687874918286,
      "chi2_statistic": 0.2599436779912238,
      "chi2_p_value": 0.6101588514040577,
      "bonferroni_alpha": 0.01,
      "significant": false
    }
  },
  "gate_duration": {
    "offset": 2,
    "note": "Returns to baseline at offset +2",
    "criterion": "KL < 0.01 or chi2 p > bonferroni_alpha",
    "bonferroni_alpha": 0.01
  },
  "gate_transition_matrix": {
    "P_QO_given_post_hazard": 0.24801587301587302,
    "P_CHSH_given_post_hazard": 0.751984126984127,
    "n": 504
  },
  "class_comparison_per_offset": {
    "1": {
      "n_class7": 222,
      "n_class30": 282,
      "CHSH_frac_class7": 0.7342342342342343,
      "CHSH_frac_class30": 0.7659574468085106,
      "delta_CHSH": 0.03172321257427635,
      "test": "chi2_yates",
      "p_value": 0.47472839902819186,
      "significant": false
    },
    "2": {
      "n_class7": 122,
      "n_class30": 179,
      "CHSH_frac_class7": 0.5737704918032787,
      "CHSH_frac_class30": 0.4860335195530726,
      "delta_CHSH": 0.08773697225020605,
      "test": "chi2_yates",
      "p_value": 0.16804241018600297,
      "significant": false
    },
    "3": {
      "n_class7": 65,
      "n_class30": 101,
      "CHSH_frac_class7": 0.5384615384615384,
      "CHSH_frac_class30": 0.5742574257425742,
      "delta_CHSH": 0.035795887281035776,
      "test": "chi2_yates",
      "p_value": 0.769259146112821,
      "significant": false
    },
    "4": {
      "n_class7": 31,
      "n_class30": 63,
      "CHSH_frac_class7": 0.6129032258064516,
      "CHSH_frac_class30": 0.47619047619047616,
      "delta_CHSH": 0.13671274961597546,
      "test": "chi2_yates",
      "p_value": 0.30401877907551844,
      "significant": false
    },
    "5": {
      "n_class7": 13,
      "n_class30": 34,
      "CHSH_frac_class7": 0.5384615384615384,
      "CHSH_frac_class30": 0.5882352941176471,
      "delta_CHSH": 0.04977375565610864,
      "test": "chi2_yates",
      "p_value": 1.0,
      "significant": false
    }
  },
  "class_comparison_pooled": {
    "offsets_pooled": "1-3",
    "n_class7": 409,
    "n_class30": 562,
    "CHSH_frac_class7": 0.6552567237163814,
    "CHSH_frac_class30": 0.6423487544483986,
    "chi2_statistic": 0.12092369630491197,
    "p_value": 0.7280348177895068,
    "significant": false,
    "c651_match": true
  },
  "targets": {
    "c645_offset1_chsh": {
      "target": 0.75,
      "actual": 0.751984126984127,
      "pass": true
    },
    "gate_decay_by_offset3": {
      "estimated_duration": 2,
      "pass": true
    },
    "c651_no_class_difference": {
      "pooled_p": 0.7280348177895068,
      "pass": true
    }
  },
  "verdict": "PASS"
}