{
  "test": "T4_section_parameterization",
  "description": "Test whether section-specific Markov matrices fully account for observed oscillation dynamics",
  "n_simulations": 10000,
  "min_transitions_threshold": 50,
  "seed": 42,
  "sections_tested": [
    "B",
    "C",
    "H",
    "S",
    "T"
  ],
  "sections_skipped": [],
  "section_results": {
    "B": {
      "name": "BIO",
      "n_transitions": 1269,
      "observed": {
        "alternation_rate": 0.6063418406805878,
        "qo_fraction": 0.538073908174692,
        "transition_entropy": 0.9638142447913618,
        "qo_run_lengths": {
          "mean": 1.4321907600596124,
          "median": 1.0,
          "max": 5,
          "count": 671,
          "histogram": {
            "1": 0.6929955290611028,
            "2": 0.21162444113263784,
            "3": 0.07302533532041729,
            "4": 0.014903129657228018,
            "5": 0.007451564828614009
          }
        },
        "chsh_run_lengths": {
          "mean": 1.3613861386138615,
          "median": 1.0,
          "max": 7,
          "count": 606,
          "histogram": {
            "1": 0.7343234323432343,
            "2": 0.20462046204620463,
            "3": 0.041254125412541254,
            "4": 0.009900990099009901,
            "5": 0.006600660066006601,
            "6": 0.0016501650165016502,
            "7": 0.0016501650165016502
          }
        }
      },
      "simulated": {
        "alternation_rate": {
          "mean": 0.6077388244392885,
          "ci_low": 0.5808197989172467,
          "ci_high": 0.6349574632637278,
          "std": 0.0135548664482122
        },
        "qo_fraction": {
          "mean": 0.5237338185890258,
          "ci_low": 0.5044792833146696,
          "ci_high": 0.5436730123180291,
          "std": 0.01007863303856576
        },
        "transition_entropy": {
          "mean": 0.9626040033556419,
          "ci_low": 0.9434866295340452,
          "ci_high": 0.9784237286694051,
          "std": 0.008856353410438384
        },
        "qo_run_mean": {
          "mean": 1.4367284716713422,
          "ci_low": 1.3818708631635823,
          "ci_high": 1.4938659658835853,
          "std": 0.028747864403727806
        },
        "chsh_run_mean": {
          "mean": 1.3554381184082274,
          "ci_low": 1.3058996983000462,
          "ci_high": 1.4080652641027034,
          "std": 0.026125319981892502
        }
      },
      "checks": {
        "alternation_rate": {
          "observed": 0.6063418406805878,
          "sim_mean": 0.6077388244392885,
          "sim_ci": [
            0.5808197989172467,
            0.6349574632637278
          ],
          "delta": 0.0013969837587006761,
          "in_95ci": true,
          "within_002": true,
          "pass": true
        },
        "qo_fraction": {
          "observed": 0.538073908174692,
          "sim_mean": 0.5237338185890258,
          "sim_ci": [
            0.5044792833146696,
            0.5436730123180291
          ],
          "delta": 0.014340089585666238,
          "in_95ci": true,
          "pass": true
        },
        "transition_entropy": {
          "observed": 0.9638142447913618,
          "sim_mean": 0.9626040033556419,
          "sim_ci": [
            0.9434866295340452,
            0.9784237286694051
          ],
          "delta_bits": 0.0012102414357199054,
          "in_95ci": true,
          "within_01_bits": true,
          "pass": true
        },
        "qo_run_mean": {
          "observed": 1.4321907600596124,
          "sim_mean": 1.4367284716713422,
          "sim_ci": [
            1.3818708631635823,
            1.4938659658835853
          ],
          "delta": 0.004537711611729778,
          "in_95ci": true,
          "pass": true
        },
        "chsh_run_mean": {
          "observed": 1.3613861386138615,
          "sim_mean": 1.3554381184082274,
          "sim_ci": [
            1.3058996983000462,
            1.4080652641027034
          ],
          "delta": 0.005948020205634119,
          "in_95ci": true,
          "pass": true
        }
      },
      "metrics_passed": 5,
      "metrics_total": 5,
      "section_pass": true
    },
    "C": {
      "name": "COSMO",
      "n_transitions": 139,
      "observed": {
        "alternation_rate": 0.5205479452054794,
        "qo_fraction": 0.47783251231527096,
        "transition_entropy": 0.9958221469813732,
        "qo_run_lengths": {
          "mean": 1.4264705882352942,
          "median": 1.0,
          "max": 4,
          "count": 68,
          "histogram": {
            "1": 0.7058823529411765,
            "2": 0.19117647058823528,
            "3": 0.07352941176470588,
            "4": 0.029411764705882353
          }
        },
        "chsh_run_lengths": {
          "mean": 1.6307692307692307,
          "median": 1.0,
          "max": 8,
          "count": 65,
          "histogram": {
            "1": 0.6307692307692307,
            "2": 0.26153846153846155,
            "3": 0.03076923076923077,
            "4": 0.046153846153846156,
            "5": 0.015384615384615385,
            "8": 0.015384615384615385
          }
        }
      },
      "simulated": {
        "alternation_rate": {
          "mean": 0.5266767123287671,
          "ci_low": 0.4452054794520548,
          "ci_high": 0.6095890410958904,
          "std": 0.041905681924045035
        },
        "qo_fraction": {
          "mean": 0.4738990147783252,
          "ci_low": 0.4088669950738916,
          "ci_high": 0.541871921182266,
          "std": 0.033684604344224975
        },
        "transition_entropy": {
          "mean": 0.9857410937498305,
          "ci_low": 0.9495502058956915,
          "ci_high": 0.9997176337788551,
          "std": 0.013717633920330987
        },
        "qo_run_mean": {
          "mean": 1.4724979912707623,
          "ci_low": 1.2972867398648649,
          "ci_high": 1.671875,
          "std": 0.094839203877846
        },
        "chsh_run_mean": {
          "mean": 1.5627157903063003,
          "ci_low": 1.3733333333333333,
          "ci_high": 1.7777777777777777,
          "std": 0.10295726075999764
        }
      },
      "checks": {
        "alternation_rate": {
          "observed": 0.5205479452054794,
          "sim_mean": 0.5266767123287671,
          "sim_ci": [
            0.4452054794520548,
            0.6095890410958904
          ],
          "delta": 0.006128767123287693,
          "in_95ci": true,
          "within_002": true,
          "pass": true
        },
        "qo_fraction": {
          "observed": 0.47783251231527096,
          "sim_mean": 0.4738990147783252,
          "sim_ci": [
            0.4088669950738916,
            0.541871921182266
          ],
          "delta": 0.003933497536945774,
          "in_95ci": true,
          "pass": true
        },
        "transition_entropy": {
          "observed": 0.9958221469813732,
          "sim_mean": 0.9857410937498305,
          "sim_ci": [
            0.9495502058956915,
            0.9997176337788551
          ],
          "delta_bits": 0.010081053231542625,
          "in_95ci": true,
          "within_01_bits": true,
          "pass": true
        },
        "qo_run_mean": {
          "observed": 1.4264705882352942,
          "sim_mean": 1.4724979912707623,
          "sim_ci": [
            1.2972867398648649,
            1.671875
          ],
          "delta": 0.04602740303546815,
          "in_95ci": true,
          "pass": true
        },
        "chsh_run_mean": {
          "observed": 1.6307692307692307,
          "sim_mean": 1.5627157903063003,
          "sim_ci": [
            1.3733333333333333,
            1.7777777777777777
          ],
          "delta": 0.06805344046293049,
          "in_95ci": true,
          "pass": true
        }
      },
      "metrics_passed": 5,
      "metrics_total": 5,
      "section_pass": true
    },
    "H": {
      "name": "HERBAL_B",
      "n_transitions": 302,
      "observed": {
        "alternation_rate": 0.459546925566343,