{
  "test": "T5_folio_drift_estimation",
  "description": "Within-folio temporal drift in lane balance (QO fraction across quartiles)",
  "overall": {
    "n_folios": 82,
    "n_observations": 324,
    "spearman_rho": 0.058691142694701985,
    "spearman_p": 0.2922192255027657,
    "linear_slope": 0.010141638401638557,
    "linear_intercept": 0.38761757288455556
  },
  "overall_partial_correlation": {
    "partial_rho": 0.030048288742628076,
    "partial_p": 0.5899555105257291,
    "controlling_for": "EN_density",
    "method": "residual_regression_then_spearman"
  },
  "drift_classification": {
    "overall": "no_significant_drift",
    "per_regime": {
      "REGIME_1": "no_significant_drift",
      "REGIME_2": "no_significant_drift",
      "REGIME_3": "no_significant_drift",
      "REGIME_4": "no_significant_drift"
    },
    "criteria": {
      "significance_threshold": 0.05,
      "partial_near_zero_threshold": 0.03,
      "logic": "intrinsic if raw rho significant AND partial rho significant and not near zero; density_emergent if raw rho significant but partial rho near zero or insignificant; no_significant_drift if raw rho not significant"
    }
  },
  "per_regime": {
    "REGIME_1": {
      "n_folios": 23,
      "n_observations": 92,
      "mean_qo_per_quartile": {
        "Q1": 0.43507694116042744,
        "Q2": 0.4514968016789385,
        "Q3": 0.45677833269518037,
        "Q4": 0.46448833619784663
      },
      "mean_en_density_per_quartile": {
        "Q1": 0.3549042738315779,
        "Q2": 0.3692980265173732,
        "Q3": 0.3843361210930088,
        "Q4": 0.39117762326307765
      },
      "delta_QO": 0.00935157161284995,
      "spearman_rho": 0.03240404171467457,
      "spearman_p": 0.7591177031428273,
      "partial_rho_controlling_en_density": 0.006673550853073995,
      "partial_p_controlling_en_density": 0.9496582473635736,
      "drift_classification": "no_significant_drift"
    },
    "REGIME_2": {
      "n_folios": 24,
      "n_observations": 92,
      "mean_qo_per_quartile": {
        "Q1": 0.3742886935561893,
        "Q2": 0.3537765948479283,
        "Q3": 0.31000981942672706,
        "Q4": 0.36256684659817306
      },
      "mean_en_density_per_quartile": {
        "Q1": 0.21932640549575688,
        "Q2": 0.23596980869722492,
        "Q3": 0.25191545350186867,
        "Q4": 0.24838569055276627
      },
      "delta_QO": -0.008718148745526271,
      "spearman_rho": -0.03139415333533737,
      "spearman_p": 0.7664067810782442,
      "partial_rho_controlling_en_density": -0.05218744942858201,
      "partial_p_controlling_en_density": 0.6212657348810641,
      "drift_classification": "no_significant_drift"
    },
    "REGIME_3": {
      "n_folios": 8,
      "n_observations": 32,
      "mean_qo_per_quartile": {
        "Q1": 0.39436524088226876,
        "Q2": 0.34290674603174603,
        "Q3": 0.416693722943723,
        "Q4": 0.471031746031746
      },
      "mean_en_density_per_quartile": {
        "Q1": 0.2888771186440678,
        "Q2": 0.275243297436518,
        "Q3": 0.27576454134974315,
        "Q4": 0.30442911287923
      },
      "delta_QO": 0.03037864923604088,
      "spearman_rho": 0.11366768136153764,
      "spearman_p": 0.5356318574121556,
      "partial_rho_controlling_en_density": 0.11364677895773985,
      "partial_p_controlling_en_density": 0.5357073707962668,
      "drift_classification": "no_significant_drift"
    },
    "REGIME_4": {
      "n_folios": 27,
      "n_observations": 108,
      "mean_qo_per_quartile": {
        "Q1": 0.3785680111082084,
        "Q2": 0.37206359056310306,
        "Q3": 0.45299201144428164,
        "Q4": 0.41371772102322385
      },
      "mean_en_density_per_quartile": {
        "Q1": 0.23997988703297696,
        "Q2": 0.2619208204885743,
        "Q3": 0.2626599321675032,
        "Q4": 0.27039147757483684
      },
      "delta_QO": 0.018637755062622503,
      "spearman_rho": 0.11195443571078537,
      "spearman_p": 0.24868183956458148,
      "partial_rho_controlling_en_density": 0.09707567797171826,
      "partial_p_controlling_en_density": 0.3175700133145838,
      "drift_classification": "no_significant_drift"
    }
  },
  "per_folio_drift": [
    {
      "folio": "f26r",
      "regime": "REGIME_3",
      "n_lines": 10,
      "QO_Q1": 0.0,
      "QO_Q4": 0.42857142857142855,
      "delta": 0.42857142857142855
    },
    {
      "folio": "f26v",
      "regime": "REGIME_2",
      "n_lines": 9,
      "QO_Q1": 0.3333333333333333,
      "QO_Q4": null,
      "delta": null
    },
    {
      "folio": "f31r",
      "regime": "REGIME_4",
      "n_lines": 16,
      "QO_Q1": 0.5714285714285714,
      "QO_Q4": 0.4166666666666667,
      "delta": -0.1547619047619047
    },
    {
      "folio": "f31v",
      "regime": "REGIME_2",
      "n_lines": 11,
      "QO_Q1": 0.0,
      "QO_Q4": 0.0,
      "delta": 0.0
    },
    {
      "folio": "f33r",
      "regime": "REGIME_4",
      "n_lines": 7,
      "QO_Q1": 0.6666666666666666,
      "QO_Q4": 0.0,
      "delta": -0.6666666666666666
    },
    {
      "folio": "f33v",
      "regime": "REGIME_2",
      "n_lines": 11,
      "QO_Q1": 0.0,
      "QO_Q4": 0.0,
      "delta": 0.0
    },
    {
      "folio": "f34r",
      "regime": "REGIME_3",
      "n_lines": 15,
      "QO_Q1": 0.3333333333333333,
      "QO_Q4": 0.5,
      "delta": 0.16666666666666669
    },
    {
      "folio": "f34v",
      "regime": "REGIME_4",
      "n_lines": 11,
      "QO_Q1": 0.125,
      "QO_Q4": 0.3333333333333333,
      "delta": 0.20833333333333331
    },
    {
      "folio": "f39r",
      "regime": "REGIME_1",
      "n_lines": 16,
      "QO_Q1": 0.0,
      "QO_Q4": 0.2,
      "delta": 0.2
    },
    {
      "folio": "f39v",
      "regime": "REGIME_2",
      "n_lines": 14,
      "QO_Q1": 0.2857142857142857,
      "QO_Q4": 0.25,
      "delta": -0.0357142857142857
    },
    {
      "folio": "f40r",
      "regime": "REGIME_2",
      "n_lines": 11,
      "QO_Q1": 0.3333333333333333,
      "QO_Q4": null,
      "delta": null
    },
    {
      "folio": "f40v",
      "regime": "REGIME_2",
      "n_lines": 19,
      "QO_Q1": 0.6,
      "QO_Q4": 0.2,
      "delta": -0.39999999999999997
    },
    {
      "folio": "f41r",
      "regime": "REGIME_1",
      "n_lines": 11,
      "QO_Q1": 0.6666666666666666,
      "QO_Q4": 0.375,
      "delta": -0.29166666666666663
    },
    {
      "folio": "f41v",
      "regime": "REGIME_4",
      "n_lines": 8,
      "QO_Q1": 1.0,
      "QO_Q4": 0.0,
      "delta": -1.0
    },
    {
      "folio": "f43r",
      "regime": "REGIME_4",
      "n_lines": 14,
      "QO_Q1": 0.3333333333333333,
      "QO_Q4": 0.125,
      "delta": -0.20833333333333331
    },
    {
      "folio": "f43v",
      "regime": "REGIME_4",
      "n_lines": 16,
      "QO_Q1": 0.14285714285714285,
      "QO_Q4": 0.0,
      "delta": -0.14285714285714285
    },
    {
      "folio": "f46r",
      "regime": "REGIME_4",
      "n_lines": 15,
      "QO_Q1": 0.17647058823529413,
      "QO_Q4": 0.17647058823529413,
      "delta": 0.0
    },
    {
      "folio": "f46v",
      "regime": "REGIME_4",
      "n_lines": 12,
      "QO_Q1": 0.0,
      "QO_Q4": 0.125,
      "delta": 0.125
    },
    {
      "folio": "f48r",
      "regime": "REGIME_4",
      "n_lines": 9,
      "QO_Q1": 0.6666666666666666,
      "QO_Q4": 0.0,
      "delta": -0.6666666666666666
    },
    {
      "folio": "f48v",
      "regime": "REGIME_2",
      "n_lines": 11,
      "QO_Q1": 0.0,
      "QO_Q4": 0.0,
      "delta": 0.0
    },
    {
      "folio": "f50r",
      "regime": "REGIME_4",
      "n_lines": 10,
      "QO_Q1": 0.0,
      "QO_Q4": 1.0,
      "delta": 1.0
    },
    {
      "folio": "f50v",
      "regime": "REGIME_2",
      "n_lines": 11,
      "QO_Q1": 0.6666666666666666,
      "QO_Q4": 0.5,
      "delta": -0.16666666666666663
    },
    {
      "folio": "f55r",
      "regime": "REGIME_2",
      "n_lines": 13,
      "QO_Q1": 0.6666666666666666,
      "QO_Q4": 0.42857142857142855,