{
  "metadata": {
    "phase": 4,
    "description": "Animal REGIME clustering",
    "high_reception_threshold": 0.6405718495168918,
    "high_reception_folios_count": 23,
    "folios_with_regime_assignment": 23
  },
  "regime_distribution": {
    "high_reception": {
      "REGIME_3": 5,
      "REGIME_4": 15,
      "REGIME_2": 3
    },
    "baseline": {
      "REGIME_3": 16,
      "REGIME_4": 25,
      "REGIME_2": 10,
      "REGIME_1": 31
    }
  },
  "statistical_tests": {
    "chi_square": 17.866304347826087,
    "chi_square_p_value": 0.00046867620765423865,
    "anova_f": 11.692085493309117,
    "anova_p_value": 2.088160688562722e-06
  },
  "regime_enrichment": {
    "REGIME_1": {
      "observed": 0,
      "expected": 8.695121951219512,
      "enrichment": 0.0
    },
    "REGIME_2": {
      "observed": 3,
      "expected": 2.8048780487804876,
      "enrichment": 1.0695652173913044
    },
    "REGIME_3": {
      "observed": 5,
      "expected": 4.487804878048781,
      "enrichment": 1.1141304347826086
    },
    "REGIME_4": {
      "observed": 15,
      "expected": 7.012195121951219,
      "enrichment": 2.139130434782609
    }
  },
  "regime_mean_reception": {
    "REGIME_3": {
      "mean": 0.6100054281395673,
      "std": 0.12481927932591215,
      "count": 16
    },
    "REGIME_1": {
      "mean": 0.5183496722706933,
      "std": 0.06263695300834533,
      "count": 31
    },
    "REGIME_2": {
      "mean": 0.551833052591322,
      "std": 0.10858646523637656,
      "count": 10
    },
    "REGIME_4": {
      "mean": 0.6643531354505771,
      "std": 0.09256056532404537,
      "count": 25
    }
  },
  "high_reception_by_regime": {
    "REGIME_3": [
      [
        "f33v",
        0.8571428571428571
      ],
      [
        "f95r2",
        0.8333333333333334
      ],
      [
        "f95r1",
        0.7631578947368421
      ],
      [
        "f33r",
        0.75
      ],
      [
        "f81r",
        0.6481481481481481
      ]
    ],
    "REGIME_1": [],
    "REGIME_2": [
      [
        "f48v",
        0.76
      ],
      [
        "f48r",
        0.6730769230769231
      ],
      [
        "f26v",
        0.6458333333333334
      ]
    ],
    "REGIME_4": [
      [
        "f40v",
        0.8205128205128205
      ],
      [
        "f41v",
        0.8055555555555556
      ],
      [
        "f94v",
        0.782608695652174
      ],
      [
        "f34v",
        0.76
      ],
      [
        "f95v2",
        0.7586206896551724
      ],
      [
        "f40r",
        0.7435897435897436
      ],
      [
        "f34r",
        0.7213114754098361
      ],
      [
        "f94r",
        0.717391304347826
      ],
      [
        "f55r",
        0.7058823529411765
      ],
      [
        "f39v",
        0.7
      ],
      [
        "f50v",
        0.6888888888888889
      ],
      [
        "f55v",
        0.6888888888888889
      ],
      [
        "f31v",
        0.6595744680851063
      ],
      [
        "f43v",
        0.65625
      ],
      [
        "f85r2",
        0.6515151515151515
      ]
    ]
  }
}