{
  "metadata": {
    "phase": "OPS-3",
    "title": "Risk-Time-Stability Tradeoff Mapping",
    "timestamp": "2026-01-04T21:32:54.658669",
    "n_folios": 83,
    "n_regimes": 4
  },
  "folio_normalized_axes": {
    "f103r": {
      "time": 0.41715166093600936,
      "risk": 0.6317613936635756,
      "stability": 0.3032191780821918,
      "regime": "REGIME_3"
    },
    "f103v": {
      "time": 0.4397614894381473,
      "risk": 0.5434331740292526,
      "stability": 0.44116438356164384,
      "regime": "REGIME_1"
    },
    "f104r": {
      "time": 0.441868363842336,
      "risk": 0.4766947444861397,
      "stability": 0.44130136986301366,
      "regime": "REGIME_1"
    },
    "f104v": {
      "time": 0.4087828353501929,
      "risk": 0.570409362061296,
      "stability": 0.29404109589041094,
      "regime": "REGIME_3"
    },
    "f105r": {
      "time": 0.5296506066560472,
      "risk": 0.3138578391675126,
      "stability": 0.4521232876712329,
      "regime": "REGIME_2"
    },
    "f105v": {
      "time": 0.8583309279537554,
      "risk": 0.27577294796193424,
      "stability": 0.614041095890411,
      "regime": "REGIME_2"
    },
    "f106r": {
      "time": 0.6171623977377977,
      "risk": 0.4867962960850737,
      "stability": 0.3737671232876712,
      "regime": "REGIME_1"
    },
    "f106v": {
      "time": 0.7037888346428415,
      "risk": 0.5216736243389261,
      "stability": 0.31595890410958904,
      "regime": "REGIME_1"
    },
    "f107r": {
      "time": 0.686379653391842,
      "risk": 0.41546361669689263,
      "stability": 0.48075342465753423,
      "regime": "REGIME_2"
    },
    "f107v": {
      "time": 0.630663606473896,
      "risk": 0.4436898094814444,
      "stability": 0.36636986301369867,
      "regime": "REGIME_1"
    },
    "f108r": {
      "time": 0.553256550673283,
      "risk": 0.5722996247419389,
      "stability": 0.38267123287671234,
      "regime": "REGIME_1"
    },
    "f108v": {
      "time": 0.5786727640522342,
      "risk": 0.5555816309848338,
      "stability": 0.47363013698630135,
      "regime": "REGIME_1"
    },
    "f111r": {
      "time": 0.6532947434075567,
      "risk": 0.4914798930875716,
      "stability": 0.4937671232876712,
      "regime": "REGIME_1"
    },
    "f111v": {
      "time": 0.7311672132041166,
      "risk": 0.5657693930856706,
      "stability": 0.40472602739726027,
      "regime": "REGIME_1"
    },
    "f112r": {
      "time": 0.6688811618960975,
      "risk": 0.4563586661039697,
      "stability": 0.36883561643835616,
      "regime": "REGIME_1"
    },
    "f112v": {
      "time": 0.6621731566098517,
      "risk": 0.5183362228584247,
      "stability": 0.49075342465753424,
      "regime": "REGIME_1"
    },
    "f113r": {
      "time": 0.6831575187078315,
      "risk": 0.49007429121090107,
      "stability": 0.4523972602739726,
      "regime": "REGIME_1"
    },
    "f113v": {
      "time": 0.6699543825792413,
      "risk": 0.40807498697812705,
      "stability": 0.4234931506849315,
      "regime": "REGIME_2"
    },
    "f114r": {
      "time": 0.5478026119285023,
      "risk": 0.47455373946368895,
      "stability": 0.5147260273972603,
      "regime": "REGIME_1"
    },
    "f114v": {
      "time": 0.3630874026831584,
      "risk": 0.5983590539086531,
      "stability": 0.4123972602739726,
      "regime": "REGIME_3"
    },
    "f115r": {
      "time": 0.385711950916638,
      "risk": 0.5821593687148077,
      "stability": 0.3178767123287671,
      "regime": "REGIME_3"
    },
    "f115v": {
      "time": 0.578526454610169,
      "risk": 0.37498384147152863,
      "stability": 0.3599315068493151,
      "regime": "REGIME_2"
    },
    "f116r": {
      "time": 0.4092923001581693,
      "risk": 0.56969867195906,
      "stability": 0.4354109589041096,
      "regime": "REGIME_3"
    },
    "f26r": {
      "time": 0.24586402776471836,
      "risk": 0.4641578174960745,
      "stability": 0.3136301369863013,
      "regime": "REGIME_4"
    },
    "f26v": {
      "time": 0.4091640162013464,
      "risk": 0.3660429474676734,
      "stability": 0.3133561643835617,
      "regime": "REGIME_2"
    },
    "f31r": {
      "time": 0.2441870306795121,
      "risk": 0.6107256509985971,
      "stability": 0.2582876712328767,
      "regime": "REGIME_3"
    },
    "f31v": {
      "time": 0.3473779382047476,
      "risk": 0.3987971401305609,
      "stability": 0.31034246575342467,
      "regime": "REGIME_4"
    },
    "f33r": {
      "time": 0.24161426535737887,
      "risk": 0.5782679198080747,
      "stability": 0.29541095890410957,
      "regime": "REGIME_3"
    },
    "f33v": {
      "time": 0.32154556029087555,
      "risk": 0.5595792509286401,
      "stability": 0.3115753424657534,
      "regime": "REGIME_3"
    },
    "f34r": {
      "time": 0.3535933161339694,
      "risk": 0.49486301369863006,
      "stability": 0.3751369863013698,
      "regime": "REGIME_4"
    },
    "f34v": {
      "time": 0.3602909805916915,
      "risk": 0.4625083168896544,
      "stability": 0.31952054794520546,
      "regime": "REGIME_4"
    },
    "f39r": {
      "time": 0.3518998156057934,
      "risk": 0.5679997452655512,
      "stability": 0.40815068493150686,
      "regime": "REGIME_3"
    },
    "f39v": {
      "time": 0.4012200911331324,
      "risk": 0.498589930765458,
      "stability": 0.2782876712328767,
      "regime": "REGIME_4"
    },
    "f40r": {
      "time": 0.38681816064723085,
      "risk": 0.47819653713229837,
      "stability": 0.32472602739726025,
      "regime": "REGIME_4"
    },
    "f40v": {
      "time": 0.28388531969781305,
      "risk": 0.42291583497770124,
      "stability": 0.32554794520547947,
      "regime": "REGIME_4"
    },
    "f41r": {
      "time": 0.3845734219864988,
      "risk": 0.49142733034495606,
      "stability": 0.29239726027397256,
      "regime": "REGIME_4"
    },
    "f41v": {
      "time": 0.39521436439979085,
      "risk": 0.37305413297138224,
      "stability": 0.36157534246575346,
      "regime": "REGIME_4"
    },
    "f43r": {
      "time": 0.4299686733945044,
      "risk": 0.46317537896501765,
      "stability": 0.3474657534246575,
      "regime": "REGIME_4"
    },
    "f43v": {
      "time": 0.4951270373646546,
      "risk": 0.4641893741516772,
      "stability": 0.2854109589041096,
      "regime": "REGIME_4"
    },
    "f46r": {
      "time": 0.3526978995603216,
      "risk": 0.5877975545492912,
      "stability": 0.41924657534246573,
      "regime": "REGIME_3"
    },
    "f46v": {
      "time": 0.3468102992406142,
      "risk": 0.5197596941665811,
      "stability": 0.3234931506849315,
      "regime": "REGIME_4"
    },
    "f48r": {
      "time": 0.3881618057206704,
      "risk": 0.25,
      "stability": 0.385,
      "regime": "REGIME_2"
    },
    "f48v": {
      "time": 0.4845149143032425,
      "risk": 0.36109178424372385,
      "stability": 0.3167808219178082,
      "regime": "REGIME_2"
    },
    "f50r": {
      "time": 0.39480469154106784,
      "risk": 0.3901516620472285,
      "stability": 0.39513698630136984,
      "regime": "REGIME_4"
    },
    "f50v": {
      "time": 0.39809154767963173,
      "risk": 0.41876841596994896,
      "stability": 0.5914383561643836,
      "regime": "REGIME_4"
    },
    "f55r": {
      "time": 0.35073801390347775,
      "risk": 0.4961209076150392,
      "stability": 0.2858219178082192,
      "regime": "REGIME_4"
    },
    "f55v": {
      "time": 0.26618812557993754,
      "risk": 0.38172746075378583,
      "stability": 0.4415753424657535,
      "regime": "REGIME_4"
    },
    "f57r": {
      "time": 0.34401067920476114,
      "risk": 0.43053629205494665,
      "stability": 0.5966438356164383,
      "regime": "REGIME_4"
    },
    "f66r": {
      "time": 0.48163135949939695,
      "risk": 0.5346657465810455,
      "stability": 0.4745890410958904,
      "regime": "REGIME_1"
    },
    "f66v": {
      "time": 0.3128862636988086,
      "risk": 0.5171230025207304,
      "stability": 0.2734931506849315,
      "regime": "REGIME_4"
    },