{
  "test": "PP_PROFILE_BY_SUBTYPE",
  "counts": {
    "FIRST_WITHOUT_RI": 41,
    "MIDDLE_WITHOUT_RI": 44,
    "LAST_WITHOUT_RI": 42,
    "FIRST_WITH_RI": 73,
    "MIDDLE_WITH_RI": 98,
    "LAST_WITH_RI": 44
  },
  "prefix_profiles": {
    "FIRST_WITHOUT_RI": {
      "ch": 29.079659706109823,
      "ct": 5.877803557617943,
      "ok": 5.877803557617943,
      "ol": 1.7014694508894044,
      "ot": 6.34184068058778,
      "qo": 15.931941221964424,
      "sh": 13.766434648105182,
      "tch": 2.6295436968290797,
      "yk": 3.8669760247486464
    },
    "MIDDLE_WITHOUT_RI": {
      "ch": 29.52755905511811,
      "ct": 4.199475065616798,
      "ok": 8.661417322834646,
      "ol": 2.2309711286089238,
      "ot": 6.430446194225722,
      "qo": 14.173228346456693,
      "sh": 18.503937007874015,
      "tch": 2.3622047244094486,
      "yk": 2.493438320209974
    },
    "LAST_WITHOUT_RI": {
      "ch": 30.729166666666668,
      "ct": 6.875,
      "ok": 7.291666666666667,
      "ol": 3.125,
      "ot": 5.104166666666667,
      "qo": 11.770833333333334,
      "sh": 14.6875,
      "tch": 2.9166666666666665,
      "yk": 2.9166666666666665
    },
    "FIRST_WITH_RI": {
      "ch": 27.98064232292125,
      "ct": 4.839419269687638,
      "ok": 7.08315002199736,
      "ol": 1.9797624285085789,
      "ot": 7.3031236251649805,
      "qo": 13.330400351957765,
      "sh": 15.662120545534536,
      "tch": 2.5516937967443907,
      "yk": 2.639683238011439
    },
    "MIDDLE_WITH_RI": {
      "ch": 28.433889602053917,
      "ct": 3.1450577663671373,
      "ok": 10.654685494223363,
      "ol": 4.10783055198973,
      "ot": 6.611039794608472,
      "qo": 16.36713735558408,
      "sh": 12.51604621309371,
      "tch": 1.1553273427471116,
      "yk": 2.4390243902439024
    },
    "LAST_WITH_RI": {
      "ch": 31.506849315068493,
      "ct": 2.73972602739726,
      "ok": 8.310502283105023,
      "ol": 3.105022831050228,
      "ot": 4.931506849315069,
      "qo": 13.881278538812785,
      "sh": 14.61187214611872,
      "tch": 1.643835616438356,
      "yk": 4.292237442922374
    }
  }
}