{
  "test": "RI_TYPE_COMPOSITION",
  "counts": {
    "with_ri_tokens": 698,
    "without_ri_tokens": 173
  },
  "linker_proportion": {
    "with_ri": 12.320916905444125,
    "without_ri": 18.497109826589597
  },
  "jaccard_similarity": 0.027616279069767442,
  "significant_prefix_diffs": [
    [
      "ar",
      1.9401709401709402,
      0.44052863436123346,
      0.8547008547008547
    ],
    [
      "da",
      0.38803418803418804,
      4.405286343612334,
      1.7094017094017093
    ],
    [
      "dch",
      0.0,
      0.6607929515418502,
      0.0
    ],
    [
      "de",
      1.9401709401709402,
      0.44052863436123346,
      0.8547008547008547
    ],
    [
      "fch",
      0.0,
      0.44052863436123346,
      0.0
    ],
    [
      "ka",
      3.8803418803418803,
      0.22026431718061673,
      0.8547008547008547
    ],
    [
      "kch",
      0.0,
      0.44052863436123346,
      0.0
    ],
    [
      "ke",
      1.9401709401709402,
      0.44052863436123346,
      0.8547008547008547
    ],
    [
      "ko",
      0.22825540472599296,
      3.7444933920704844,
      0.8547008547008547
    ],
    [
      "ol",
      4.527065527065527,
      1.3215859030837005,
      5.982905982905983
    ],
    [
      "or",
      0.6467236467236467,
      1.3215859030837005,
      0.8547008547008547
    ],
    [
      "ot",
      0.5006892748828232,
      6.828193832599119,
      3.4188034188034186
    ],
    [
      "pch",
      0.0,
      0.8810572687224669,
      0.0
    ],
    [
      "po",
      0.0,
      2.643171806167401,
      0.0
    ],
    [
      "rch",
      0.0,
      0.44052863436123346,
      0.0
    ],
    [
      "sa",
      0.0,
      0.8810572687224669,
      0.0
    ],
    [
      "sh",
      0.5543345543345544,
      9.251101321585903,
      5.128205128205129
    ],
    [
      "so",
      0.0,
      1.7621145374449338,
      0.0
    ],
    [
      "ta",
      0.0,
      0.22026431718061673,
      0.0
    ],
    [
      "tch",
      2.5868945868945867,
      0.6607929515418502,
      1.7094017094017093
    ],
    [
      "te",
      0.0,
      0.22026431718061673,
      0.0
    ],
    [
      "to",
      0.0,
      2.202643171806167,
      0.0
    ]
  ],
  "ri_vocab_only_with": 527,
  "ri_vocab_only_without": 142,
  "verdict": "COMPOSITIONALLY_DIFFERENT"
}