{
  "test": "T8_regime_conditioned",
  "n_regimes": 4,
  "regimes": [
    1,
    2,
    3,
    4
  ],
  "regime_token_counts": {
    "1": 9083,
    "2": 1944,
    "3": 2831,
    "4": 2196
  },
  "regime_transition_counts": {
    "1": 7713,
    "2": 1623,
    "3": 2397,
    "4": 1833
  },
  "per_regime_matrix": {
    "1": [
      [
        0.1015625,
        0.203125,
        0.0546875,
        0.026041666666666668,
        0.5989583333333334,
        0.015625
      ],
      [
        0.06038647342995169,
        0.22946859903381642,
        0.04669887278582931,
        0.026570048309178744,
        0.6296296296296297,
        0.007246376811594203
      ],
      [
        0.06933333333333333,
        0.13866666666666666,
        0.042666666666666665,
        0.02666666666666667,
        0.7146666666666667,
        0.008
      ],
      [
        0.0427807486631016,
        0.18716577540106952,
        0.016042780748663103,
        0.0053475935828877,
        0.7433155080213903,
        0.0053475935828877
      ],
      [
        0.04724695620570598,
        0.1639105942213338,
        0.04597492276939851,
        0.023260039978193713,
        0.7134290387061603,
        0.006178448119207705
      ],
      [
        0.13636363636363635,
        0.045454545454545456,
        0.09090909090909091,
        0.0,
        0.7272727272727273,
        0.0
      ]
    ],
    "2": [
      [
        0.18032786885245902,
        0.30327868852459017,
        0.03278688524590164,
        0.03278688524590164,
        0.4426229508196721,
        0.00819672131147541
      ],
      [
        0.08181818181818182,
        0.30606060606060603,
        0.03333333333333333,
        0.04242424242424243,
        0.5272727272727272,
        0.00909090909090909
      ],
      [
        0.09259259259259259,
        0.18518518518518517,
        0.0,
        0.12962962962962962,
        0.5740740740740741,
        0.018518518518518517
      ],
      [
        0.046511627906976744,
        0.19767441860465115,
        0.03488372093023256,
        0.08139534883720931,
        0.6162790697674418,
        0.023255813953488372
      ],
      [
        0.06237816764132553,
        0.20272904483430798,
        0.023391812865497075,
        0.043859649122807015,
        0.6588693957115009,
        0.008771929824561403
      ],
      [
        0.0,
        0.0,
        0.0,
        0.0,
        1.0,
        0.0
      ]
    ],
    "3": [
      [
        0.08064516129032258,
        0.24193548387096775,
        0.056451612903225805,
        0.03225806451612903,
        0.5725806451612904,
        0.016129032258064516
      ],
      [
        0.0783289817232376,
        0.24804177545691905,
        0.03655352480417755,
        0.020887728459530026,
        0.6057441253263708,
        0.010443864229765013
      ],
      [
        0.03636363636363636,
        0.2,
        0.07272727272727272,
        0.00909090909090909,
        0.6818181818181818,
        0.0
      ],
      [
        0.1111111111111111,
        0.26666666666666666,
        0.044444444444444446,
        0.0,
        0.5777777777777777,
        0.0
      ],
      [
        0.04626951995373048,
        0.1434355118565645,
        0.03643724696356275,
        0.02197802197802198,
        0.741469057258531,
        0.010410641989589358
      ],
      [
        0.0,
        0.16666666666666666,
        0.3333333333333333,
        0.16666666666666666,
        0.3333333333333333,
        0.0
      ]
    ],
    "4": [
      [
        0.07692307692307693,
        0.2846153846153846,
        0.03076923076923077,
        0.015384615384615385,
        0.5692307692307692,
        0.023076923076923078
      ],
      [
        0.10411622276029056,
        0.27602905569007263,
        0.048426150121065374,
        0.05811138014527845,
        0.5012106537530266,
        0.012106537530266344
      ],
      [
        0.0989010989010989,
        0.2857142857142857,
        0.02197802197802198,
        0.03296703296703297,
        0.5494505494505495,
        0.01098901098901099
      ],
      [
        0.08641975308641975,
        0.13580246913580246,
        0.06172839506172839,
        0.024691358024691357,
        0.6790123456790124,
        0.012345679012345678
      ],
      [
        0.0739404869251578,
        0.23715058611361586,
        0.045987376014427414,
        0.047790802524797116,
        0.5861136158701533,
        0.009017132551848512
      ],
      [
        0.0,
        0.2222222222222222,
        0.0,
        0.0,
        0.6666666666666666,
        0.1111111111111111
      ]
    ]
  },
  "global_chi2": 475.54,
  "global_p": 1.4736537285636293e-48,
  "global_dof": 105,
  "per_source_tests": [
    {
      "state": "FL_HAZ",
      "chi2": 21.3,
      "p": 0.127467,
      "dof": 15,
      "significant": false
    },
    {
      "state": "FQ",
      "chi2": 41.67,
      "p": 0.000253,
      "dof": 15,
      "significant": true
    },
    {
      "state": "CC",
      "chi2": 41.65,
      "p": 0.000254,
      "dof": 15,
      "significant": true
    },
    {
      "state": "AXm",
      "chi2": 30.27,
      "p": 0.010983,
      "dof": 15,
      "significant": true
    },
    {
      "state": "AXM",
      "chi2": 134.79,
      "p": 0.0,
      "dof": 15,
      "significant": true
    },
    {
      "state": "FL_SAFE",
      "chi2": 22.05,
      "p": 0.106509,
      "dof": 15,
      "significant": false
    }
  ],
  "n_significant_sources": 4,
  "verdict": "REGIME_DEPENDENT",
  "top_shifted_transitions": [
    {
      "from": "FL_SAFE",
      "to": "AXM",
      "pooled": 0.6905,
      "max_deviation": 0.3571,
      "per_regime": {
        "1": 0.7273,
        "2": 1.0,
        "3": 0.3333,
        "4": 0.6667
      }
    },
    {
      "from": "FL_SAFE",
      "to": "CC",
      "pooled": 0.0952,
      "max_deviation": 0.2381,
      "per_regime": {
        "1": 0.0909,
        "2": 0.0,
        "3": 0.3333,
        "4": 0.0
      }
    },
    {
      "from": "FL_SAFE",
      "to": "AXm",
      "pooled": 0.0238,
      "max_deviation": 0.1429,
      "per_regime": {
        "1": 0.0,
        "2": 0.0,
        "3": 0.1667,
        "4": 0.0
      }
    },
    {
      "from": "FL_SAFE",
      "to": "FQ",
      "pooled": 0.0952,
      "max_deviation": 0.127,
      "per_regime": {
        "1": 0.0455,
        "2": 0.0,
        "3": 0.1667,
        "4": 0.2222
      }
    },
    {
      "from": "CC",
      "to": "AXM",
      "pooled": 0.673,
      "max_deviation": 0.1236,
      "per_regime": {
        "1": 0.7147,
        "2": 0.5741,
        "3": 0.6818,
        "4": 0.5495
      }
    },
    {
      "from": "FL_HAZ",
      "to": "AXM",
      "pooled": 0.5645,
      "max_deviation": 0.1219,
      "per_regime": {
        "1": 0.599,
        "2": 0.4426,
        "3": 0.5726,
        "4": 0.5692
      }
    },
    {
      "from": "AXM",
      "to": "AXM",
      "pooled": 0.6976,
      "max_deviation": 0.1114,
      "per_regime": {
        "1": 0.7134,
        "2": 0.6589,
        "3": 0.7415,
        "4": 0.5861
      }
    },
    {
      "from": "CC",
      "to": "FQ",
      "pooled": 0.1746,
      "max_deviation": 0.1111,
      "per_regime": {
        "1": 0.1387,
        "2": 0.1852,
        "3": 0.2,
        "4": 0.2857
      }
    },
    {
      "from": "AXm",
      "to": "AXM",
      "pooled": 0.6842,
      "max_deviation": 0.1064,
      "per_regime": {
        "1": 0.7433,
        "2": 0.6163,
        "3": 0.5778,
        "4": 0.679
      }
    },
    {
      "from": "CC",
      "to": "AXm",
      "pooled": 0.0333,
      "max_deviation": 0.0963,
      "per_regime": {
        "1": 0.0267,
        "2": 0.1296,
        "3": 0.0091,
        "4": 0.033
      }
    },
    {
      "from": "FQ",
      "to": "AXM",
      "pooled": 0.5891,
      "max_deviation": 0.0879,
      "per_regime": {
        "1": 0.6296,
        "2": 0.5273,
        "3": 0.6057,
        "4": 0.5012
      }
    },
    {
      "from": "FL_SAFE",
      "to": "FL_SAFE",