{
  "metadata": {
    "n_pairs": 20,
    "n_simulations_per_program": 100,
    "noise_level": 0.1
  },
  "pairs": [
    {
      "low_link_folio": "f77r",
      "high_link_folio": "f106r",
      "link_density_diff": 0.15600000000000003,
      "match_distance": 1.8640000000000003,
      "low_link_metrics": {
        "mean_reconvergence_time": 3.121000000000001,
        "std_reconvergence_time": 1.4564542560616165,
        "failure_rate": 0.21,
        "mean_overshoot": 0.40601555490647534,
        "max_overshoot": 1.4955787266394291
      },
      "high_link_metrics": {
        "mean_reconvergence_time": 3.204,
        "std_reconvergence_time": 1.3768747219700117,
        "failure_rate": 0.12,
        "mean_overshoot": 0.4611094426983632,
        "max_overshoot": 1.4539258878396881
      }
    },
    {
      "low_link_folio": "f95r2",
      "high_link_folio": "f57r",
      "link_density_diff": 0.15400000000000003,
      "match_distance": 1.691,
      "low_link_metrics": {
        "mean_reconvergence_time": 2.8710000000000004,
        "std_reconvergence_time": 1.3189613337774535,
        "failure_rate": 0.23,
        "mean_overshoot": 0.40029286409974785,
        "max_overshoot": 1.2769605674509774
      },
      "high_link_metrics": {
        "mean_reconvergence_time": 3.1530000000000005,
        "std_reconvergence_time": 1.5564995984580259,
        "failure_rate": 0.06,
        "mean_overshoot": 0.41833251445200714,
        "max_overshoot": 1.3642825556506122
      }
    },
    {
      "low_link_folio": "f103r",
      "high_link_folio": "f107v",
      "link_density_diff": 0.139,
      "match_distance": 1.6900000000000004,
      "low_link_metrics": {
        "mean_reconvergence_time": 3.0400000000000005,
        "std_reconvergence_time": 1.5353826884526205,
        "failure_rate": 0.24,
        "mean_overshoot": 0.4147520929653513,
        "max_overshoot": 1.258625027578974
      },
      "high_link_metrics": {
        "mean_reconvergence_time": 2.994000000000001,
        "std_reconvergence_time": 1.4705658774771015,
        "failure_rate": 0.08,
        "mean_overshoot": 0.4345900734364247,
        "max_overshoot": 1.4946434335563639
      }
    },
    {
      "low_link_folio": "f31r",
      "high_link_folio": "f94r",
      "link_density_diff": 0.11000000000000004,
      "match_distance": 1.3410000000000002,
      "low_link_metrics": {
        "mean_reconvergence_time": 3.039,
        "std_reconvergence_time": 1.3815856831915996,
        "failure_rate": 0.23,
        "mean_overshoot": 0.43598426600123774,
        "max_overshoot": 1.2585857641023839
      },
      "high_link_metrics": {
        "mean_reconvergence_time": 2.964000000000001,
        "std_reconvergence_time": 1.547289242514145,
        "failure_rate": 0.08,
        "mean_overshoot": 0.4075920285007916,
        "max_overshoot": 1.5583378012726532
      }
    },
    {
      "low_link_folio": "f75r",
      "high_link_folio": "f112r",
      "link_density_diff": 0.123,
      "match_distance": 1.678,
      "low_link_metrics": {
        "mean_reconvergence_time": 2.9810000000000003,
        "std_reconvergence_time": 1.6290914645900014,
        "failure_rate": 0.14,
        "mean_overshoot": 0.38981912044048095,
        "max_overshoot": 1.0051022693831748
      },
      "high_link_metrics": {
        "mean_reconvergence_time": 3.168000000000001,
        "std_reconvergence_time": 1.4326814021267942,
        "failure_rate": 0.13,
        "mean_overshoot": 0.4468182796583308,
        "max_overshoot": 1.4946689025625395
      }
    },
    {
      "low_link_folio": "f77v",
      "high_link_folio": "f86v6",
      "link_density_diff": 0.121,
      "match_distance": 1.593,
      "low_link_metrics": {
        "mean_reconvergence_time": 2.9810000000000003,
        "std_reconvergence_time": 1.6290914645900014,
        "failure_rate": 0.12,
        "mean_overshoot": 0.38980884494332074,
        "max_overshoot": 1.0051022693831748
      },
      "high_link_metrics": {
        "mean_reconvergence_time": 3.0100000000000016,
        "std_reconvergence_time": 1.4871785366928871,
        "failure_rate": 0.14,
        "mean_overshoot": 0.4522888930218304,
        "max_overshoot": 1.4946739969398395
      }
    },
    {
      "low_link_folio": "f114v",
      "high_link_folio": "f85r1",
      "link_density_diff": 0.11299999999999999,
      "match_distance": 1.365,
      "low_link_metrics": {
        "mean_reconvergence_time": 3.111,
        "std_reconvergence_time": 1.7066279618006948,
        "failure_rate": 0.17,
        "mean_overshoot": 0.42551963320687575,
        "max_overshoot": 1.558406236766766
      },
      "high_link_metrics": {
        "mean_reconvergence_time": 3.0180000000000007,
        "std_reconvergence_time": 1.387831401864073,
        "failure_rate": 0.1,
        "mean_overshoot": 0.4325878961016013,
        "max_overshoot": 1.5583273264521258
      }
    },
    {
      "low_link_folio": "f81r",
      "high_link_folio": "f115v",
      "link_density_diff": 0.178,
      "match_distance": 1.4019999999999997,
      "low_link_metrics": {
        "mean_reconvergence_time": 3.0010000000000003,
        "std_reconvergence_time": 1.5923878296445226,
        "failure_rate": 0.12,
        "mean_overshoot": 0.4632597558970801,
        "max_overshoot": 1.5584055384453974
      },
      "high_link_metrics": {
        "mean_reconvergence_time": 3.3409999999999997,
        "std_reconvergence_time": 1.6630751636651884,
        "failure_rate": 0.03,
        "mean_overshoot": 0.4217025781583464,
        "max_overshoot": 1.3098725520448722
      }
    },
    {
      "low_link_folio": "f46r",
      "high_link_folio": "f43r",
      "link_density_diff": 0.10699999999999998,
      "match_distance": 1.0599999999999998,
      "low_link_metrics": {
        "mean_reconvergence_time": 3.0010000000000003,
        "std_reconvergence_time": 1.5907542236310404,
        "failure_rate": 0.23,
        "mean_overshoot": 0.46731772750173745,
        "max_overshoot": 1.558404840124029
      },
      "high_link_metrics": {
        "mean_reconvergence_time": 3.037,
        "std_reconvergence_time": 1.4464200634670406,
        "failure_rate": 0.07,
        "mean_overshoot": 0.40148426967908996,
        "max_overshoot": 1.5583301197375998
      }
    },
    {
      "low_link_folio": "f79r",
      "high_link_folio": "f113v",
      "link_density_diff": 0.14800000000000002,
      "match_distance": 1.6929999999999996,
      "low_link_metrics": {
        "mean_reconvergence_time": 2.934,
        "std_reconvergence_time": 1.2942349091258507,
        "failure_rate": 0.17,
        "mean_overshoot": 0.4674152461137172,
        "max_overshoot": 1.9281476526322068
      },
      "high_link_metrics": {
        "mean_reconvergence_time": 3.103,
        "std_reconvergence_time": 1.4382944761070302,
        "failure_rate": 0.05,
        "mean_overshoot": 0.3779991502642179,
        "max_overshoot": 1.3098725520448722
      }
    },
    {
      "low_link_folio": "f82v",
      "high_link_folio": "f107r",
      "link_density_diff": 0.135,
      "match_distance": 1.752,
      "low_link_metrics": {
        "mean_reconvergence_time": 2.934,
        "std_reconvergence_time": 1.5081259894319163,
        "failure_rate": 0.24,
        "mean_overshoot": 0.46049709934685495,
        "max_overshoot": 1.5584013485171864
      },
      "high_link_metrics": {
        "mean_reconvergence_time": 3.2250000000000005,
        "std_reconvergence_time": 1.2543025950702638,
        "failure_rate": 0.09,
        "mean_overshoot": 0.43110762331556574,
        "max_overshoot": 1.583884379132279
      }
    },
    {
      "low_link_folio": "f33r",
      "high_link_folio": "f95v1",
      "link_density_diff": 0.13,
      "match_distance": 1.42,
      "low_link_metrics": {
        "mean_reconvergence_time": 2.8890000000000002,
        "std_reconvergence_time": 1.40441411271747,
        "failure_rate": 0.13,
        "mean_overshoot": 0.40526117048032945,