{
  "semantic_classes": [
    7,
    8,
    9,
    10,
    11,
    17,
    20,
    21,
    23,
    30,
    31,
    32,
    33,
    34,
    36,
    38,
    40
  ],
  "auxiliary_classes": [
    1,
    2,
    3,
    4,
    5,
    6,
    12,
    13,
    14,
    15,
    16,
    18,
    19,
    22,
    24,
    25,
    26,
    27,
    28,
    29,
    35,
    37,
    39,
    41,
    42,
    43,
    44,
    45,
    46,
    47,
    48,
    49
  ],
  "class_sizes": {
    "semantic_mean": 537.2941176470588,
    "auxiliary_mean": 223.2258064516129
  },
  "regime_entropy": {
    "semantic_mean": 0.9057901621076474,
    "auxiliary_mean": 0.9038036306092389
  },
  "token_diversity": {
    "semantic_mean": 0.031055878046766416,
    "auxiliary_mean": 0.07796416648533497
  }
}