{
  "regime_stats": {
    "REGIME_3": {
      "mean": 9.32258064516129,
      "median": 10.0,
      "std": 2.328695653750707,
      "count": 186
    },
    "REGIME_2": {
      "mean": 9.844094488188976,
      "median": 10.0,
      "std": 4.802487110629751,
      "count": 635
    },
    "REGIME_4": {
      "mean": 9.520725388601036,
      "median": 10.0,
      "std": 2.549171457842679,
      "count": 772
    },
    "REGIME_1": {
      "mean": 9.384522370012093,
      "median": 10.0,
      "std": 2.4025686290583117,
      "count": 827
    }
  },
  "kruskal_wallis": {
    "stat": 65265.0,
    "p": 0.23354437807955122
  },
  "manuscript_correlation": {
    "rho": 0.1330111722596295,
    "p": 0.23354437807955122
  }
}