{
  "regime3_folios": [
    "f114r",
    "f26r",
    "f34r",
    "f78v",
    "f81v",
    "f84v",
    "f94r",
    "f95r2"
  ],
  "regime_variances": {
    "REGIME_1": 9.423399636430275,
    "REGIME_2": 6.396809527961649,
    "REGIME_3": 5.384896279773322,
    "REGIME_4": 6.66734707037563
  },
  "regime3_sections": {
    "HERBAL": [
      "f26r",
      "f34r"
    ],
    "BIO": [
      "f78v",
      "f81v",
      "f84v"
    ],
    "RECIPE": [
      "f94r",
      "f95r2",
      "f114r"
    ]
  },
  "bootstrap_comparison": {
    "REGIME_1": 0.008131572809874723,
    "REGIME_2": 0.003819679865437302,
    "REGIME_3": 0.0028997107943916564,
    "REGIME_4": 0.004063999990579499
  }
}