{
  "role_counts": {
    "UN": 7042,
    "AX": 6920,
    "EN": 5732,
    "FQ": 1301,
    "CC": 1023,
    "FL": 1078
  },
  "transition_counts": {
    "UN": {
      "UN": 2028,
      "AX": 1724,
      "EN": 1370,
      "FQ": 357,
      "CC": 246,
      "FL": 270
    },
    "AX": {
      "AX": 2017,
      "UN": 1767,
      "FQ": 344,
      "CC": 273,
      "EN": 1622,
      "FL": 327
    },
    "EN": {
      "AX": 1646,
      "UN": 1320,
      "EN": 1824,
      "FL": 190,
      "FQ": 218,
      "CC": 235
    },
    "FQ": {
      "UN": 298,
      "EN": 196,
      "FL": 77,
      "FQ": 144,
      "AX": 311,
      "CC": 48
    },
    "CC": {
      "UN": 232,
      "EN": 284,
      "AX": 267,
      "FQ": 56,
      "FL": 42,
      "CC": 51
    },
    "FL": {
      "AX": 249,
      "UN": 257,
      "EN": 165,
      "FQ": 87,
      "CC": 46,
      "FL": 88
    }
  },
  "enrichment": {
    "CC": {
      "CC": 1.2354221992876293,
      "EN": 1.2278152320082423,
      "FL": 0.9654980212920128,
      "FQ": 1.066673704281619,
      "AX": 0.9561499913170756,
      "UN": 0.8164184726100784
    },
    "EN": {
      "CC": 0.9765383299876808,
      "EN": 1.352744317023632,
      "FL": 0.7492588923526843,
      "FQ": 0.7123218444858215,
      "AX": 1.011162144420364,
      "UN": 0.7968470630817917
    },
    "FL": {
      "CC": 1.1642710922329034,
      "EN": 0.7453318479529603,
      "FL": 2.1136634025807632,
      "FQ": 1.7314656197543803,
      "AX": 0.9316765597864122,
      "UN": 0.9449504128336961
    },
    "FQ": {
      "CC": 1.009016093535827,
      "EN": 0.7353301599306582,
      "FL": 1.536046820963022,
      "FQ": 2.380223206042623,
      "AX": 0.9664664535365604,
      "UN": 0.9100237627176552
    },
    "AX": {
      "CC": 0.9706218394254971,
      "EN": 1.029218807523449,
      "FL": 1.103295984105883,
      "FQ": 0.9617101321212636,
      "AX": 1.0601390924400345,
      "UN": 0.9126485630648058
    },
    "UN": {
      "CC": 0.926418153935709,
      "EN": 0.9207929147748736,
      "FL": 0.9649228407717625,
      "FQ": 1.0571545978297312,
      "AX": 0.9597955907379463,
      "UN": 1.1094800907411484
    }
  },
  "significant_transitions": [
    {
      "src": "CC",
      "dst": "EN",
      "observed": 284,
      "expected": 231.30516106685138,
      "enrichment": 1.2278152320082423,
      "chi2": 12.004686957192215,
      "p_value": 0.0005306692408143521
    },
    {
      "src": "CC",
      "dst": "UN",
      "observed": 232,
      "expected": 284.1679944579148,
      "enrichment": 0.8164184726100783,
      "chi2": 9.57708010345297,
      "p_value": 0.001970214999736042
    },
    {
      "src": "EN",
      "dst": "EN",
      "observed": 1824,
      "expected": 1348.370107377901,
      "enrichment": 1.352744317023632,
      "chi2": 167.77574162900578,
      "p_value": 0.0
    },
    {
      "src": "EN",
      "dst": "FL",
      "observed": 190,
      "expected": 253.583910633876,
      "enrichment": 0.7492588923526843,
      "chi2": 15.943100180886008,
      "p_value": 6.527527973909653e-05
    },
    {
      "src": "EN",
      "dst": "FQ",
      "observed": 218,
      "expected": 306.04143574644957,
      "enrichment": 0.7123218444858216,
      "chi2": 25.327597844358667,
      "p_value": 4.837378488886657e-07
    },
    {
      "src": "EN",
      "dst": "UN",
      "observed": 1320,
      "expected": 1656.528662971943,
      "enrichment": 0.7968470630817918,
      "chi2": 68.36678623990812,
      "p_value": 1.1102230246251565e-16
    },
    {
      "src": "FL",
      "dst": "EN",
      "observed": 165,
      "expected": 221.37790093522688,
      "enrichment": 0.7453318479529601,
      "chi2": 14.357655847465306,
      "p_value": 0.00015116377316726215
    },
    {
      "src": "FL",
      "dst": "FL",
      "observed": 88,
      "expected": 41.63387599584343,
      "enrichment": 2.1136634025807632,
      "chi2": 51.63625542295062,
      "p_value": 6.680211939169567e-13
    },
    {
      "src": "FL",
      "dst": "FQ",
      "observed": 87,
      "expected": 50.246449601662626,
      "enrichment": 1.73146561975438,
      "chi2": 26.88395852029369,
      "p_value": 2.1604465183511223e-07
    },
    {
      "src": "FQ",
      "dst": "EN",
      "observed": 196,
      "expected": 266.54693453411846,
      "enrichment": 0.7353301599306582,
      "chi2": 18.671645880527464,
      "p_value": 1.552744062816025e-05
    },
    {
      "src": "FQ",
      "dst": "FL",
      "observed": 77,
      "expected": 50.12868029095947,
      "enrichment": 1.536046820963022,
      "chi2": 14.404285505112176,
      "p_value": 0.00014746633061668568
    },
    {
      "src": "FQ",
      "dst": "FQ",
      "observed": 144,
      "expected": 60.498527883616205,
      "enrichment": 2.3802232060426234,
      "chi2": 115.25066955375394,
      "p_value": 0.0
    },
    {
      "src": "AX",
      "dst": "AX",
      "observed": 2017,
      "expected": 1902.5805334257016,
      "enrichment": 1.0601390924400345,
      "chi2": 6.881082877251173,
      "p_value": 0.0087112769172496
    },
    {
      "src": "AX",
      "dst": "UN",
      "observed": 1767,
      "expected": 1936.12313820575,
      "enrichment": 0.9126485630648058,
      "chi2": 14.773149141261701,
      "p_value": 0.00012124975250338288
    },
    {
      "src": "UN",
      "dst": "EN",
      "observed": 1370,
      "expected": 1487.8481122272256,
      "enrichment": 0.9207929147748735,
      "chi2": 9.334405468802137,
      "p_value": 0.002248910419600736
    },
    {
      "src": "UN",
      "dst": "UN",
      "observed": 2028,
      "expected": 1827.883183235192,
      "enrichment": 1.1094800907411484,
      "chi2": 21.908807258240934,
      "p_value": 2.8591868439509227e-06
    }
  ],
  "total_transitions": 20676
}