{
  "fq_followed_by": {
    "UN": 687,
    "EN": 770,
    "FL": 167,
    "FQ": 470,
    "AX": 409,
    "CC": 110
  },
  "fq_followed_by_class": {
    "34": 135,
    "38": 10,
    "9": 110,
    "33": 129,
    "23": 44,
    "39": 24,
    "24": 62,
    "47": 27,
    "42": 7,
    "7": 87,
    "30": 62,
    "13": 189,
    "29": 73,
    "27": 19,
    "8": 141,
    "14": 127,
    "28": 73,
    "11": 61,
    "10": 17,
    "21": 11,
    "31": 105,
    "3": 9,
    "16": 11,
    "36": 28,
    "19": 11,
    "35": 34,
    "2": 8,
    "37": 8,
    "6": 25,
    "40": 8,
    "17": 32,
    "20": 22,
    "26": 10,
    "15": 12,
    "32": 67,
    "4": 11,
    "46": 14,
    "45": 4,
    "18": 29,
    "41": 8,
    "5": 4,
    "25": 13,
    "43": 19,
    "49": 9,
    "44": 3,
    "48": 8,
    "22": 3,
    "1": 3
  },
  "fq_to_fl_state": {
    "LATE": 21,
    "MEDIAL": 129,
    "EARLY": 15,
    "OTHER": 2
  },
  "fl_fq_then": {
    "UN": 33,
    "FQ": 22,
    "AX": 27,
    "EN": 28,
    "FL": 12,
    "CC": 6
  },
  "fq_chain_rate": 17.986988136241866,
  "fq_mean_position": 0.5572946651607158,
  "fq_final_rate": 14.982698961937716,
  "findings": [
    "FQ_FL_TARGET: FQ -> FL[MEDIAL] at 77.2%"
  ]
}