{
  "k": {
    "count": 7302,
    "percentage": 31.615864218912368,
    "predecessor_kernel": {
      "k": 0.23231304985337242,
      "h": 0.29224706744868034,
      "e": 0.3497067448680352,
      "none": 0.12573313782991202
    },
    "predecessor_kernel_raw": {
      "k": 2535,
      "h": 3189,
      "e": 3816,
      "none": 1372
    },
    "predecessor_roles": {
      "AX": 1768,
      "CC": 448,
      "EN": 3384,
      "FQ": 889,
      "FL": 291
    },
    "successor_kernel": {
      "k": 0.25049407114624506,
      "h": 0.26946640316205533,
      "e": 0.30355731225296445,
      "none": 0.17648221343873519
    },
    "successor_kernel_raw": {
      "k": 2535,
      "h": 2727,
      "e": 3072,
      "none": 1786
    },
    "successor_roles": {
      "AX": 1711,
      "EN": 3180,
      "CC": 507,
      "FQ": 1043,
      "FL": 285
    },
    "line_position_mean": 0.49641214373950043,
    "line_position_std": 0.29933158763791734,
    "self_roles": {
      "EN": 3674,
      "AX": 1787,
      "FQ": 1491,
      "CC": 350
    },
    "section_distribution": {
      "H": 1147,
      "T": 175,
      "B": 2243,
      "C": 318,
      "S": 3419
    }
  },
  "h": {
    "count": 9158,
    "percentage": 39.65188777277451,
    "predecessor_kernel": {
      "k": 0.23317657118426677,
      "h": 0.2718255664814023,
      "e": 0.28157332193244977,
      "none": 0.21342454040188114
    },
    "predecessor_kernel_raw": {
      "k": 2727,
      "h": 3179,
      "e": 3293,
      "none": 2496
    },
    "predecessor_roles": {
      "AX": 2555,
      "EN": 3526,
      "FL": 392,
      "FQ": 988,
      "CC": 641
    },
    "successor_kernel": {
      "k": 0.2578011317704123,
      "h": 0.25699272433306386,
      "e": 0.29248181083265967,
      "none": 0.1927243330638642
    },
    "successor_kernel_raw": {
      "k": 3189,
      "h": 3179,
      "e": 3618,
      "none": 2384
    },
    "successor_roles": {
      "AX": 2639,
      "FL": 325,
      "EN": 3965,
      "CC": 544,
      "FQ": 1020
    },
    "line_position_mean": 0.4595177480087781,
    "line_position_std": 0.3121599547854331,
    "self_roles": {
      "EN": 6427,
      "AX": 2119,
      "CC": 245,
      "FQ": 367
    },
    "section_distribution": {
      "H": 1366,
      "T": 299,
      "B": 2627,
      "C": 516,
      "S": 4350
    }
  },
  "e": {
    "count": 10218,
    "percentage": 44.241427086941464,
    "predecessor_kernel": {
      "k": 0.2218370883882149,
      "h": 0.26126516464471405,
      "e": 0.33903812824956675,
      "none": 0.17785961871750433
    },
    "predecessor_kernel_raw": {
      "k": 3072,
      "h": 3618,
      "e": 4695,
      "none": 2463
    },
    "predecessor_roles": {
      "EN": 4169,
      "AX": 2692,
      "FL": 417,
      "CC": 662,
      "FQ": 1159
    },
    "successor_kernel": {
      "k": 0.26555323590814195,
      "h": 0.2291579679888657,
      "e": 0.3267223382045929,
      "none": 0.17856645789839945
    },
    "successor_kernel_raw": {
      "k": 3816,
      "h": 3293,
      "e": 4695,
      "none": 2566
    },
    "successor_roles": {
      "AX": 2871,
      "EN": 4588,
      "FL": 350,
      "CC": 580,
      "FQ": 1256
    },
    "line_position_mean": 0.45260929630963764,
    "line_position_std": 0.30475509743188034,
    "self_roles": {
      "EN": 5910,
      "AX": 2574,
      "CC": 391,
      "FQ": 1343
    },
    "section_distribution": {
      "H": 1226,
      "T": 265,
      "B": 3264,
      "C": 465,
      "S": 4998
    }
  }
}