{
  "simple": {
    "quintile_means": {
      "0": -0.4405779405779406,
      "1": -0.33924665856622116,
      "2": -0.27496346809547006,
      "3": -0.3008505467800729,
      "4": -0.15789473684210525
    },
    "linear_slope": 0.2990866260821594,
    "linear_r": 0.11258304163579308,
    "linear_p": 6.180240155297001e-65,
    "first_token_mean": -0.4284475281873374,
    "last_token_mean": -0.060277536860364266,
    "mean_energy_change": 0.04162376820120606,
    "pct_decreasing": 31.004559494043242,
    "pct_increasing": 33.024464382016966,
    "kernel_trans_energy": {
      "k->n": -0.2582106455266138,
      "n->n": 0.0,
      "n->e": -1.6666666666666667,
      "e->h": 0.7448680351906158,
      "h->h": -0.0055617352614015575,
      "h->n": 0.8351120597652081,
      "n->h": -0.90748031496063,
      "h->e": -0.5873684210526315,
      "e->k": 1.688095238095238,
      "k->h": -1.1192019950124688,
      "e->n": 1.6123853211009174,
      "n->k": 0.26389918458117123,
      "k->e": -1.3978201634877385,
      "e->e": -0.05813953488372093,
      "h->k": 1.1226611226611227,
      "k->k": 0.1692
    }
  },
  "weighted": {
    "quintile_means": {
      "0": 1.035002035002035,
      "1": 1.2191980558930742,
      "2": 1.1702386751095957,
      "3": 1.1015795868772782,
      "4": 0.9075738125802311
    },
    "linear_slope": -0.188019644094493,
    "linear_r": -0.05744710412880649,
    "linear_p": 4.614149926030876e-18,
    "first_token_mean": 0.891153512575889,
    "last_token_mean": 0.761925411968777,
    "mean_energy_change": -0.014609991665440997,
    "pct_decreasing": 34.53449036623033,
    "pct_increasing": 34.70118154630583,
    "kernel_trans_energy": {
      "k->n": -2.3646659116647792,
      "n->n": 0.0,
      "n->e": 0.0,
      "e->h": 1.1085043988269794,
      "h->h": 0.007230255839822024,
      "h->n": -1.077374599786553,
      "n->h": 1.0659448818897639,
      "h->e": -1.0821052631578947,
      "e->k": 2.2666666666666666,
      "k->h": -1.2483790523690772,
      "e->n": 0.0,
      "n->k": 2.441067457375834,
      "k->e": -2.343324250681199,
      "e->e": 0.0,
      "h->k": 1.2511434511434512,
      "k->k": -0.0148
    }
  }
}