{
  "total_bigrams": 20676,
  "unique_classes": 37,
  "n_disfavored": 39,
  "n_elevated": 44,
  "n_forbidden": 0,
  "ratio_mean": 1.2002750087709018,
  "ratio_std": 0.7092304632822792,
  "ratio_min": 0.20207258949892332,
  "ratio_max": 7.30526953361599,
  "pct_below_0.5": 4.961832061068702,
  "pct_above_2.0": 9.16030534351145,
  "disfavored_pairs": [
    [
      "11->31",
      0.20207258949892332
    ],
    [
      "9->3",
      0.2199340495691948
    ],
    [
      "30->31",
      0.24354181605089695
    ],
    [
      "31->5",
      0.24662164641978931
    ],
    [
      "10->31",
      0.2592244329935683
    ],
    [
      "32->40",
      0.2743387881468377
    ],
    [
      "5->31",
      0.2949795271995777
    ],
    [
      "31->18",
      0.32353465839209095
    ],
    [
      "35->16",
      0.32509433962264156
    ],
    [
      "9->16",
      0.34292651858928436
    ],
    [
      "32->36",
      0.35758170584598353
    ],
    [
      "36->41",
      0.37973846605935935
    ],
    [
      "35->4",
      0.39659846547314576
    ],
    [
      "34->31",
      0.4061804424892027
    ],
    [
      "40->20",
      0.4108134242234081
    ],
    [
      "18->38",
      0.4198428330659736
    ],
    [
      "30->3",
      0.432823948084572
    ],
    [
      "31->16",
      0.43310913231922366
    ],
    [
      "17->16",
      0.43604307848044316
    ],
    [
      "1->14",
      0.43865000049918634
    ]
  ],
  "elevated_pairs": [
    [
      "9->5",
      7.137859608745684
    ],
    [
      "7->16",
      5.761165512299976
    ],
    [
      "9->7",
      5.62841976316864
    ],
    [
      "32->32",
      5.5941558441558445
    ],
    [
      "11->16",
      3.9250235230030213
    ],
    [
      "37->16",
      3.535769252693383
    ],
    [
      "18->41",
      3.3663301856072936
    ],
    [
      "41->16",
      3.250943396226416
    ],
    [
      "33->33",
      3.2229453255913643
    ],
    [
      "9->40",
      3.002099776619509
    ],
    [
      "1->7",
      2.904911768011689
    ],
    [
      "5->5",
      2.7546394984326015
    ],
    [
      "1->40",
      2.669784791965567
    ],
    [
      "32->34",
      2.6692762125092955
    ],
    [
      "39->39",
      2.6345565749235473
    ],
    [
      "15->41",
      2.631427116918378
    ],
    [
      "24->24",
      2.529776930606357
    ],
    [
      "1->11",
      2.521463414634146
    ],
    [
      "9->9",
      2.5182826569228762
    ],
    [
      "6->4",
      2.4907150005559875
    ]
  ],
  "role_ratios": {
    "CC->CC": 1.4239894011324383,
    "CC->EN": 1.010776987066886,
    "CC->FL": 0.9919293809223872,
    "CC->FQ": 0.945020188296549,
    "CC->AX": 0.9223272565059661,
    "CC->UNK": 0.3160187385845185,
    "EN->CC": 0.959625224632015,
    "EN->EN": 1.0607762064205513,
    "EN->FL": 0.8395499435343081,
    "EN->FQ": 0.9589324777653464,
    "EN->AX": 0.9457364075703371,
    "EN->UNK": 1.0307284292807435,
    "FL->CC": 1.4363204575195074,
    "FL->EN": 0.8184088434097553,
    "FL->FL": 1.474883608124367,
    "FL->FQ": 0.8644303965330387,
    "FL->AX": 1.258723970407402,
    "FL->UNK": 0.0,
    "FQ->CC": 0.9721374146431488,
    "FQ->EN": 0.9279601145166644,
    "FQ->FL": 1.3104593677969127,
    "FQ->FQ": 1.2325472306591767,
    "FQ->AX": 0.9579465078790669,
    "FQ->UNK": 1.0565285708810792,
    "AX->CC": 0.9583743021698183,
    "AX->EN": 0.9580120153206932,
    "AX->FL": 1.0484290338012439,
    "AX->FQ": 0.9617120541685993,
    "AX->AX": 1.098776334433518,
    "AX->UNK": 1.124017752122644,
    "UNK->CC": 0.6109929078014184,
    "UNK->EN": 0.9469014969119649,
    "UNK->FL": 0.8992693110647182,
    "UNK->FQ": 1.0500071694866646,
    "UNK->AX": 1.14358407079646,
    "UNK->UNK": 2.220360824742268
  }
}