{
  "char_frequencies": {
    "e": 14275,
    "o": 13940,
    "y": 11562,
    "h": 10173,
    "a": 9190,
    "d": 8845,
    "i": 7381,
    "k": 7344,
    "c": 7255,
    "l": 6518,
    "r": 4311,
    "q": 4201,
    "s": 4168,
    "n": 4015,
    "t": 3872,
    "p": 1077,
    "m": 604,
    "f": 287,
    "g": 30,
    "x": 27
  },
  "token_coverage": {
    "p": 0.046,
    "s": 0.174,
    "h": 0.397,
    "e": 0.442,
    "o": 0.548,
    "k": 0.316,
    "y": 0.476,
    "d": 0.37,
    "a": 0.382,
    "i": 0.199,
    "r": 0.179,
    "q": 0.182,
    "f": 0.012,
    "c": 0.286,
    "n": 0.174,
    "t": 0.166,
    "l": 0.267,
    "g": 0.001,
    "m": 0.026,
    "x": 0.001
  },
  "kernel_coverage_mean": 0.38503059692876107,
  "cooccurrence": {
    "k_h": 1965,
    "k_e": 3748,
    "h_e": 6154,
    "k_h_e": 1149,
    "k_only": 2738,
    "h_only": 2188,
    "e_only": 1465,
    "none": 7136
  },
  "position_means": {
    "k": 0.35584351726100094,
    "h": 0.40174547947328837,
    "e": 0.5653976620771717
  },
  "role_distribution": {
    "k": {
      "AX": 1849,
      "EN": 3622,
      "FQ": 1481,
      "CC": 350
    },
    "h": {
      "AX": 2558,
      "EN": 5988,
      "CC": 245,
      "FQ": 367
    },
    "e": {
      "AX": 2945,
      "EN": 5547,
      "CC": 391,
      "FQ": 1335
    },
    "none": {
      "AX": 3209,
      "EN": 754,
      "FL": 748,
      "FQ": 1435,
      "CC": 990
    }
  },
  "evidence_for": 3,
  "evidence_against": 2
}