{
  "test": "T1_energy_definition",
  "n_a_middles": 972,
  "hub_eigenvalue": 81.97675337170392,
  "residual_dim": 99,
  "b_lines": {
    "total": 2420,
    "with_0_a_middles": 1,
    "with_1_a_middle": 7,
    "with_2plus": 2412,
    "coverage": 0.996694214876033,
    "valid_energy": 2412
  },
  "b_energy": {
    "mean": -0.011144898052568042,
    "median": -0.014351050473071354,
    "std": 0.022069727897140887,
    "min": -0.08061913155863383,
    "max": 0.14833280482048994,
    "q25": -0.025192316132492495,
    "q75": -0.00010379903926110546,
    "skewness": 1.3682501846204775,
    "kurtosis": 5.453268994210923
  },
  "size_correlation": {
    "rho": -0.028909140079295174,
    "p": 0.15579708244253618
  },
  "null_comparison": {
    "null_mean": 0.0044449220086295715,
    "null_std": 0.02894790554226182,
    "shift": -0.015589820061197614,
    "ks_stat": 0.30845771144278605,
    "ks_p": 1.0268087529913339e-101,
    "mannwhitney_p": 4.715168976641267e-120
  },
  "per_size_z": {
    "2": {
      "n": 22,
      "real_mean": 0.004556533663721982,
      "null_mean": 0.0006559459056456566,
      "z": 0.03235755993774876
    },
    "3": {
      "n": 69,
      "real_mean": -0.0015762950480054693,
      "null_mean": 0.006765588716572087,
      "z": -0.1238305931179673
    },
    "4": {
      "n": 141,
      "real_mean": -0.0069263156192250815,
      "null_mean": 0.0032765694943024254,
      "z": -0.22358519563348742
    },
    "5": {
      "n": 228,
      "real_mean": -0.010686719162539908,
      "null_mean": 0.005409436181331281,
      "z": -0.45396466605384345
    },
    "6": {
      "n": 311,
      "real_mean": -0.011047842153544154,
      "null_mean": 0.005117814908419112,
      "z": -0.5303837106750853
    },
    "7": {
      "n": 415,
      "real_mean": -0.011213787104137955,
      "null_mean": 0.004311958831933105,
      "z": -0.6186169256303121
    },
    "8": {
      "n": 491,
      "real_mean": -0.011259464716283042,
      "null_mean": 0.00576264531187711,
      "z": -0.7716197535021838
    },
    "9": {
      "n": 371,
      "real_mean": -0.013213732884185496,
      "null_mean": 0.005496113332943284,
      "z": -0.9674691454911286
    },
    "10": {
      "n": 218,
      "real_mean": -0.01326405931731491,
      "null_mean": 0.004870373129991231,
      "z": -1.0160830123541764
    },
    "11": {
      "n": 92,
      "real_mean": -0.014748434536260424,
      "null_mean": 0.0065106272537611845,
      "z": -1.2955393608519166
    },
    "12": {
      "n": 37,
      "real_mean": -0.012995959284432845,
      "null_mean": 0.005252642082134746,
      "z": -1.2028278571567874
    },
    "13": {
      "n": 5,
      "real_mean": -0.0161578963235275,
      "null_mean": 0.003951407599517627,
      "z": -1.433430015192837
    }
  },
  "a_energy": {
    "n_lines": 1547,
    "mean": 0.07320056423082899,
    "median": 0.02622816197192857,
    "std": 0.13971303307949595,
    "mean_size": 6.3076923076923075
  },
  "a_vs_b": {
    "ks_stat": 0.4536748491972373,
    "ks_p": 1.785362161941842e-175,
    "mannwhitney_p": 1.3088165524340611e-92,
    "shift_b_minus_a": -0.08434546228339704
  },
  "a_vs_null": {
    "shift_a_minus_null": 0.06678188713729322,
    "ks_stat": 0.34906270200387846,
    "ks_p": 5.226854325463208e-84
  },
  "percentiles": {
    "pcts": [
      5,
      10,
      25,
      50,
      75,
      90,
      95
    ],
    "b": [
      -0.04062551296825006,
      -0.03447621308267731,
      -0.025192316132492495,
      -0.014351050473071354,
      -0.00010379903926110546,
      0.014829075215568534,
      0.0273805057731781
    ],
    "null": [
      -0.0345967520332554,
      -0.026217162702121318,
      -0.012377961128243133,
      0.001956081140561101,
      0.019400876994408123,
      0.036611226464940784,
      0.05046333573696806
    ],
    "a": [
      -0.04390092461619367,
      -0.038080451468188656,
      -0.0234513260158951,
      0.02622816197192857,
      0.12224147446074263,
      0.24474589044984538,
      0.32455056710160796
    ]
  },
  "verdict": "WELL_DEFINED",
  "explanation": "E(line) is non-degenerate (std=0.0221), significantly different from random (KS p=1.03e-101), but shifted LOWER than null by 0.01559. B lines have MORE constraint tension than random."
}