{
  "test": "T2_hazard_association",
  "n_lines": 2412,
  "en_correlation": {
    "rho": 0.21634323175440204,
    "p": 6.116440603075253e-27,
    "direction": "positive"
  },
  "en_quartile_energy": {
    "low_EN": {
      "n": 660,
      "mean_E": -0.016748188495778155,
      "std_E": 0.0206613517543227
    },
    "med_low_EN": {
      "n": 567,
      "mean_E": -0.011315888857017248,
      "std_E": 0.021173631679213534
    },
    "med_high_EN": {
      "n": 589,
      "mean_E": -0.01018526206686794,
      "std_E": 0.021289961920788292
    },
    "high_EN": {
      "n": 596,
      "mean_E": -0.005725606302460632,
      "std_E": 0.023641485117576633
    }
  },
  "zero_vs_nonzero_en": {
    "zero_n": 15,
    "zero_mean": -0.015642856336970233,
    "nonzero_n": 2397,
    "nonzero_mean": -0.011116750629011081
  },
  "lane_energy": {
    "QO": {
      "n": 1206,
      "mean_E": -0.009924507686261174,
      "std_E": 0.021492801704966348,
      "median_E": -0.012866438662136392
    },
    "CHSH": {
      "n": 782,
      "mean_E": -0.01235237355880396,
      "std_E": 0.0231573888022683,
      "median_E": -0.015853375169448583
    },
    "MIXED": {
      "n": 409,
      "mean_E": -0.012269777176342029,
      "std_E": 0.02055581953117607,
      "median_E": -0.01501767639307993
    },
    "OTHER": {
      "n": 15,
      "mean_E": -0.015642856336970233,
      "std_E": 0.038108350808150684,
      "median_E": -0.024127088130845114
    }
  },
  "qo_vs_chsh": {
    "shift": 0.002427865872542786,
    "p": 0.0010007016815902715
  },
  "regime_energy": {
    "REGIME_1": {
      "n": 1320,
      "mean_E": -0.010232712548453923,
      "std_E": 0.022197570582238972,
      "median_E": -0.013329270394496304
    },
    "REGIME_2": {
      "n": 304,
      "mean_E": -0.012711487643767908,
      "std_E": 0.019873444991140427,
      "median_E": -0.01574999097563269
    },
    "REGIME_3": {
      "n": 425,
      "mean_E": -0.010578156009360556,
      "std_E": 0.020991362474204408,
      "median_E": -0.012303182394993024
    },
    "REGIME_4": {
      "n": 363,
      "mean_E": -0.01381351237231752,
      "std_E": 0.024195629039382806,
      "median_E": -0.017821966017394227
    }
  },
  "regime_kw": {
    "H": 15.00324828253268,
    "p": 0.001813875188236965
  },
  "position_correlation": {
    "rho": 0.002684228238992714,
    "p": 0.8951741003075424
  },
  "position_quartile_energy": {
    "Q1 (early)": {
      "n": 635,
      "mean_E": -0.010718333525659379,
      "std_E": 0.022454642604791405
    },
    "Q2": {
      "n": 595,
      "mean_E": -0.012560053189688239,
      "std_E": 0.021722770527016315
    },
    "Q3": {
      "n": 570,
      "mean_E": -0.010412581080285786,
      "std_E": 0.02248689566315084
    },
    "Q4 (late)": {
      "n": 612,
      "mean_E": -0.010893708252243485,
      "std_E": 0.021541875919382947
    }
  },
  "regime_x_position": {
    "REGIME_1": {
      "rho": 0.01946637960406196,
      "p": 0.47978673511155856,
      "n": 1320,
      "early_mean": -0.009941069315575824,
      "late_mean": -0.008551413060000708,
      "shift": 0.0013896562555751162
    },
    "REGIME_2": {
      "rho": 0.07387484451469013,
      "p": 0.19896656317205832,
      "n": 304,
      "early_mean": -0.014916106689213662,
      "late_mean": -0.012215030981769131,
      "shift": 0.0027010757074445307
    },
    "REGIME_3": {
      "rho": 0.003199592793325314,
      "p": 0.94756317294587,
      "n": 425,
      "early_mean": -0.010291366922859079,
      "late_mean": -0.010429606249972238,
      "shift": -0.00013823932711315955
    },
    "REGIME_4": {
      "rho": -0.09000335011263794,
      "p": 0.0868309679627464,
      "n": 363,
      "early_mean": -0.010465063337235694,
      "late_mean": -0.01857462180822442,
      "shift": -0.008109558470988727
    }
  },
  "verdict": "STRONG_HAZARD_ASSOCIATION",
  "explanation": "3/4 associations significant. EN density (rho=0.216, p=6.1e-27); Lane difference (QO vs CHSH, p=1.0e-03); REGIME (KW p=1.8e-03)"
}