{
  "test": "T4_regime_convergence",
  "n_lines": 2412,
  "n_folios": 82,
  "first_vs_body": {
    "first_n": 82,
    "first_mean": -0.003267720451000672,
    "body_n": 2330,
    "body_mean": -0.011422120611936508,
    "shift": 0.008154400160935835,
    "p": 0.009401972545236453
  },
  "position_trajectory": {
    "quintile_energy": {
      "Q1 (start)": {
        "n": 518,
        "mean_E": -0.010951086417983615,
        "std_E": 0.02167372334825955,
        "var_E": 0.00046975028377689104
      },
      "Q2": {
        "n": 478,
        "mean_E": -0.011257444842740447,
        "std_E": 0.023808426461939754,
        "var_E": 0.0005668411705935931
      },
      "Q3": {
        "n": 487,
        "mean_E": -0.011550261571553484,
        "std_E": 0.021188528740544242,
        "var_E": 0.0004489537501888694
      },
      "Q4": {
        "n": 477,
        "mean_E": -0.010988858422650063,
        "std_E": 0.022569020826767778,
        "var_E": 0.0005093607010790778
      },
      "Q5 (end)": {
        "n": 452,
        "mean_E": -0.010975906748889475,
        "std_E": 0.020972141956507928,
        "var_E": 0.0004398307382439202
      }
    },
    "trend_rho": 0.004959157651923641,
    "trend_p": 0.8076723251191067
  },
  "variance_trajectory": {
    "var_q1": 0.00046975028377689104,
    "var_q5": 0.0004398307382439202,
    "var_ratio": 0.9363075519775924,
    "levene_p": 0.7951626719084643
  },
  "regime_variance": {
    "per_regime": {
      "REGIME_1": {
        "n": 1320,
        "mean_E": -0.010232712548453923,
        "var_E": 0.000492732139753481,
        "iqr": 0.026181930754662002,
        "p10": -0.034160187350232595,
        "p90": 0.01491967691504089,
        "range_80": 0.049079864265273485
      },
      "REGIME_2": {
        "n": 304,
        "mean_E": -0.012711487643767908,
        "var_E": 0.0003949538158158846,
        "iqr": 0.02042191528401348,
        "p10": -0.032124650358395866,
        "p90": 0.011250169028812278,
        "range_80": 0.04337481938720814
      },
      "REGIME_3": {
        "n": 425,
        "mean_E": -0.010578156009360557,
        "var_E": 0.0004406372985234369,
        "iqr": 0.022473288048982146,
        "p10": -0.033711051768194215,
        "p90": 0.01608637652235692,
        "range_80": 0.049797428290551136
      },
      "REGIME_4": {
        "n": 363,
        "mean_E": -0.01381351237231752,
        "var_E": 0.0005854284646114245,
        "iqr": 0.023997908013407322,
        "p10": -0.03813330780417693,
        "p90": 0.012837400046582528,
        "range_80": 0.05097070785075946
      }
    },
    "levene_p": 0.02425270522123645
  },
  "regime_trajectory": {
    "REGIME_1": {
      "q_means": [
        -0.009801826596196942,
        -0.012010595998229857,
        -0.01134723074399356,
        -0.009025390820630457,
        -0.008919568825121042
      ],
      "trend_rho": 0.7,
      "trend_p": 0.1881204043741873,
      "var_q1": 0.0003892609521652459,
      "var_q5": 0.00047816814786762137,
      "var_ratio": 1.2283999851714726
    },
    "REGIME_2": {
      "q_means": [
        -0.016890118067986598,
        -0.010628457396643242,
        -0.011056663228586467,
        -0.011590891011932072,
        -0.013153533203918672
      ],
      "trend_rho": 0.0,
      "trend_p": 1.0,
      "var_q1": 0.00022086536744237296,
      "var_q5": 0.00023188946276434837,
      "var_ratio": 1.0499131912333506
    },
    "REGIME_3": {
      "q_means": [
        -0.01139815034253755,
        -0.009977477587509543,
        -0.00902783872359916,
        -0.013145558849507835,
        -0.009214974802135708
      ],
      "trend_rho": 0.19999999999999998,
      "trend_p": 0.747060078104662,
      "var_q1": 0.0003474524260469244,
      "var_q5": 0.0005070728631845894,
      "var_ratio": 1.4594022812093066
    },
    "REGIME_4": {
      "q_means": [
        -0.009653824877592525,
        -0.010532936123206642,
        -0.01555573832743472,
        -0.01513784744131008,
        -0.019363863390628504
      ],
      "trend_rho": -0.8999999999999998,
      "trend_p": 0.03738607346849874,
      "var_q1": 0.0010358589720733862,
      "var_q5": 0.0002913060930814313,
      "var_ratio": 0.28122176950241595
    }
  },
  "folio_consistency": {
    "n_folios": 82,
    "cross_folio_mean": -0.011907536915042528,
    "cross_folio_std": 0.0072405386621250956,
    "mean_within_std": 0.02015339570198735,
    "icc_like": 0.10628466259367242
  },
  "verdict": "PARTIAL_PROGRAM_STRUCTURE",
  "explanation": "1/4 program structure effects. HT/body difference"
}