{
  "test": "T5_kernel_composition",
  "n_lines": 2412,
  "kernel_correlations": {
    "h": {
      "rho": 0.05426472176718943,
      "p": 0.0076842391978022935
    },
    "e": {
      "rho": 0.3086163263274142,
      "p": 2.188648184098745e-54
    },
    "k": {
      "rho": 0.10270446456323985,
      "p": 4.3086360952445437e-07
    }
  },
  "h_bin_energy": {
    "low_h": {
      "n": 1308,
      "mean_E": -0.011430559142264665
    },
    "med_high_h": {
      "n": 553,
      "mean_E": -0.011957111297429763
    },
    "high_h": {
      "n": 551,
      "mean_E": -0.00965161560296421
    }
  },
  "e_bin_energy": {
    "low_e": {
      "n": 616,
      "mean_E": -0.017900698156214104
    },
    "med_low_e": {
      "n": 597,
      "mean_E": -0.013900224885207847
    },
    "med_high_e": {
      "n": 750,
      "mean_E": -0.010363690328728673
    },
    "high_e": {
      "n": 449,
      "mean_E": 0.0004822671814016906
    }
  },
  "compound_correlation": {
    "rho": 0.017076160879319204,
    "p": 0.40187751103634906
  },
  "first_vs_body": {
    "first_h_frac": 0.15346877501895423,
    "first_e_frac": 0.3384527078523494,
    "first_compound_frac": 0.1884915186587827,
    "first_E": -0.0030967539910390918,
    "body_h_frac": 0.06911329250011099,
    "body_e_frac": 0.3619038360670521,
    "body_compound_frac": 0.10166475875154275,
    "body_E": -0.011424563290227348
  },
  "verdict": "PARTIAL_KERNEL_LINKAGE",
  "explanation": "Kernel effects: h\u2192E (rho=+0.054); e\u2192E (rho=+0.309). h rho=+0.054, e rho=+0.309, k rho=+0.103."
}