{
  "test": "T10_azc_submanifold_projection",
  "embedding_dim": 100,
  "n_middles_total": 972,
  "n_azc_middles_in_space": 250,
  "azc_coverage_pct": 25.720164609053498,
  "n_folios_tested": 27,
  "n_coherent": 27,
  "pct_coherent": 100.0,
  "mean_cos_z": 13.257093635021828,
  "cohesion_by_folio": {
    "f57v": {
      "n_middles": 44,
      "mean_cosine_sim": 0.12111551771360363,
      "mean_radius": 1.8407092621571566,
      "null_cos_mean": 0.03626724182232272,
      "null_cos_std": 0.006363538978402338,
      "cos_z": 13.333504545073652,
      "null_radius_mean": 0.8026579499027202,
      "null_radius_std": 0.06967288831429039,
      "radius_z": 14.898927507811168,
      "section": "C"
    },
    "f67r1": {
      "n_middles": 53,
      "mean_cosine_sim": 0.12276154849709645,
      "mean_radius": 1.7793170004675305,
      "null_cos_mean": 0.03633012596126756,
      "null_cos_std": 0.005705186528235541,
      "cos_z": 15.149622559765767,
      "null_radius_mean": 0.8034764923102437,
      "null_radius_std": 0.06455285524533602,
      "radius_z": 15.116922473042614,
      "section": "A"
    },
    "f67r2": {
      "n_middles": 51,
      "mean_cosine_sim": 0.11281712101092674,
      "mean_radius": 1.7284499250013148,
      "null_cos_mean": 0.036331852841053315,
      "null_cos_std": 0.005881139614924252,
      "cos_z": 13.00517810796072,
      "null_radius_mean": 0.803483131029345,
      "null_radius_std": 0.06606889714457112,
      "radius_z": 14.000033812399943,
      "section": "A"
    },
    "f67v1": {
      "n_middles": 40,
      "mean_cosine_sim": 0.11799786607132692,
      "mean_radius": 1.7376229858550984,
      "null_cos_mean": 0.03631368973025233,
      "null_cos_std": 0.0068101501352457305,
      "cos_z": 11.994475117122684,
      "null_radius_mean": 0.8015848661361246,
      "null_radius_std": 0.07299207089868237,
      "radius_z": 12.823832893003601,
      "section": "A"
    },
    "f67v2": {
      "n_middles": 32,
      "mean_cosine_sim": 0.12156101613057765,
      "mean_radius": 1.7671851625566166,
      "null_cos_mean": 0.036319698789846235,
      "null_cos_std": 0.007863653285506611,
      "cos_z": 10.839912982663986,
      "null_radius_mean": 0.7998509282240437,
      "null_radius_std": 0.08230199382898785,
      "radius_z": 11.753472660000917,
      "section": "C"
    },
    "f68r1": {
      "n_middles": 20,
      "mean_cosine_sim": 0.13482091808020208,
      "mean_radius": 1.9038925108479006,
      "null_cos_mean": 0.036277154282303464,
      "null_cos_std": 0.0108266077247196,
      "cos_z": 9.101998179254325,
      "null_radius_mean": 0.798942127670607,
      "null_radius_std": 0.1065109423161257,
      "radius_z": 10.374055089079844,
      "section": "A"
    },
    "f68r2": {
      "n_middles": 22,
      "mean_cosine_sim": 0.13420249218329894,
      "mean_radius": 1.906079807284829,
      "null_cos_mean": 0.036465572057162686,
      "null_cos_std": 0.010122329929601066,
      "cos_z": 9.655575426396735,
      "null_radius_mean": 0.799155460360091,
      "null_radius_std": 0.09994868562630392,
      "radius_z": 11.074926498417344,
      "section": "A"
    },
    "f68r3": {
      "n_middles": 39,
      "mean_cosine_sim": 0.12883224451677508,
      "mean_radius": 1.8980077369822725,
      "null_cos_mean": 0.03634432024898604,
      "null_cos_std": 0.006886788635050027,
      "cos_z": 13.429760831786759,
      "null_radius_mean": 0.8017906772558188,
      "null_radius_std": 0.07434079544196202,
      "radius_z": 14.74583441311537,
      "section": "A"
    },
    "f68v1": {
      "n_middles": 41,
      "mean_cosine_sim": 0.13757473070591425,
      "mean_radius": 1.975623327696426,
      "null_cos_mean": 0.03627696956372119,
      "null_cos_std": 0.006662311039963875,
      "cos_z": 15.204598004289865,
      "null_radius_mean": 0.8023151174500269,
      "null_radius_std": 0.07223530668094974,
      "radius_z": 16.24286327776926,
      "section": "A"
    },
    "f68v2": {
      "n_middles": 31,
      "mean_cosine_sim": 0.1258640849091194,
      "mean_radius": 1.8357305983550498,
      "null_cos_mean": 0.03638993132144907,
      "null_cos_std": 0.008135284919221584,
      "cos_z": 10.998281495496972,
      "null_radius_mean": 0.7999487212226035,
      "null_radius_std": 0.08300186886683557,
      "radius_z": 12.479018741062418,
      "section": "A"
    },
    "f68v3": {
      "n_middles": 55,
      "mean_cosine_sim": 0.12200901399511697,
      "mean_radius": 1.7813549319291317,
      "null_cos_mean": 0.03638617585443742,
      "null_cos_std": 0.005577075303749001,
      "cos_z": 15.352641568802648,
      "null_radius_mean": 0.8045027275185036,
      "null_radius_std": 0.0633989117661038,
      "radius_z": 15.408027948721067,
      "section": "C"
    },
    "f69r": {
      "n_middles": 51,
      "mean_cosine_sim": 0.12678352592625733,
      "mean_radius": 1.8307548608867215,
      "null_cos_mean": 0.036331852841053315,
      "null_cos_std": 0.005881139614924252,
      "cos_z": 15.379956778388609,
      "null_radius_mean": 0.803483131029345,
      "null_radius_std": 0.06606889714457112,
      "radius_z": 15.548492168856908,
      "section": "C"
    },
    "f69v": {
      "n_middles": 43,
      "mean_cosine_sim": 0.1216262883089408,
      "mean_radius": 1.839018623049208,
      "null_cos_mean": 0.03629394579038288,
      "null_cos_std": 0.006478901204063713,
      "cos_z": 13.170804713773926,
      "null_radius_mean": 0.802417534660098,
      "null_radius_std": 0.07046998902295293,
      "radius_z": 14.709823327082916,
      "section": "C"
    },
    "f70r1": {
      "n_middles": 36,
      "mean_cosine_sim": 0.1341517407724829,
      "mean_radius": 1.8452452558838957,
      "null_cos_mean": 0.036281382209098795,
      "null_cos_std": 0.007230199555321092,
      "cos_z": 13.536328812854974,
      "null_radius_mean": 0.802099506800119,
      "null_radius_std": 0.07656823996682008,
      "radius_z": 13.623739419056927,
      "section": "C"
    },
    "f70r2": {
      "n_middles": 46,
      "mean_cosine_sim": 0.13060125266784317,
      "mean_radius": 1.8682818359866709,
      "null_cos_mean": 0.036355323362402756,
      "null_cos_std": 0.006232211236086056,
      "cos_z": 15.12239006915122,
      "null_radius_mean": 0.8036602871917721,
      "null_radius_std": 0.06873466454752292,
      "radius_z": 15.48885930851998,
      "section": "C"
    },
    "f70v1": {
      "n_middles": 40,
      "mean_cosine_sim": 0.1300803115789295,
      "mean_radius": 1.9354959005444201,
      "null_cos_mean": 0.03631368973025233,
      "null_cos_std": 0.0068101501352457305,
      "cos_z": 13.768657076059275,
      "null_radius_mean": 0.8015848661361246,
      "null_radius_std": 0.07299207089868237,
      "radius_z": 15.534715215605216,
      "section": "Z"
    },
    "f70v2": {
      "n_middles": 54,
      "mean_cosine_sim": 0.1182107779359534,
      "mean_radius": 1.7915403823037641,
      "null_cos_mean": 0.03639566247372074,
      "null_cos_std": 0.005624285483165966,
      "cos_z": 14.54675722047063,
      "null_radius_mean": 0.8040400911906095,
      "null_radius_std": 0.06393347918699177,
      "radius_z": 15.445746167276885,
      "section": "Z"
    },
    "f71r": {
      "n_middles": 38,
      "mean_cosine_sim": 0.13194303628842718,
      "mean_radius": 1.9029138518238746,
      "null_cos_mean": 0.036365045243874634,
      "null_cos_std": 0.007012108906823306,
      "cos_z": 13.630420222302599,
      "null_radius_mean": 0.8015999528454303,
      "null_radius_std": 0.07517237768300404,
      "radius_z": 14.650513033159571,
      "section": "Z"
    },
    "f71v": {
      "n_middles": 39,
      "mean_cosine_sim": 0.12393381872108909,
      "mean_radius": 1.8431774135551866,
      "null_cos_mean": 0.03634432024898604,
      "null_cos_std": 0.006886788635050027,
      "cos_z": 12.718482171257575,
      "null_radius_mean": 0.8017906772558188,
      "null_radius_std": 0.07434079544196202,
      "radius_z": 14.008280784571106,
      "section": "Z"
    },