{
  "test": "T7_bootstrap_stability",
  "n_nodes": 972,
  "n_trials": 50,
  "removal_fractions": [
    0.1,
    0.2,
    0.3
  ],
  "baseline": {
    "lambda_1": 81.97675337170398,
    "spectral_gap": 4.278710140766909,
    "n_above_12": 18,
    "effective_rank": 344.26042776655413,
    "cumvar_96": 0.5385785194799163,
    "n_nodes": 972
  },
  "results_by_fraction": {
    "10pct": {
      "lambda_1": {
        "baseline": 81.97675337170398,
        "mean": 73.89852133744748,
        "std": 2.5749369467097503,
        "cv": 0.034844228275578794,
        "min": 65.67196751523078,
        "max": 78.71237005813802,
        "ratio_to_baseline": 0.9014570387091607
      },
      "spectral_gap": {
        "baseline": 4.278710140766909,
        "mean": 4.165657050397689,
        "std": 0.11876319255987844,
        "cv": 0.02851007443076484,
        "min": 3.8245875605318607,
        "max": 4.385001953445139,
        "ratio_to_baseline": 0.9735777637068549
      },
      "n_above_12": {
        "baseline": 18.0,
        "mean": 14.0,
        "std": 0.938083151964686,
        "cv": 0.067005939426049,
        "min": 11.0,
        "max": 16.0,
        "ratio_to_baseline": 0.7777777777777778
      },
      "effective_rank": {
        "baseline": 344.26042776655413,
        "mean": 323.5888760991103,
        "std": 3.92925610323014,
        "cv": 0.012142741588022542,
        "min": 315.69277707114736,
        "max": 336.7655697158494,
        "ratio_to_baseline": 0.9399537385067638
      },
      "cumvar_96": {
        "baseline": 0.5385785194799163,
        "mean": 0.550560712802241,
        "std": 0.004626445856727233,
        "cv": 0.008403152911473784,
        "min": 0.5351953097866625,
        "max": 0.5589385485065859,
        "ratio_to_baseline": 1.0222478113941407
      }
    },
    "20pct": {
      "lambda_1": {
        "baseline": 81.97675337170398,
        "mean": 65.98578251639698,
        "std": 3.601241684085258,
        "cv": 0.05457602451240729,
        "min": 55.330323775761386,
        "max": 72.9410862295745,
        "ratio_to_baseline": 0.8049328596510797
      },
      "spectral_gap": {
        "baseline": 4.278710140766909,
        "mean": 4.043449940412196,
        "std": 0.17742321229388353,
        "cv": 0.04387916628338342,
        "min": 3.58296932284136,
        "max": 4.48831599168759,
        "ratio_to_baseline": 0.9450160930245803
      },
      "n_above_12": {
        "baseline": 18.0,
        "mean": 8.96,
        "std": 0.8935323161475469,
        "cv": 0.099724588855753,
        "min": 7.0,
        "max": 10.0,
        "ratio_to_baseline": 0.4977777777777778
      },
      "effective_rank": {
        "baseline": 344.26042776655413,
        "mean": 301.46806845630437,
        "std": 5.37196510916796,
        "cv": 0.01781935027704796,
        "min": 292.02031450931867,
        "max": 314.36317314914805,
        "ratio_to_baseline": 0.8756977106318254
      },
      "cumvar_96": {
        "baseline": 0.5385785194799163,
        "mean": 0.5636283055682696,
        "std": 0.007200269768081792,
        "cv": 0.012774854805814322,
        "min": 0.5448693639209232,
        "max": 0.5755467289247156,
        "ratio_to_baseline": 1.0465109267865766
      }
    },
    "30pct": {
      "lambda_1": {
        "baseline": 81.97675337170398,
        "mean": 57.988691329480474,
        "std": 4.065560951472134,
        "cv": 0.07010954822850556,
        "min": 47.28067153833018,
        "max": 66.61626755201735,
        "ratio_to_baseline": 0.7073797014934786
      },
      "spectral_gap": {
        "baseline": 4.278710140766909,
        "mean": 3.9229658595333405,
        "std": 0.2314417374746758,
        "cv": 0.05899662290260337,
        "min": 3.3200406580506905,
        "max": 4.504562006294411,
        "ratio_to_baseline": 0.9168571205971422
      },
      "n_above_12": {
        "baseline": 18.0,
        "mean": 5.4,
        "std": 0.848528137423857,
        "cv": 0.15713484026367722,
        "min": 3.0,
        "max": 7.0,
        "ratio_to_baseline": 0.30000000000000004
      },
      "effective_rank": {
        "baseline": 344.26042776655413,
        "mean": 277.7879066341673,
        "std": 6.141828416207145,
        "cv": 0.022109776090057164,
        "min": 266.0335194582273,
        "max": 292.2846951804938,
        "ratio_to_baseline": 0.8069121055718249
      },
      "cumvar_96": {
        "baseline": 0.5385785194799163,
        "mean": 0.5791004517681478,
        "std": 0.008738739005132492,
        "cv": 0.015090195454779557,
        "min": 0.5597804213424329,
        "max": 0.5965126045186337,
        "ratio_to_baseline": 1.0752386714705258
      }
    }
  },
  "verdict": "STABLE",
  "explanation": "All core metrics have CV < 0.10 at 20% removal. Structure is intrinsic.",
  "max_cv_at_20pct": 0.05457602451240729
}