{
  "test": "T9_independent_feature_model",
  "n_nodes": 972,
  "target": {
    "density": 0.0217,
    "clustering": 0.8732,
    "lambda_1": 81.98,
    "n_eig_above_12": 18,
    "effective_rank_top50": 27.72
  },
  "k_values_tested": [
    20,
    40,
    60,
    80,
    100,
    120,
    150,
    200
  ],
  "results_by_k": {
    "20": {
      "K": 20,
      "p": 0.67,
      "T": 14,
      "theoretical_density": 0.020906724374821772,
      "metrics": {
        "density": 0.020352358308646214,
        "density_std": 0.00228521548589703,
        "clustering": 0.41221468518886706,
        "clustering_std": 0.012663796211892028,
        "lambda_1": 99.35243767706208,
        "lambda_1_std": 6.670291620805075,
        "n_eig_above_12": 13.1,
        "n_eig_above_12_std": 1.6401219466856725,
        "effective_rank_top50": 22.724501276106345,
        "effective_rank_top50_std": 0.6407530051659921,
        "mean_degree": 19.762139917695475,
        "mean_degree_std": 2.218944236806016,
        "max_degree": 400.1,
        "max_degree_std": 48.76156273131532,
        "n_edges": 9604.4,
        "n_edges_std": 1078.4068990877238
      },
      "match_score": 3.4281842068182735
    },
    "40": {
      "K": 40,
      "p": 0.45,
      "T": 14,
      "theoretical_density": 0.021501530382274536,
      "metrics": {
        "density": 0.02164943865939403,
        "density_std": 0.002604391057039235,
        "clustering": 0.4372644238030642,
        "clustering_std": 0.025796036932785902,
        "lambda_1": 81.439246096613,
        "lambda_1_std": 7.025913490166087,
        "n_eig_above_12": 20.3,
        "n_eig_above_12_std": 1.7916472867168918,
        "effective_rank_top50": 28.679998299366737,
        "effective_rank_top50_std": 0.677209946996603,
        "mean_degree": 21.021604938271604,
        "mean_degree_std": 2.528863716385097,
        "max_degree": 403.6,
        "max_degree_std": 66.22567477949923,
        "n_edges": 10216.5,
        "n_edges_std": 1229.0277661631571
      },
      "match_score": 2.6698614171548276
    },
    "60": {
      "K": 60,
      "p": 0.55,
      "T": 26,
      "theoretical_density": 0.02174957531370536,
      "metrics": {
        "density": 0.021964967599479558,
        "density_std": 0.001806603996456682,
        "clustering": 0.4437566118281552,
        "clustering_std": 0.03491560139472139,
        "lambda_1": 87.82657752079893,
        "lambda_1_std": 4.942302167610398,
        "n_eig_above_12": 18.9,
        "n_eig_above_12_std": 1.3000000000000003,
        "effective_rank_top50": 27.91872315731531,
        "effective_rank_top50_std": 0.9496731545272687,
        "mean_degree": 21.32798353909465,
        "mean_degree_std": 1.7542124805594383,
        "max_degree": 394.2,
        "max_degree_std": 60.46949644242128,
        "n_edges": 10365.4,
        "n_edges_std": 852.5472655518872
      },
      "match_score": 2.611927817410625
    },
    "80": {
      "K": 80,
      "p": 0.9,
      "T": 72,
      "theoretical_density": 0.022098327032253895,
      "metrics": {
        "density": 0.02252546057901362,
        "density_std": 0.0035641065617714606,
        "clustering": 0.3999955905153257,
        "clustering_std": 0.03695516311249406,
        "lambda_1": 113.90839658509375,
        "lambda_1_std": 9.539380188227694,
        "n_eig_above_12": 3.5,
        "n_eig_above_12_std": 0.5,
        "effective_rank_top50": 19.695800773439235,
        "effective_rank_top50_std": 0.5903852818526797,
        "mean_degree": 21.87222222222222,
        "mean_degree_std": 3.4607474714800883,
        "max_degree": 427.6,
        "max_degree_std": 56.76301612846167,
        "n_edges": 10629.9,
        "n_edges_std": 1681.9232711393227
      },
      "match_score": 4.270173059613429
    },
    "100": {
      "K": 100,
      "p": 0.82,
      "T": 77,
      "theoretical_density": 0.021850986689319285,
      "metrics": {
        "density": 0.022429043072137247,
        "density_std": 0.003252956005383934,
        "clustering": 0.47508401528751254,
        "clustering_std": 0.049646851942275284,
        "lambda_1": 105.42058437818942,
        "lambda_1_std": 8.844506097088228,
        "n_eig_above_12": 5.4,
        "n_eig_above_12_std": 1.2806248474865698,
        "effective_rank_top50": 23.727409782621912,
        "effective_rank_top50_std": 0.7671230865766524,
        "mean_degree": 21.778600823045267,
        "mean_degree_std": 3.1586202812278006,
        "max_degree": 547.2,
        "max_degree_std": 93.08146969187798,
        "n_edges": 10584.4,
        "n_edges_std": 1535.089456676711
      },
      "match_score": 3.476794295402947
    },
    "120": {
      "K": 120,
      "p": 0.3,
      "T": 18,
      "theoretical_density": 0.02182539494868352,
      "metrics": {
        "density": 0.020899501171843547,
        "density_std": 0.0017315657000122415,
        "clustering": 0.3012420123417642,
        "clustering_std": 0.025840304330033544,
        "lambda_1": 62.308433443274396,
        "lambda_1_std": 3.784615861503361,
        "n_eig_above_12": 21.5,
        "n_eig_above_12_std": 2.247220505424423,
        "effective_rank_top50": 32.83457248875083,
        "effective_rank_top50_std": 0.7312831700246085,
        "mean_degree": 20.293415637860086,
        "mean_degree_std": 1.6813502947118866,
        "max_degree": 300.8,
        "max_degree_std": 57.389546086373606,
        "n_edges": 9862.6,
        "n_edges_std": 817.1362432299769
      },
      "match_score": 3.9677558463407983
    },
    "150": {
      "K": 150,
      "p": 0.57,
      "T": 61,
      "theoretical_density": 0.021506761372102834,
      "metrics": {
        "density": 0.020209745161112597,
        "density_std": 0.0020656806736838525,
        "clustering": 0.43406491907077827,
        "clustering_std": 0.04122022732624393,
        "lambda_1": 81.57651466684239,
        "lambda_1_std": 5.924232729888317,
        "n_eig_above_12": 16.6,
        "n_eig_above_12_std": 1.4966629547095767,
        "effective_rank_top50": 27.851294250582278,
        "effective_rank_top50_std": 0.5300146492585276,
        "mean_degree": 19.62366255144033,
        "mean_degree_std": 2.0057759341470205,
        "max_degree": 410.5,
        "max_degree_std": 82.82662615367114,
        "n_edges": 9537.1,
        "n_edges_std": 974.807103995452
      },
      "match_score": 2.7393026905730617
    },
    "200": {
      "K": 200,
      "p": 0.77,
      "T": 133,
      "theoretical_density": 0.021693499564000573,
      "metrics": {
        "density": 0.02198976067267634,
        "density_std": 0.002693749014352946,
        "clustering": 0.4880989920401072,
        "clustering_std": 0.019371203896278215,
        "lambda_1": 99.90258191790556,
        "lambda_1_std": 6.73907361913967,
        "n_eig_above_12": 7.0,
        "n_eig_above_12_std": 2.280350850198276,
        "effective_rank_top50": 24.340252084176285,
        "effective_rank_top50_std": 0.4066084781687483,
        "mean_degree": 21.35205761316872,
        "mean_degree_std": 2.6156302929367112,
        "max_degree": 537.4,
        "max_degree_std": 82.10627259838313,
        "n_edges": 10377.1,
        "n_edges_std": 1271.1963223672417
      },
      "match_score": 3.1834765080079372
    }
  },
  "best_k": 60,
  "best_score": 2.611927817410625,
  "model_verdict": "INSUFFICIENT",
  "explanation": "No K value reproduces the observed clustering coefficient. The constraint structure is more complex than independent binary features."
}