{
  "metadata": {
    "phase": "B_FOLIO_TEMPORAL_PROFILE",
    "script": "folio_temporal_metrics",
    "timestamp": "2026-01-27T12:11:36.370516",
    "total_b_tokens": 23096,
    "total_folios": 82,
    "total_lines": 2420,
    "line_features_count": 2420
  },
  "test1_role_trajectory": {
    "corpus_wide": {
      "spearman": {
        "CC": {
          "rho": 0.0019,
          "p": 0.9253587681797903
        },
        "EN": {
          "rho": -0.0274,
          "p": 0.17766749759080874
        },
        "FL": {
          "rho": 0.0303,
          "p": 0.13675732878924704
        },
        "FQ": {
          "rho": 0.0199,
          "p": 0.32768981075787806
        },
        "AX": {
          "rho": 0.0818,
          "p": 5.589674205337483e-05
        },
        "UNCLASSIFIED": {
          "rho": -0.0612,
          "p": 0.0025823443881215933
        }
      },
      "kruskal_wallis": {
        "CC": {
          "H": 1.39,
          "p": 0.7075802722962065
        },
        "EN": {
          "H": 7.35,
          "p": 0.06151705280889142
        },
        "FL": {
          "H": 0.97,
          "p": 0.8086038378214612
        },
        "FQ": {
          "H": 17.12,
          "p": 0.0006682791049486463
        },
        "AX": {
          "H": 17.96,
          "p": 0.0004484866530797621
        },
        "UNCLASSIFIED": {
          "H": 7.3,
          "p": 0.06306611586741809
        }
      },
      "quartile_means": {
        "Q1": {
          "CC": 0.0424,
          "EN": 0.3188,
          "FL": 0.0418,
          "FQ": 0.1258,
          "AX": 0.1536,
          "UNCLASSIFIED": 0.3176
        },
        "Q2": {
          "CC": 0.0464,
          "EN": 0.3269,
          "FL": 0.0425,
          "FQ": 0.1146,
          "AX": 0.1552,
          "UNCLASSIFIED": 0.3144
        },
        "Q3": {
          "CC": 0.0449,
          "EN": 0.3157,
          "FL": 0.0438,
          "FQ": 0.1076,
          "AX": 0.1709,
          "UNCLASSIFIED": 0.3171
        },
        "Q4": {
          "CC": 0.0457,
          "EN": 0.2973,
          "FL": 0.0471,
          "FQ": 0.1367,
          "AX": 0.1806,
          "UNCLASSIFIED": 0.2926
        }
      }
    },
    "regime_stratified": {
      "REGIME_1": {
        "n_lines": 827,
        "quartile_means": {
          "Q1": {
            "CC": 0.032,
            "EN": 0.4062,
            "FL": 0.0399,
            "FQ": 0.0984,
            "AX": 0.1356
          },
          "Q2": {
            "CC": 0.043,
            "EN": 0.3982,
            "FL": 0.0399,
            "FQ": 0.0761,
            "AX": 0.1572
          },
          "Q3": {
            "CC": 0.053,
            "EN": 0.3933,
            "FL": 0.0391,
            "FQ": 0.072,
            "AX": 0.168
          },
          "Q4": {
            "CC": 0.0485,
            "EN": 0.3541,
            "FL": 0.038,
            "FQ": 0.1064,
            "AX": 0.1793
          }
        }
      },
      "REGIME_2": {
        "n_lines": 635,
        "quartile_means": {
          "Q1": {
            "CC": 0.0426,
            "EN": 0.2736,
            "FL": 0.0415,
            "FQ": 0.146,
            "AX": 0.1667
          },
          "Q2": {
            "CC": 0.0446,
            "EN": 0.2672,
            "FL": 0.0528,
            "FQ": 0.1454,
            "AX": 0.1542
          },
          "Q3": {
            "CC": 0.0373,
            "EN": 0.2571,
            "FL": 0.0417,
            "FQ": 0.1245,
            "AX": 0.1893
          },
          "Q4": {
            "CC": 0.0359,
            "EN": 0.2471,
            "FL": 0.0639,
            "FQ": 0.1487,
            "AX": 0.193
          }
        }
      },
      "REGIME_3": {
        "n_lines": 186,
        "quartile_means": {
          "Q1": {
            "CC": 0.0901,
            "EN": 0.237,
            "FL": 0.0503,
            "FQ": 0.1467,
            "AX": 0.1549
          },
          "Q2": {
            "CC": 0.0805,
            "EN": 0.3088,
            "FL": 0.0366,
            "FQ": 0.1254,
            "AX": 0.146
          },
          "Q3": {
            "CC": 0.0905,
            "EN": 0.3244,
            "FL": 0.0394,
            "FQ": 0.1172,
            "AX": 0.1548
          },
          "Q4": {
            "CC": 0.0762,
            "EN": 0.3037,
            "FL": 0.0396,
            "FQ": 0.1448,
            "AX": 0.1883
          }
        }
      },
      "REGIME_4": {
        "n_lines": 772,
        "quartile_means": {
          "Q1": {
            "CC": 0.0418,
            "EN": 0.2829,
            "FL": 0.042,
            "FQ": 0.1334,
            "AX": 0.1615
          },
          "Q2": {
            "CC": 0.0434,
            "EN": 0.3017,
            "FL": 0.0384,
            "FQ": 0.1294,
            "AX": 0.1561
          },
          "Q3": {
            "CC": 0.0312,
            "EN": 0.2783,
            "FL": 0.0518,
            "FQ": 0.1297,
            "AX": 0.1626
          },
          "Q4": {
            "CC": 0.0434,
            "EN": 0.2772,
            "FL": 0.0445,
            "FQ": 0.1567,
            "AX": 0.1699
          }
        }
      }
    },
    "regime_kw_on_slope": {
      "CC": {
        "H": 6.23,
        "p": 0.10114929589064874
      },
      "EN": {
        "H": 8.41,
        "p": 0.03825348702242829
      },
      "FL": {
        "H": 12.59,
        "p": 0.0056246163184843715
      },
      "FQ": {
        "H": 1.65,
        "p": 0.647178994387996
      },
      "AX": {
        "H": 2.27,
        "p": 0.5188280061694484
      }
    }
  },
  "test2_link_trajectory": {
    "spearman": {
      "rho": 0.0197,
      "p": 0.3329183970689428
    },
    "kruskal_wallis": {
      "H": 2.06,
      "p": 0.5594217368138934
    },
    "quartile_means": {
      "Q1": 0.1288,
      "Q2": 0.1343,
      "Q3": 0.1369,
      "Q4": 0.1451
    },
    "regime_stratified": {
      "REGIME_1": {
        "quartile_means": {
          "Q1": 0.1475,
          "Q2": 0.145,
          "Q3": 0.178,
          "Q4": 0.176
        },
        "slope": 0.0286
      },
      "REGIME_2": {
        "quartile_means": {
          "Q1": 0.1275,
          "Q2": 0.1246,
          "Q3": 0.0987,
          "Q4": 0.1155
        },
        "slope": -0.0119
      },
      "REGIME_3": {
        "quartile_means": {
          "Q1": 0.1393,
          "Q2": 0.1787,
          "Q3": 0.1757,
          "Q4": 0.19
        },
        "slope": 0.0507
      },
      "REGIME_4": {
        "quartile_means": {
          "Q1": 0.1075,
          "Q2": 0.12,
          "Q3": 0.1147,
          "Q4": 0.126
        },
        "slope": 0.0185
      }
    }
  },
  "test3_kernel_trajectory": {
    "k": {
      "spearman": {
        "rho": -0.0228,
        "p": 0.2620649603939385
      },
      "kruskal_wallis": {
        "H": 7.95,
        "p": 0.04696026823923966
      },
      "quartile_means": {
        "Q1": 0.0024,
        "Q2": 0.0005,
        "Q3": 0.0021,
        "Q4": 0.0019
      },
      "regime_stratified": {
        "REGIME_1": {
          "quartile_means": {
            "Q1": 0.0025,
            "Q2": 0.0005,
            "Q3": 0.001,
            "Q4": 0.0018
          },
          "slope": -0.0007
        },
        "REGIME_2": {
          "quartile_means": {
            "Q1": 0.0012,
            "Q2": 0.0,
            "Q3": 0.0046,
            "Q4": 0.001
          },
          "slope": -0.0002
        },
        "REGIME_3": {
          "quartile_means": {
            "Q1": 0.0039,
            "Q2": 0.0026,
            "Q3": 0.0049,
            "Q4": 0.007
          },
          "slope": 0.0031
        },
        "REGIME_4": {
          "quartile_means": {
            "Q1": 0.0031,
            "Q2": 0.0005,
            "Q3": 0.0005,
            "Q4": 0.0015
          },
          "slope": -0.0016
        }
      }
    },
    "h": {
      "spearman": {
        "rho": -0.0143,
        "p": 0.48240730044436253
      },
      "kruskal_wallis": {
        "H": 0.16,
        "p": 0.9835829013799258
      },