{
  "metadata": {
    "phase": "B_FOLIO_TEMPORAL_PROFILE",
    "script": "folio_temporal_metrics",
    "timestamp": "2026-02-11T19:56:19.974319",
    "total_b_tokens": 23096,
    "total_folios": 82,
    "total_lines": 2420,
    "line_features_count": 2420
  },
  "test1_role_trajectory": {
    "corpus_wide": {
      "spearman": {
        "CC": {
          "rho": 0.0019,
          "p": 0.9253587681797903
        },
        "EN": {
          "rho": -0.0274,
          "p": 0.17766749759080874
        },
        "FL": {
          "rho": 0.0303,
          "p": 0.13675732878924704
        },
        "FQ": {
          "rho": 0.0199,
          "p": 0.32768981075787806
        },
        "AX": {
          "rho": 0.0818,
          "p": 5.589674205337483e-05
        },
        "UNCLASSIFIED": {
          "rho": -0.0612,
          "p": 0.0025823443881215933
        }
      },
      "kruskal_wallis": {
        "CC": {
          "H": 1.39,
          "p": 0.7075802722962065
        },
        "EN": {
          "H": 7.35,
          "p": 0.06151705280889142
        },
        "FL": {
          "H": 0.97,
          "p": 0.8086038378214612
        },
        "FQ": {
          "H": 17.12,
          "p": 0.0006682791049486463
        },
        "AX": {
          "H": 17.96,
          "p": 0.0004484866530797621
        },
        "UNCLASSIFIED": {
          "H": 7.3,
          "p": 0.06306611586741809
        }
      },
      "quartile_means": {
        "Q1": {
          "CC": 0.0424,
          "EN": 0.3188,
          "FL": 0.0418,
          "FQ": 0.1258,
          "AX": 0.1536,
          "UNCLASSIFIED": 0.3176
        },
        "Q2": {
          "CC": 0.0464,
          "EN": 0.3269,
          "FL": 0.0425,
          "FQ": 0.1146,
          "AX": 0.1552,
          "UNCLASSIFIED": 0.3144
        },
        "Q3": {
          "CC": 0.0449,
          "EN": 0.3157,
          "FL": 0.0438,
          "FQ": 0.1076,
          "AX": 0.1709,
          "UNCLASSIFIED": 0.3171
        },
        "Q4": {
          "CC": 0.0457,
          "EN": 0.2973,
          "FL": 0.0471,
          "FQ": 0.1367,
          "AX": 0.1806,
          "UNCLASSIFIED": 0.2926
        }
      }
    },
    "regime_stratified": {
      "REGIME_1": {
        "n_lines": 1290,
        "quartile_means": {
          "Q1": {
            "CC": 0.0481,
            "EN": 0.3741,
            "FL": 0.0403,
            "FQ": 0.1342,
            "AX": 0.1483
          },
          "Q2": {
            "CC": 0.0555,
            "EN": 0.3913,
            "FL": 0.0369,
            "FQ": 0.1125,
            "AX": 0.1547
          },
          "Q3": {
            "CC": 0.0569,
            "EN": 0.3691,
            "FL": 0.0381,
            "FQ": 0.1041,
            "AX": 0.1639
          },
          "Q4": {
            "CC": 0.0568,
            "EN": 0.3519,
            "FL": 0.0395,
            "FQ": 0.1186,
            "AX": 0.1828
          }
        }
      },
      "REGIME_2": {
        "n_lines": 230,
        "quartile_means": {
          "Q1": {
            "CC": 0.043,
            "EN": 0.2274,
            "FL": 0.049,
            "FQ": 0.1726,
            "AX": 0.1784
          },
          "Q2": {
            "CC": 0.06,
            "EN": 0.2309,
            "FL": 0.0525,
            "FQ": 0.1784,
            "AX": 0.1798
          },
          "Q3": {
            "CC": 0.047,
            "EN": 0.2074,
            "FL": 0.0672,
            "FQ": 0.1635,
            "AX": 0.1912
          },
          "Q4": {
            "CC": 0.0471,
            "EN": 0.1958,
            "FL": 0.0569,
            "FQ": 0.2087,
            "AX": 0.2178
          }
        }
      },
      "REGIME_3": {
        "n_lines": 689,
        "quartile_means": {
          "Q1": {
            "CC": 0.0392,
            "EN": 0.2819,
            "FL": 0.0403,
            "FQ": 0.0925,
            "AX": 0.1425
          },
          "Q2": {
            "CC": 0.0267,
            "EN": 0.2639,
            "FL": 0.0426,
            "FQ": 0.1014,
            "AX": 0.1492
          },
          "Q3": {
            "CC": 0.028,
            "EN": 0.2702,
            "FL": 0.0429,
            "FQ": 0.0968,
            "AX": 0.1691
          },
          "Q4": {
            "CC": 0.0279,
            "EN": 0.2685,
            "FL": 0.0522,
            "FQ": 0.1447,
            "AX": 0.1625
          }
        }
      },
      "REGIME_4": {
        "n_lines": 211,
        "quartile_means": {
          "Q1": {
            "CC": 0.0168,
            "EN": 0.202,
            "FL": 0.0476,
            "FQ": 0.1314,
            "AX": 0.1937
          },
          "Q2": {
            "CC": 0.0402,
            "EN": 0.2255,
            "FL": 0.0683,
            "FQ": 0.1069,
            "AX": 0.1539
          },
          "Q3": {
            "CC": 0.024,
            "EN": 0.2549,
            "FL": 0.0561,
            "FQ": 0.1037,
            "AX": 0.1982
          },
          "Q4": {
            "CC": 0.0361,
            "EN": 0.1863,
            "FL": 0.0638,
            "FQ": 0.1363,
            "AX": 0.1832
          }
        }
      }
    },
    "regime_kw_on_slope": {
      "CC": {
        "H": 4.01,
        "p": 0.26020851917563337
      },
      "EN": {
        "H": 1.33,
        "p": 0.7224601645824743
      },
      "FL": {
        "H": 3.64,
        "p": 0.3027585193647359
      },
      "FQ": {
        "H": 12.28,
        "p": 0.006475294243081522
      },
      "AX": {
        "H": 4.34,
        "p": 0.2269584720063283
      }
    }
  },
  "test2_link_trajectory": {
    "spearman": {
      "rho": 0.0197,
      "p": 0.3329183970689428
    },
    "kruskal_wallis": {
      "H": 2.06,
      "p": 0.5594217368138934
    },
    "quartile_means": {
      "Q1": 0.1288,
      "Q2": 0.1343,
      "Q3": 0.1369,
      "Q4": 0.1451
    },
    "regime_stratified": {
      "REGIME_1": {
        "quartile_means": {
          "Q1": 0.1468,
          "Q2": 0.1621,
          "Q3": 0.1696,
          "Q4": 0.1743
        },
        "slope": 0.0274
      },
      "REGIME_2": {
        "quartile_means": {
          "Q1": 0.1117,
          "Q2": 0.1207,
          "Q3": 0.0898,
          "Q4": 0.1123
        },
        "slope": 0.0006
      },
      "REGIME_3": {
        "quartile_means": {
          "Q1": 0.1241,
          "Q2": 0.1047,
          "Q3": 0.1019,
          "Q4": 0.1126
        },
        "slope": -0.0115
      },
      "REGIME_4": {
        "quartile_means": {
          "Q1": 0.0531,
          "Q2": 0.0694,
          "Q3": 0.1016,
          "Q4": 0.1151
        },
        "slope": 0.0619
      }
    }
  },
  "test3_kernel_trajectory": {
    "k": {
      "spearman": {
        "rho": -0.0228,
        "p": 0.2620649603939385
      },
      "kruskal_wallis": {
        "H": 7.95,
        "p": 0.04696026823923966
      },
      "quartile_means": {
        "Q1": 0.0024,
        "Q2": 0.0005,
        "Q3": 0.0021,
        "Q4": 0.0019
      },
      "regime_stratified": {
        "REGIME_1": {
          "quartile_means": {
            "Q1": 0.0039,
            "Q2": 0.0009,
            "Q3": 0.0013,
            "Q4": 0.0008
          },
          "slope": -0.003
        },
        "REGIME_2": {
          "quartile_means": {
            "Q1": 0.0019,
            "Q2": 0.0,
            "Q3": 0.0069,
            "Q4": 0.004
          },
          "slope": 0.0021
        },
        "REGIME_3": {
          "quartile_means": {
            "Q1": 0.0,
            "Q2": 0.0,
            "Q3": 0.0013,
            "Q4": 0.0025
          },
          "slope": 0.0025
        },
        "REGIME_4": {
          "quartile_means": {
            "Q1": 0.0021,
            "Q2": 0.0,
            "Q3": 0.0047,
            "Q4": 0.0036
          },
          "slope": 0.0015
        }
      }
    },
    "h": {
      "spearman": {
        "rho": -0.0143,
        "p": 0.48240730044436253
      },
      "kruskal_wallis": {
        "H": 0.16,
        "p": 0.9835829013799258
      },