{
  "precision_tokens": 172,
  "found_in_b": 136,
  "coverage_pct": 79.06976744186046,
  "b_instances": 6879,
  "b_folios": 82,
  "precision_b_kernel": {
    "k": 0.19901148422735862,
    "h": 0.02311382468382032,
    "e": 0.21790957988079662,
    "k_plus_e": 0.4169210641081552
  },
  "baseline_b_kernel": {
    "k": 0.19146172497402147,
    "h": 0.09707308624870108,
    "e": 0.3418340838240388,
    "k_plus_e": 0.5332958087980603
  },
  "h_suppression": 0.23810744643064857,
  "kernel_test_pass": true,
  "regime_distribution": {
    "REGIME_2": 10,
    "REGIME_1": 31,
    "REGIME_3": 16,
    "REGIME_4": 25
  },
  "prefix_enrichment": {
    "qo": 1.3691044297729582,
    "ok": 1.5356654780961505,
    "ot": 0.7879687140809734,
    "ch": 1.0164049496029604,
    "sh": 0.849928371568928,
    "ol": 0.38944239356104776,
    "or": 0.6196881627749347
  }
}