{
  "track": 3,
  "name": "Entry Organization & Lookup",
  "tests": {
    "CAR-3.1": {
      "test_id": "CAR-3.1",
      "test_name": "Marker Run Analysis",
      "n_entries": 1575,
      "n_with_markers": 1543,
      "n_runs": 1149,
      "mean_run_length": 1.3429068755439513,
      "max_run_length": 10,
      "pct_in_runs": 41.460317460317455,
      "run_distribution": {
        "2": 182,
        "1": 890,
        "9": 1,
        "5": 6,
        "3": 52,
        "8": 3,
        "6": 2,
        "4": 12,
        "10": 1
      },
      "baseline_mean": 1.2644094100369998,
      "baseline_std": 0.014991290088151995,
      "ratio_to_baseline": 1.0620823167589795,
      "effect_size": 5.236204825960245,
      "p_value": 0.0,
      "verdict": "SIGNIFICANT"
    },
    "CAR-3.2": {
      "test_id": "CAR-3.2",
      "test_name": "Folio-Level Marker Concentration",
      "n_folios": 114,
      "mean_entropy": 1.3495688583452938,
      "max_possible_entropy": 2.0794415416798357,
      "normalized_entropy": 0.6490054330909785,
      "low_entropy_folios": 11,
      "single_marker_dominant": 2,
      "baseline_mean": 1.454828435532578,
      "baseline_std": 0.013364380877194746,
      "effect_size": -7.876128206350455,
      "p_value": 0.0,
      "most_specialized": [
        [
          "f100v",
          0.34883209584303193
        ],
        [
          "f2v",
          0.5623351446188083
        ],
        [
          "f16v",
          0.5660857389596289
        ],
        [
          "f1v",
          0.6108643020548935
        ],
        [
          "f25v",
          0.6829081047004717
        ]
      ],
      "verdict": "SIGNIFICANT"
    },
    "CAR-3.3": {
      "test_id": "CAR-3.3",
      "test_name": "Sister Pair Proximity",
      "n_entries": 1575,
      "sister_pairs": [
        [
          "ch",
          "sh"
        ],
        [
          "ok",
          "ot"
        ]
      ],
      "pair_results": {
        "ch-sh": {
          "m1_count": 572,
          "m2_count": 235,
          "mean_distance": 3.2156133828996283,
          "median_distance": 2.0,
          "baseline_mean": 3.057850061957869,
          "baseline_std": 0.16732001024614188,
          "effect_size": 0.9428837633327676,
          "p_value": 0.849
        },
        "ok-ot": {
          "m1_count": 101,
          "m2_count": 87,
          "mean_distance": 8.696808510638299,
          "median_distance": 5.0,
          "baseline_mean": 8.724585106382978,
          "baseline_std": 0.983561393521377,
          "effect_size": -0.02824083572987039,
          "p_value": 0.539
        }
      },
      "min_p_value": 0.539,
      "verdict": "NULL"
    },
    "CAR-3.4": {
      "test_id": "CAR-3.4",
      "test_name": "Index Token Detection",
      "n_entries": 1575,
      "n_unique_tokens": 3387,
      "initial_enriched": [
        [
          "qotchy",
          17,
          2.401269841269841
        ],
        [
          "qokchy",
          11,
          2.031843711843712
        ],
        [
          "o",
          9,
          2.161142857142857
        ],
        [
          "otchol",
          8,
          2.2165567765567764
        ],
        [
          "qotol",
          8,
          2.505672877846791
        ],
        [
          "dchor",
          11,
          3.4453002070393377
        ],
        [
          "sor",
          8,
          2.7443083900226757
        ],
        [
          "dchol",
          6,
          2.2748872180451127
        ],
        [
          "kchor",
          6,
          2.2748872180451127
        ],
        [
          "tol",
          10,
          3.7914786967418546
        ]
      ],
      "final_enriched": [
        [
          "dy",
          50,
          2.904761904761905
        ],
        [
          "dam",
          25,
          3.831813576494427
        ],
        [
          "d",
          14,
          3.3617777777777778
        ],
        [
          "sy",
          10,
          2.8815238095238094
        ],
        [
          "sal",
          8,
          3.390028011204482
        ],
        [
          "dan",
          11,
          4.661288515406162
        ]
      ],
      "chi2": 433.37392291917917,
      "p_value": 1.47967017297864e-68,
      "dof": 38,
      "verdict": "SIGNIFICANT"
    }
  },
  "track_verdict": "SUCCESS"
}