{
  "phase": "PROCEDURAL_DIMENSION_EXTENSION",
  "test": "extended_pca",
  "n_folios": 82,
  "n_features": {
    "original": 10,
    "procedural": 12,
    "combined": 22
  },
  "dimensions_for_80pct": {
    "original": 5,
    "procedural": 6,
    "combined": 8
  },
  "variance_explained_5pc": {
    "original": 0.8238540917650208,
    "procedural": 0.7812676901933315,
    "combined": 0.6468157645318523
  },
  "independence_test": {
    "max_correlations": [
      0.5886799389482832,
      0.5188657013581383,
      0.3356963065236284,
      0.22422775103192755,
      0.16601156934182743
    ],
    "independent_pcs": 2,
    "threshold": 0.3
  },
  "eigenvalues": {
    "original": [
      3.3274994406058434,
      1.5891592559634236,
      1.424866423298472,
      1.0561125181882518,
      0.9426136612936065,
      0.6493562364552239,
      0.47866847591803946,
      0.3057599989131293
    ],
    "procedural": [
      2.86690408059808,
      2.364022571690045,
      1.876208143266353,
      1.3480337052885012,
      1.035787142987135,
      0.806960208052117,
      0.7010850079278607,
      0.4623227377878519
    ],
    "combined": [
      5.168906873369159,
      3.3073923951560076,
      2.328725884873871,
      1.9510346496240152,
      1.649565372476449,
      1.5273994072591566,
      1.09998433491104,
      0.9920739435629988
    ]
  },
  "variance_ratios": {
    "original": [
      0.3286920179135039,
      0.15697792650370396,
      0.14074900035021487,
      0.10432330972347362,
      0.0931118372741245,
      0.06414372579618673,
      0.04728310554800144,
      0.030203121843857886
    ],
    "procedural": [
      0.23599515297606116,
      0.1945994190110705,
      0.15444396301277885,
      0.11096618915484598,
      0.08526296603857503,
      0.06642660249209491,
      0.05771126589650065,
      0.03805705463497556
    ],
    "combined": [
      0.23208506471336063,
      0.14850265188893405,
      0.10456030857803983,
      0.0876018883700363,
      0.07406585098148148,
      0.06858057205542788,
      0.04938954053647139,
      0.04454434003802829
    ]
  }
}