{
  "phase": "PROCEDURAL_DIMENSION_EXTENSION",
  "test": "regime_procedural_profiles",
  "regime_counts": {
    "3": 23,
    "2": 24,
    "4": 33,
    "1": 2
  },
  "regime_means": {
    "1": {
      "prep_density": {
        "mean": 0.015625,
        "std": 0.015625,
        "n": 2
      },
      "thermo_density": {
        "mean": 0.18413130733944955,
        "std": 0.018993692660550454,
        "n": 2
      },
      "extended_density": {
        "mean": 0.0,
        "std": 0.0,
        "n": 2
      },
      "prep_thermo_ratio": {
        "mean": 0.07692307692307693,
        "std": 0.07692307692307693,
        "n": 2
      },
      "ke_kch_ratio": {
        "mean": 0.5,
        "std": 0.0,
        "n": 2
      },
      "prep_mean_position": {
        "mean": 0.2857142857142857,
        "std": 0.2142857142857143,
        "n": 2
      },
      "thermo_mean_position": {
        "mean": 0.4604284604284604,
        "std": 0.0648240648240648,
        "n": 2
      },
      "extended_mean_position": {
        "mean": 0.5,
        "std": 0.0,
        "n": 2
      },
      "tier_spread": {
        "mean": 0.2142857142857143,
        "std": 0.2142857142857143,
        "n": 2
      },
      "prep_diversity": {
        "mean": 0.2,
        "std": 0.2,
        "n": 2
      },
      "qo_chsh_early_ratio": {
        "mean": 0.18181818181818182,
        "std": 0.18181818181818182,
        "n": 2
      },
      "kernel_order_compliance": {
        "mean": 0.4,
        "std": 0.19999999999999998,
        "n": 2
      }
    },
    "2": {
      "prep_density": {
        "mean": 0.03414848936967425,
        "std": 0.02140072139001755,
        "n": 24
      },
      "thermo_density": {
        "mean": 0.34723228623408087,
        "std": 0.08371112037445563,
        "n": 24
      },
      "extended_density": {
        "mean": 0.024542332723854653,
        "std": 0.015479550136857012,
        "n": 24
      },
      "prep_thermo_ratio": {
        "mean": 0.10033029417736894,
        "std": 0.06281600237747767,
        "n": 24
      },
      "ke_kch_ratio": {
        "mean": 0.6694183675801323,
        "std": 0.3039954754262752,
        "n": 24
      },
      "prep_mean_position": {
        "mean": 0.38802817426026587,
        "std": 0.1695698388814117,
        "n": 24
      },
      "thermo_mean_position": {
        "mean": 0.46889032835314487,
        "std": 0.06334126657000638,
        "n": 24
      },
      "extended_mean_position": {
        "mean": 0.508497956407166,
        "std": 0.14658713679627317,
        "n": 24
      },
      "tier_spread": {
        "mean": 0.12046978214690002,
        "std": 0.2351405329226712,
        "n": 24
      },
      "prep_diversity": {
        "mean": 0.5499999999999999,
        "std": 0.27233557730613656,
        "n": 24
      },
      "qo_chsh_early_ratio": {
        "mean": 0.2912966808306221,
        "std": 0.1526402257385135,
        "n": 24
      },
      "kernel_order_compliance": {
        "mean": 0.5288892611684028,
        "std": 0.12022640362819154,
        "n": 24
      }
    },
    "3": {
      "prep_density": {
        "mean": 0.039334923654857294,
        "std": 0.014468138055533424,
        "n": 23
      },
      "thermo_density": {
        "mean": 0.3762767776224689,
        "std": 0.08258946096998857,
        "n": 23
      },
      "extended_density": {
        "mean": 0.04572758878901523,
        "std": 0.027207617232388407,
        "n": 23
      },
      "prep_thermo_ratio": {
        "mean": 0.10723747628191008,
        "std": 0.03950883683517634,
        "n": 23
      },
      "ke_kch_ratio": {
        "mean": 0.6296894409937888,
        "std": 0.2599664623443497,
        "n": 23
      },
      "prep_mean_position": {
        "mean": 0.3909566231320519,
        "std": 0.11275400336417815,
        "n": 23
      },
      "thermo_mean_position": {
        "mean": 0.48476859948167805,
        "std": 0.029853347517617302,
        "n": 23
      },
      "extended_mean_position": {
        "mean": 0.47649435216630975,
        "std": 0.13597936790235116,
        "n": 23
      },
      "tier_spread": {
        "mean": 0.0855377290342579,
        "std": 0.1368289516066298,
        "n": 23
      },
      "prep_diversity": {
        "mean": 0.7304347826086957,
        "std": 0.24035260801887398,
        "n": 23
      },
      "qo_chsh_early_ratio": {
        "mean": 0.3309762948352304,
        "std": 0.1453094503873404,
        "n": 23
      },
      "kernel_order_compliance": {
        "mean": 0.5215167364025478,
        "std": 0.08888089720565841,
        "n": 23
      }
    },
    "4": {
      "prep_density": {
        "mean": 0.022331918567560383,
        "std": 0.013231205988172682,
        "n": 33
      },
      "thermo_density": {
        "mean": 0.4184771945735908,
        "std": 0.103533522870182,
        "n": 33
      },
      "extended_density": {
        "mean": 0.042038617136235884,
        "std": 0.02197612963420953,
        "n": 33
      },
      "prep_thermo_ratio": {
        "mean": 0.05615863478767215,
        "std": 0.036695416792433835,
        "n": 33
      },
      "ke_kch_ratio": {
        "mean": 0.8266434293810646,
        "std": 0.21475944007516035,
        "n": 33
      },
      "prep_mean_position": {
        "mean": 0.44801229670720266,
        "std": 0.12089340757269228,
        "n": 33
      },
      "thermo_mean_position": {
        "mean": 0.4778822948536182,
        "std": 0.03914699296803088,
        "n": 33
      },
      "extended_mean_position": {
        "mean": 0.5041832493263605,
        "std": 0.10967995433774598,
        "n": 33
      },
      "tier_spread": {
        "mean": 0.05617095261915772,
        "std": 0.14865114630255655,
        "n": 33
      },
      "prep_diversity": {
        "mean": 0.5696969696969696,
        "std": 0.256414494561287,
        "n": 33
      },
      "qo_chsh_early_ratio": {
        "mean": 0.4336613247934133,
        "std": 0.11274211067079787,
        "n": 33
      },
      "kernel_order_compliance": {
        "mean": 0.4941952627394771,
        "std": 0.09658707395327812,
        "n": 33
      }
    }
  },
  "kruskal_wallis": {
    "prep_density": {
      "h_stat": 17.634279644654917,
      "p_value": 0.00014817155170602936,
      "significant": 