{
  "best_k": 4,
  "silhouette": 0.017931607270811455,
  "cluster_assignments": {
    "f103r": 4,
    "f103v": 4,
    "f104r": 4,
    "f104v": 4,
    "f105r": 4,
    "f105v": 4,
    "f106r": 4,
    "f106v": 4,
    "f107r": 4,
    "f107v": 4,
    "f108r": 4,
    "f108v": 4,
    "f111r": 4,
    "f111v": 4,
    "f112r": 4,
    "f112v": 4,
    "f113r": 4,
    "f113v": 4,
    "f114r": 4,
    "f114v": 4,
    "f115r": 4,
    "f115v": 4,
    "f116r": 4,
    "f26r": 1,
    "f26v": 1,
    "f31r": 1,
    "f31v": 1,
    "f33r": 2,
    "f33v": 2,
    "f34r": 2,
    "f34v": 2,
    "f39r": 1,
    "f39v": 2,
    "f40r": 2,
    "f40v": 2,
    "f41r": 1,
    "f41v": 1,
    "f43r": 1,
    "f43v": 2,
    "f46r": 1,
    "f46v": 2,
    "f48r": 1,
    "f48v": 2,
    "f50r": 2,
    "f50v": 2,
    "f55r": 2,
    "f55v": 2,
    "f57r": 1,
    "f66r": 4,
    "f66v": 1,
    "f75r": 3,
    "f75v": 3,
    "f76r": 3,
    "f76v": 3,
    "f77r": 3,
    "f77v": 3,
    "f78r": 3,
    "f78v": 3,
    "f79r": 3,
    "f79v": 3,
    "f80r": 3,
    "f80v": 3,
    "f81r": 3,
    "f81v": 3,
    "f82r": 3,
    "f82v": 3,
    "f83r": 3,
    "f83v": 3,
    "f84r": 3,
    "f84v": 3,
    "f85r1": 4,
    "f85r2": 2,
    "f85v2": 2,
    "f86v3": 4,
    "f86v4": 2,
    "f86v5": 4,
    "f86v6": 4,
    "f94r": 2,
    "f94v": 2,
    "f95r1": 2,
    "f95r2": 2,
    "f95v1": 2,
    "f95v2": 2
  },
  "cluster_sizes": {
    "4": 28,
    "1": 12,
    "2": 23,
    "3": 20
  },
  "a_overlap_within": 0.20544459415048433,
  "a_overlap_between": 0.1570973476655206
}