{
  "test": "Test 3: PREFIX Profile Correlation",
  "hypothesis": "H1: Instruction types correlate with B PREFIX profiles",
  "correlations": [
    {
      "instruction": "AUX",
      "prefix": "aux",
      "r": -0.22264158673521225,
      "p": 0.7773584132647877
    },
    {
      "instruction": "FLOW",
      "prefix": "da",
      "r": 0.9756702481865961,
      "p": 0.0243297518134038
    },
    {
      "instruction": "e_ESCAPE",
      "prefix": "qo",
      "r": 0.7467919202355126,
      "p": 0.25320807976448734
    },
    {
      "instruction": "k_ENERGY",
      "prefix": "energy",
      "r": -0.02430467564526799,
      "p": 0.9756953243547319
    }
  ],
  "regime_instruction_proportions": {
    "REGIME_1": {
      "AUX": 0.46153846153846156,
      "FLOW": 0.019230769230769232,
      "h_HAZARD": 0.019230769230769232,
      "LINK": 0.019230769230769232,
      "k_ENERGY": 0.019230769230769232,
      "e_ESCAPE": 0.46153846153846156
    },
    "REGIME_2": {
      "AUX": 0.47410358565737054,
      "FLOW": 0.01593625498007968,
      "h_HAZARD": 0.00796812749003984,
      "LINK": 0.00398406374501992,
      "k_ENERGY": 0.02390438247011952,
      "e_ESCAPE": 0.47410358565737054
    },
    "REGIME_3": {
      "AUX": 0.4810126582278481,
      "FLOW": 0.0,
      "h_HAZARD": 0.012658227848101266,
      "LINK": 0.012658227848101266,
      "k_ENERGY": 0.012658227848101266,
      "e_ESCAPE": 0.4810126582278481
    },
    "REGIME_4": {
      "AUX": 0.3333333333333333,
      "FLOW": 0.1388888888888889,
      "h_HAZARD": 0.05555555555555555,
      "LINK": 0.027777777777777776,
      "k_ENERGY": 0.1111111111111111,
      "e_ESCAPE": 0.3333333333333333
    }
  },
  "regime_prefix_proportions": {
    "REGIME_1": {
      "qo": 0.32983055300144487,
      "ok": 0.11099435176671484,
      "ot": 0.0978589255221332,
      "da": 0.07093130172074084,
      "ch": 0.23236569026664916,
      "sh": 0.15801917772231708,
      "aux": 0.20885327728884803,
      "energy": 0.3903848679889662
    },
    "REGIME_2": {
      "qo": 0.25287356321839083,
      "ok": 0.1162947937795808,
      "ot": 0.19743069641649763,
      "da": 0.07302231237322515,
      "ch": 0.2501690331304936,
      "sh": 0.11020960108181203,
      "aux": 0.3137254901960784,
      "energy": 0.36037863421230565
    },
    "REGIME_3": {
      "qo": 0.31383792048929665,
      "ok": 0.08027522935779817,
      "ot": 0.08333333333333333,
      "da": 0.0764525993883792,
      "ch": 0.28211009174311924,
      "sh": 0.16399082568807338,
      "aux": 0.1636085626911315,
      "energy": 0.4461009174311926
    },
    "REGIME_4": {
      "qo": 0.21677927927927929,
      "ok": 0.14245495495495494,
      "ot": 0.11317567567567567,
      "da": 0.12331081081081081,
      "ch": 0.2725225225225225,
      "sh": 0.13175675675675674,
      "aux": 0.25563063063063063,
      "energy": 0.40427927927927926
    }
  },
  "summary": {
    "strong_correlations": 2,
    "significant_correlations": 1
  },
  "verdict": "INCONCLUSIVE",
  "explanation": "2/4 strong correlations, mixed signals"
}