{
  "test1_global": {
    "obs_ax_rate": 0.3025387553358796,
    "exp_ax_rate": 0.29390370626948387,
    "enrichment": 1.0293805381905532,
    "chi2": 3.997481788265976,
    "p": 0.04556829776591651,
    "cramers_v": 0.009388577876901156
  },
  "test2_pharma": {
    "obs_ax_rate": 0.3025387553358796,
    "exp_ax_rate": 0.29390370626948387,
    "enrichment": 1.0293805381905532,
    "chi2": 3.997481788265976,
    "p": 0.04556829776591651,
    "cramers_v": 0.009388577876901156
  },
  "test3_jar": {
    "obs_ax_rate": 0.3893129770992366,
    "exp_ax_rate": 0.29390370626948387,
    "enrichment": 1.3246276545497893,
    "chi2": 5.257713430495602,
    "p": 0.021849706947293133,
    "cramers_v": 0.015045336161183719
  },
  "test4_content": {
    "obs_ax_rate": 0.33485486056629343,
    "exp_ax_rate": 0.29390370626948387,
    "enrichment": 1.1393352769061746,
    "chi2": 68.28617232113108,
    "p": 1.4140912002697973e-16,
    "cramers_v": 0.04289236088676735
  },
  "jar_ax_final": {
    "rate": 0.3511450381679389,
    "baseline": 0.16730169726359542,
    "enrichment": 2.098873137041076,
    "chi2": 30.14764520314114,
    "p": 4.0037302977744544e-08
  },
  "folio_variance": {
    "mean_ax_rate": 0.3120764317986956,
    "std_ax_rate": 0.08526484103015229
  }
}