{
  "n_a_folios": 95,
  "n_b_folios": 32,
  "direct_matches_per_cluster": {
    "1": 0,
    "2": 0,
    "3": 0
  },
  "test_results": {},
  "cluster_profiles": {
    "1": {
      "CORE": 0.26313298627543774,
      "ESCAPE": 0.14529105537150971,
      "AUXILIARY": 0.06672976810222432,
      "LINK": 0.019876952200662566,
      "CROSS-REF": 0.04969238050165641,
      "CLOSURE": 0.1911973497397066,
      "GALLOWS-CH": 0.07382867960246095,
      "INPUT": 0.03975390440132513
    },
    "2": {
      "CORE": 0.5483870967741935,
      "ESCAPE": 0.07910906298003072,
      "AUXILIARY": 0.02304147465437788,
      "LINK": 0.008448540706605223,
      "CROSS-REF": 0.042242703533026116,
      "CLOSURE": 0.10906298003072197,
      "GALLOWS-CH": 0.08448540706605223,
      "INPUT": 0.023809523809523808
    },
    "3": {
      "CORE": 0.4028703229113275,
      "ESCAPE": 0.0999487442337263,
      "AUXILIARY": 0.053818554587391085,
      "LINK": 0.014351614556637622,
      "CROSS-REF": 0.08508457201435161,
      "CLOSURE": 0.11891337775499744,
      "GALLOWS-CH": 0.06663249615581752,
      "INPUT": 0.038954382368016405
    }
  },
  "section_b_avg": {
    "fq_rate": 0.1649436048539763,
    "link_rate": 0.024320891601420674,
    "en_rate": 0.1704401739467602
  },
  "verdict": "NOT SUPPORTED"
}