{
  "n_folios": 95,
  "silhouette_scores": {
    "2": 0.28552921217005495,
    "3": 0.18456468876307192,
    "4": 0.1941058488666018,
    "5": 0.17627362450207648
  },
  "best_k_silhouette": 2,
  "bootstrap_stability": 0.7347763329239582,
  "stability_verdict": "MODERATELY STABLE",
  "gap_stats": {
    "1": {
      "gap": 0.524741150899164,
      "std": 0.04760557170173792
    },
    "2": {
      "gap": 0.6866563171687006,
      "std": 0.05441225673405734
    },
    "3": {
      "gap": 0.685489371756717,
      "std": 0.046588514584692126
    },
    "4": {
      "gap": 0.7432543458029606,
      "std": 0.03509371376946518
    },
    "5": {
      "gap": 0.7191521019358285,
      "std": 0.04232714824349727
    }
  },
  "optimal_k_gap": 2,
  "pca_variance_explained": [
    0.5310706162843072,
    0.1668677950568626
  ],
  "verdict": "NOT SUPPORTED",
  "folios": [
    "f1v",
    "f2r",
    "f2v",
    "f3r",
    "f3v",
    "f4r",
    "f4v",
    "f5r",
    "f5v",
    "f6r",
    "f6v",
    "f7r",
    "f7v",
    "f8r",
    "f8v",
    "f9r",
    "f9v",
    "f10r",
    "f10v",
    "f11r",
    "f11v",
    "f13r",
    "f13v",
    "f14r",
    "f14v",
    "f15r",
    "f15v",
    "f16r",
    "f16v",
    "f17r",
    "f17v",
    "f18r",
    "f18v",
    "f19r",
    "f19v",
    "f20r",
    "f20v",
    "f21r",
    "f21v",
    "f22r",
    "f22v",
    "f23r",
    "f23v",
    "f24r",
    "f24v",
    "f25r",
    "f25v",
    "f27r",
    "f27v",
    "f28r",
    "f28v",
    "f29r",
    "f29v",
    "f30r",
    "f30v",
    "f32r",
    "f32v",
    "f35r",
    "f35v",
    "f36r",
    "f36v",
    "f37r",
    "f37v",
    "f38r",
    "f38v",
    "f42r",
    "f42v",
    "f44r",
    "f44v",
    "f45r",
    "f45v",
    "f47r",
    "f47v",
    "f49r",
    "f49v",
    "f51r",
    "f51v",
    "f52r",
    "f52v",
    "f53r",
    "f53v",
    "f54r",
    "f54v",
    "f56r",
    "f56v",
    "f87r",
    "f87v",
    "f90r1",
    "f90r2",
    "f90v2",
    "f90v1",
    "f93r",
    "f93v",
    "f96r",
    "f96v"
  ],
  "clusters_k3": [
    3,
    3,
    2,
    3,
    3,
    2,
    2,
    3,
    1,
    3,
    3,
    2,
    1,
    2,
    2,
    3,
    1,
    3,
    3,
    1,
    1,
    1,
    1,
    1,
    1,
    3,
    3,
    1,
    3,
    1,
    3,
    1,
    1,
    1,
    1,
    3,
    2,
    3,
    3,
    1,
    1,
    1,
    1,
    3,
    3,
    3,
    1,
    2,
    2,
    3,
    2,
    2,
    3,
    2,
    3,
    1,
    1,
    3,
    1,
    1,
    1,
    1,
    1,
    3,
    1,
    2,
    3,
    1,
    3,
    1,
    1,
    2,
    2,
    2,
    2,
    1,
    1,
    1,
    1,
    1,
    3,
    3,
    1,
    2,
    3,
    3,
    1,
    1,
    1,
    2,
    1,
    3,
    1,
    2,
    3
  ]
}