{
  "cluster_heterogeneity": {
    "1": {
      "rate": 0.9809523809523809,
      "n_paragraphs": 105
    },
    "2": {
      "rate": 0.9318181818181818,
      "n_paragraphs": 44
    },
    "3": {
      "rate": 0.95,
      "n_paragraphs": 80
    }
  },
  "chi_square_heterogeneity": {
    "chi2": 2.355313415540688,
    "p": 0.30799962677759746
  },
  "cluster_material_dist": {
    "1": {
      "M-A": 0.08994708994708994,
      "M-B": 0.30158730158730157,
      "M-C": 0.3368606701940035,
      "M-D": 0.2716049382716049
    },
    "2": {
      "M-A": 0.08293838862559241,
      "M-B": 0.590047393364929,
      "M-C": 0.16587677725118483,
      "M-D": 0.16113744075829384
    },
    "3": {
      "M-A": 0.09170305676855896,
      "M-B": 0.43504366812227074,
      "M-C": 0.25709606986899564,
      "M-D": 0.21615720524017468
    }
  },
  "chi_square_material_dist": {
    "chi2": 300.9919682541668,
    "p": 5.014362338257315e-62
  },
  "c642_compatibility": "FULLY COMPATIBLE",
  "verdict": "CONFIRMED"
}