{
  "section_results": {
    "H": {
      "status": "clustered",
      "n_folios": 95,
      "best_k": 2,
      "silhouette": 0.28552921217005495,
      "cluster_assignments": {
        "f1v": 2,
        "f2r": 2,
        "f2v": 2,
        "f3r": 2,
        "f3v": 2,
        "f4r": 2,
        "f4v": 2,
        "f5r": 2,
        "f5v": 1,
        "f6r": 2,
        "f6v": 2,
        "f7r": 2,
        "f7v": 1,
        "f8r": 2,
        "f8v": 2,
        "f9r": 2,
        "f9v": 1,
        "f10r": 2,
        "f10v": 2,
        "f11r": 1,
        "f11v": 1,
        "f13r": 1,
        "f13v": 1,
        "f14r": 1,
        "f14v": 1,
        "f15r": 2,
        "f15v": 2,
        "f16r": 1,
        "f16v": 2,
        "f17r": 1,
        "f17v": 2,
        "f18r": 1,
        "f18v": 1,
        "f19r": 1,
        "f19v": 1,
        "f20r": 2,
        "f20v": 2,
        "f21r": 2,
        "f21v": 2,
        "f22r": 1,
        "f22v": 1,
        "f23r": 1,
        "f23v": 1,
        "f24r": 2,
        "f24v": 2,
        "f25r": 2,
        "f25v": 1,
        "f27r": 2,
        "f27v": 2,
        "f28r": 2,
        "f28v": 2,
        "f29r": 2,
        "f29v": 2,
        "f30r": 2,
        "f30v": 2,
        "f32r": 1,
        "f32v": 1,
        "f35r": 2,
        "f35v": 1,
        "f36r": 1,
        "f36v": 1,
        "f37r": 1,
        "f37v": 1,
        "f38r": 2,
        "f38v": 1,
        "f42r": 2,
        "f42v": 2,
        "f44r": 1,
        "f44v": 2,
        "f45r": 1,
        "f45v": 1,
        "f47r": 2,
        "f47v": 2,
        "f49r": 2,
        "f49v": 2,
        "f51r": 1,
        "f51v": 1,
        "f52r": 1,
        "f52v": 1,
        "f53r": 1,
        "f53v": 2,
        "f54r": 2,
        "f54v": 1,
        "f56r": 2,
        "f56v": 2,
        "f87r": 2,
        "f87v": 1,
        "f90r1": 1,
        "f90r2": 1,
        "f90v2": 2,
        "f90v1": 1,
        "f93r": 2,
        "f93v": 1,
        "f96r": 2,
        "f96v": 2
      }
    },
    "P": {
      "status": "clustered",
      "n_folios": 16,
      "best_k": 2,
      "silhouette": 0.24656290442395232,
      "cluster_assignments": {
        "f88r": 1,
        "f88v": 1,
        "f89r1": 2,
        "f89r2": 2,
        "f89v2": 2,
        "f89v1": 2,
        "f99r": 1,
        "f99v": 2,
        "f100r": 1,
        "f100v": 1,
        "f101r1": 1,
        "f101v2": 2,
        "f102r1": 2,
        "f102r2": 2,
        "f102v2": 1,
        "f102v1": 1
      }
    },
    "T": {
      "status": "insufficient_data",
      "n_folios": 3
    }
  },
  "chi_square_section_confound": {
    "chi2": 11.774000000000003,
    "p": 0.019113422855762917
  },
  "verdict": "PARTIAL"
}