{
  "hypothesis": "A token position encodes REGIME trajectory",
  "entries_tested": 1521,
  "tokens_tested": 11322,
  "data_points": 8421,
  "kendall_tau": 0.02552716759370921,
  "p_value": 0.0009889589706919544,
  "null_distribution": {
    "mean": -0.001735264837086313,
    "std": 0.006854998843416742,
    "p95": 0.009566333682305226
  },
  "position_ordinals": {
    "2": {
      "mean": 2.4457957550541565,
      "std": 0.436247865526182,
      "n": 1185
    },
    "3": {
      "mean": 2.4398467934397976,
      "std": 0.45181652424947366,
      "n": 1153
    },
    "5": {
      "mean": 2.445851376080965,
      "std": 0.4139702294563996,
      "n": 951
    },
    "6": {
      "mean": 2.442488901371358,
      "std": 0.4222392016807591,
      "n": 803
    },
    "8": {
      "mean": 2.485527113166191,
      "std": 0.3742838372557121,
      "n": 531
    },
    "9": {
      "mean": 2.4564732341154927,
      "std": 0.4011501015645828,
      "n": 382
    },
    "10": {
      "mean": 2.4855432966546256,
      "std": 0.37253236358515107,
      "n": 226
    },
    "1": {
      "mean": 2.407794595148112,
      "std": 0.5299800729391285,
      "n": 970
    },
    "4": {
      "mean": 2.462839323474279,
      "std": 0.40052987880187946,
      "n": 1117
    },
    "7": {
      "mean": 2.4512862554134998,
      "std": 0.4229622068312841,
      "n": 692
    },
    "11": {
      "mean": 2.4826569869533484,
      "std": 0.3744955796162303,
      "n": 116
    },
    "12": {
      "mean": 2.5269462731634,
      "std": 0.35924406947933546,
      "n": 63
    },
    "13": {
      "mean": 2.4288461264500834,
      "std": 0.23560011204923997,
      "n": 39
    },
    "14": {
      "mean": 2.490484377500742,
      "std": 0.5078386948108861,
      "n": 33
    },
    "15": {
      "mean": 2.551957921972417,
      "std": 0.6302449254228081,
      "n": 33
    },
    "16": {
      "mean": 2.4127383322919225,
      "std": 0.19491922138917125,
      "n": 23
    },
    "17": {
      "mean": 2.425062006178768,
      "std": 0.23411423239768434,
      "n": 17
    },
    "18": {
      "mean": 2.5113254118144708,
      "std": 0.359586322513639,
      "n": 18
    },
    "19": {
      "mean": 2.4127861813069194,
      "std": 0.2511471061258315,
      "n": 17
    },
    "20": {
      "mean": 2.6520676434887176,
      "std": 0.6495138495325946,
      "n": 17
    },
    "21": {
      "mean": 2.5559011735612422,
      "std": 0.12409560084677791,
      "n": 8
    },
    "22": {
      "mean": 2.4738327459805065,
      "std": 0.15257609492956792,
      "n": 7
    },
    "23": {
      "mean": 2.508649245491351,
      "std": 0.18954309763255064,
      "n": 7
    },
    "24": {
      "mean": 2.4787577639751555,
      "std": 0.32158954771204706,
      "n": 5
    },
    "25": {
      "mean": 2.435374149659864,
      "std": 0.09230793704157755,
      "n": 4
    },
    "26": {
      "mean": 2.5804195804195804,
      "std": 0.034965034965035,
      "n": 2
    },
    "27": {
      "mean": 2.5,
      "std": 0.0,
      "n": 1
    },
    "28": {
      "mean": 2.6153846153846154,
      "std": 0.0,
      "n": 1
    }
  },
  "verdict": "FALSIFIED",
  "explanation": "No meaningful correlation (tau=0.0255)"
}