{
  "cluster_assignments": {
    "f1r": 3,
    "f1v": 2,
    "f2r": 2,
    "f2v": 2,
    "f3r": 3,
    "f3v": 0,
    "f4r": 0,
    "f4v": 0,
    "f5r": 0,
    "f5v": 1,
    "f6r": 0,
    "f6v": 0,
    "f7r": 2,
    "f7v": 1,
    "f8r": 2,
    "f8v": 2,
    "f9r": 0,
    "f9v": 0,
    "f10r": 3,
    "f10v": 1,
    "f11r": 1,
    "f11v": 1,
    "f13r": 0,
    "f13v": 0,
    "f14r": 1,
    "f14v": 1,
    "f15r": 0,
    "f15v": 0,
    "f16r": 1,
    "f16v": 0,
    "f17r": 0,
    "f17v": 0,
    "f18r": 0,
    "f18v": 1,
    "f19r": 1,
    "f19v": 1,
    "f20r": 2,
    "f20v": 2,
    "f21r": 0,
    "f21v": 2,
    "f22r": 1,
    "f22v": 1,
    "f23r": 0,
    "f23v": 3,
    "f24r": 3,
    "f24v": 0,
    "f25r": 1,
    "f25v": 1,
    "f27r": 2,
    "f27v": 2,
    "f28r": 1,
    "f28v": 2,
    "f29r": 0,
    "f29v": 0,
    "f30r": 2,
    "f30v": 2,
    "f32r": 1,
    "f32v": 1,
    "f35r": 2,
    "f35v": 2,
    "f36r": 1,
    "f36v": 1,
    "f37r": 1,
    "f37v": 1,
    "f38r": 0,
    "f38v": 3,
    "f42r": 2,
    "f42v": 0,
    "f44r": 0,
    "f44v": 0,
    "f45r": 3,
    "f45v": 0,
    "f47r": 2,
    "f47v": 2,
    "f49r": 2,
    "f49v": 2,
    "f51r": 0,
    "f51v": 0,
    "f52r": 0,
    "f52v": 0,
    "f53r": 0,
    "f53v": 0,
    "f54r": 0,
    "f54v": 0,
    "f56r": 2,
    "f56v": 0,
    "f58r": 0,
    "f58v": 3,
    "f87r": 0,
    "f87v": 0,
    "f88r": 3,
    "f88v": 3,
    "f89r1": 3,
    "f89r2": 3,
    "f89v2": 3,
    "f89v1": 3,
    "f90r1": 0,
    "f90r2": 3,
    "f90v2": 0,
    "f90v1": 3,
    "f93r": 3,
    "f93v": 3,
    "f96r": 0,
    "f96v": 3,
    "f99r": 3,
    "f99v": 3,
    "f100r": 0,
    "f100v": 0,
    "f101r1": 0,
    "f101v2": 3,
    "f102r1": 3,
    "f102r2": 3,
    "f102v2": 3,
    "f102v1": 3
  },
  "cluster_regime_distribution": {
    "3": {
      "REGIME_1": 16,
      "REGIME_4": 2,
      "REGIME_3": 5,
      "REGIME_2": 3
    },
    "2": {
      "REGIME_1": 14,
      "REGIME_3": 6,
      "REGIME_2": 2
    },
    "0": {
      "REGIME_1": 33,
      "REGIME_3": 6,
      "REGIME_2": 3,
      "REGIME_4": 2
    },
    "1": {
      "REGIME_1": 17,
      "REGIME_3": 3,
      "REGIME_2": 1,
      "REGIME_4": 1
    }
  },
  "prediction_accuracy": 0.7017543859649122,
  "baseline_accuracy": 0.7017543859649122,
  "cluster_product_mapping": {
    "3": "AROMATIC_WATER (standard)",
    "2": "AROMATIC_WATER (standard)",
    "0": "AROMATIC_WATER (standard)",
    "1": "AROMATIC_WATER (standard)"
  }
}