{
  "a_tokens": 11415,
  "b_tokens": 23243,
  "a_types": 3446,
  "b_types": 4946,
  "overlap_types": 1145,
  "jaccard": 0.15799641230854147,
  "ttr_a": 0.30188348664038545,
  "ttr_b": 0.21279525018285075,
  "a_hapax_pct": 70.71967498549043,
  "b_hapax_pct": 67.40800646987465
}