{
  "total_pairs": 80,
  "daiin_vessel_pct": 63.333333333333336,
  "daiin_state_pct": 36.666666666666664,
  "ol_vessel_pct": 54.0,
  "ol_state_pct": 36.0
}