{
  "total_tokens": 5747,
  "total_placements": 5747,
  "unique_placement_codes": 16,
  "section_breakdown": {
    "C": 6,
    "A": 8,
    "H": 2,
    "S": 1
  },
  "self_transition_rates": {
    "U": 0.9545454545454546,
    "Z": 0.9642857142857143,
    "C2": 0.9666666666666667,
    "B": 0.9696969696969697,
    "I": 0.967391304347826,
    "C1": 0.9915966386554622,
    "O": 0.9933333333333333,
    "X": 0.9719626168224299,
    "L": 0.974025974025974,
    "Y": 0.990506329113924,
    "S": 0.986870897155361,
    "R": 0.9922239502332815,
    "P": 0.9947643979057592,
    "C": 0.9956850053937433
  },
  "average_self_transition": 0.9795396608701358,
  "run_stats": {
    "P": {
      "count": 9,
      "mean": 169.88888888888889,
      "max": 394,
      "ones_pct": 0.0
    },
    "C": {
      "count": 8,
      "mean": 231.75,
      "max": 415,
      "ones_pct": 0.0
    },
    "S": {
      "count": 7,
      "mean": 65.42857142857143,
      "max": 135,
      "ones_pct": 0.0
    },
    "L": {
      "count": 6,
      "mean": 38.5,
      "max": 99,
      "ones_pct": 0.0
    },
    "X": {
      "count": 6,
      "mean": 35.666666666666664,
      "max": 57,
      "ones_pct": 0.0
    },
    "R": {
      "count": 5,
      "mean": 128.6,
      "max": 209,
      "ones_pct": 0.0
    }
  },
  "placement_counts": {
    "P": 1529,
    "L": 231,
    "R": 643,
    "S": 458,
    "Y": 317,
    "C": 1854,
    "X": 214,
    "Z": 28,
    "F": 9,
    "U": 22,
    "C1": 119,
    "C2": 30,
    "O": 150,
    "I": 92,
    "B": 33,
    "W": 18
  },
  "cross_folio_similarity": 0.34031514854647643
}