{
  "metadata": {
    "num_folios": 30,
    "num_clusters": 2,
    "optimal_k_ward": 2,
    "optimal_k_average": 3,
    "silhouette_ward": 0.33789960408574693,
    "silhouette_average": 0.3358529874604939,
    "section_cluster_cramers_v": 0.9400243433011228,
    "average_bootstrap_stability": 0.9471521493212669
  },
  "silhouette_analysis": {
    "2": {
      "ward": 0.33789960408574693,
      "average": 0.23468607266013264
    },
    "3": {
      "ward": 0.31491313155524486,
      "average": 0.3358529874604939
    },
    "4": {
      "ward": 0.2817867429514875,
      "average": 0.3113411769317377
    },
    "5": {
      "ward": 0.27720616836831363,
      "average": 0.28014299955154087
    },
    "6": {
      "ward": 0.28077789931468033,
      "average": 0.3064167613531326
    },
    "7": {
      "ward": 0.06218814546577346,
      "average": 0.3071553169977539
    },
    "8": {
      "ward": 0.08576670723572916,
      "average": 0.30866563525929325
    },
    "9": {
      "ward": 0.07287430953168647,
      "average": 0.2935585008308114
    }
  },
  "cluster_assignments": {
    "f116v": 1,
    "f57v": 0,
    "f65r": 1,
    "f65v": 1,
    "f67r1": 1,
    "f67r2": 1,
    "f67v1": 1,
    "f67v2": 1,
    "f68r1": 1,
    "f68r2": 1,
    "f68r3": 1,
    "f68v1": 1,
    "f68v2": 1,
    "f68v3": 1,
    "f69r": 1,
    "f69v": 1,
    "f70r1": 1,
    "f70r2": 1,
    "f70v1": 0,
    "f70v2": 0,
    "f71r": 0,
    "f71v": 0,
    "f72r1": 0,
    "f72r2": 0,
    "f72r3": 0,
    "f72v1": 0,
    "f72v2": 0,
    "f72v3": 0,
    "f73r": 0,
    "f73v": 0
  },
  "cluster_profiles": {
    "1": {
      "members": [
        "f116v",
        "f65r",
        "f65v",
        "f67r1",
        "f67r2",
        "f67v1",
        "f67v2",
        "f68r1",
        "f68r2",
        "f68r3",
        "f68v1",
        "f68v2",
        "f68v3",
        "f69r",
        "f69v",
        "f70r1",
        "f70r2"
      ],
      "size": 17,
      "sections": {
        "S": 1,
        "H": 2,
        "A": 8,
        "C": 6
      },
      "stability": 0.9500735294117646,
      "feature_means": {
        "ttr": 0.46845294117647057,
        "a_coverage": 0.6743058823529412,
        "b_coverage": 0.7269470588235293,
        "azc_unique_rate": 0.22815294117647056,
        "link_density": 0.06045294117647058,
        "placement_entropy": 1.2355882352941179,
        "ordered_subscript_depth": 0.0
      }
    },
    "0": {
      "members": [
        "f57v",
        "f70v1",
        "f70v2",
        "f71r",
        "f71v",
        "f72r1",
        "f72r2",
        "f72r3",
        "f72v1",
        "f72v2",
        "f72v3",
        "f73r",
        "f73v"
      ],
      "size": 13,
      "sections": {
        "C": 1,
        "Z": 12
      },
      "stability": 0.9442307692307692,
      "feature_means": {
        "ttr": 0.5404615384615384,
        "a_coverage": 0.6148846153846153,
        "b_coverage": 0.6695076923076922,
        "azc_unique_rate": 0.2841153846153846,
        "link_density": 0.07276153846153846,
        "placement_entropy": 2.2536153846153844,
        "ordered_subscript_depth": 0.9607384615384617
      }
    }
  },
  "zodiac_analysis": {
    "folios": [
      "f70v1",
      "f70v2",
      "f71r",
      "f71v",
      "f72r1",
      "f72r2",
      "f72r3",
      "f72v1",
      "f72v2",
      "f72v3",
      "f73r",
      "f73v"
    ],
    "cluster_ids": [
      0
    ],
    "single_cluster": true,
    "mean_placement_similarity": 0.9635272727272729
  },
  "merge_history": {
    "ward": [
      {
        "distance": 0.30920000000000003,
        "size": 2
      },
      {
        "distance": 0.31000000000000005,
        "size": 2
      },
      {
        "distance": 0.3174,
        "size": 2
      },
      {
        "distance": 0.32089999999999996,
        "size": 2
      },
      {
        "distance": 0.34340000000000004,
        "size": 2
      },
      {
        "distance": 0.3577,
        "size": 2
      },
      {
        "distance": 0.371,
        "size": 2
      },
      {
        "distance": 0.3739,
        "size": 2
      },
      {
        "distance": 0.3809,
        "size": 2
      },
      {
        "distance": 0.3974,
        "size": 2
      },
      {
        "distance": 0.40780000000000005,
        "size": 2
      },
      {
        "distance": 0.449154227409695,
        "size": 4
      },
      {
        "distance": 0.4527,
        "size": 2
      },
      {
        "distance": 0.4706559394433829,
        "size": 3
      },
      {
        "distance": 0.4727715939013258,
        "size": 4
      },
      {
        "distance": 0.49773366706837635,
        "size": 3
      },
      {
        "distance": 0.49829814870216005,
        "size": 4
      },
      {
        "distance": 0.5939073673562233,
        "size": 5
      },
      {
        "distance": 0.625082394568908,
        "size": 4
      },
      {
        "distance": 0.6604,
        "size": 2
      },
      {
        "distance": 0.690725,
        "size": 8
      },
      {
        "distance": 0.7351438788881173,
        "size": 5
      },
      {
        "distance": 0.884227917828128,
        "size": 5
      },
      {
        "distance": 0.8972920769652518,
        "size": 13
      },
      {
        "distance": 0.9748985798533095,
        "size": 5
      },
      {
        "distance": 1.1316108378262,
        "size": 7
      },
      {
        "distance": 1.4828680791595983,
        "size": 12
      },
      {
        "distance": 1.815842620939272,
        "size": 17
      },
      {
        "distance": 2.9478913412815984,
        "size": 30
      }
    ],
    "average": [
      {
        "distance": 0.30920000000000003,
        "size": 2
      },
      {
        "distance": 0.31000000000000005,
        "size": 2
      },
      {
        "distance": 0.31285,
        "size": 3
      },
      {
        "distance": 0.31884999999999997,
        "size": 3
      },
      {
        "distance": 0.3207,
        "size": 4
      },
      {
        "distance": 0.32089999999999996,
        "size": 2
      },
      {
        "distance": 0.321975,
        "size": 6
      },
      {
        "distance": 0.32965,
        "size": 9
      },
      {
        "distance": 0.3361333333333334,
        "size": 10
      },
      {
        "distance": 0.34847,
        "size": 11
      },
      {
        "distance": 0.3577,
        "size": 2
      },
      {
        "distance": 0.3600090909090909,
        "size": 12
      },
      {
        "distance": 0.371,
        "size": 2
      },
      {
        "distance": 0.3809,
        "size": 2
      },
      {
        "distance": 0.39345,
        "size": 3
      },
      {
        "distance": 0.3974,
        "size": 2
      },
      {
        "distance": 0.4076,
        "size": 3
      },
      {
        "distance": 0.40780000000000005,
        "size": 2
      },
      {
        "distance": 0.43105,
        "size": 3
      },
      {
        "distance": 0.45711666666666667,
        "size": 5
      },
      {
        "distance": 0.4765833333333333,
        "size": 13
      },
      {
        "distance": 0.49327999999999994,
        "size": 6
      },
      {
        "distance": 0.5221555555555556,
        "size": 6
      },
      {
        "distance": 0.5876416666666667,
        "size": 8
      },
      {
        "distance": 0.6326062499999999,
        "size": 14
      },
      {
        "distance": 0.6604,
        "size": 2
      },
      {
        "distance": 0.6989571428571429,
        "size": 16
      },
      {
        "distance": 0.7610451923076925,
        "size": 29
      },
      {
        "distance": 0.8453068965517242,
        "size": 30
      }
    ]
  }
}