{
  "infrastructure_classes": [
    36,
    42,
    44,
    46
  ],
  "kernel_middles": [
    "e",
    "h",
    "k"
  ],
  "distance_stats": {
    "44": {
      "count": 886,
      "mean": 3.325056433408578,
      "median": 2.0
    },
    "46": {
      "count": 1068,
      "mean": 3.4728464419475658,
      "median": 2.0
    },
    "42": {
      "count": 314,
      "mean": 4.573248407643312,
      "median": 3.0
    },
    "36": {
      "count": 1827,
      "mean": 0.8888888888888888,
      "median": 0
    }
  }
}