{
  "test": "Brunschwig Flower Class Structural Match",
  "hypothesis": "If curricular arc holds, first third should match 'flowers/balneum' profile",
  "brunschwig_prediction": {
    "first_degree": "balneum (water bath)",
    "material": "flowers, delicate herbs",
    "characteristics": [
      "lowest fire",
      "single pass",
      "minimal hazards",
      "easy recovery"
    ]
  },
  "first_third": {
    "folios": [
      "f103r",
      "f103v",
      "f104r",
      "f104v",
      "f105r",
      "f105v",
      "f106r",
      "f106v",
      "f107r",
      "f107v",
      "f108r",
      "f108v",
      "f111r",
      "f111v",
      "f112r",
      "f112v",
      "f113r",
      "f113v",
      "f114r",
      "f114v",
      "f115r",
      "f115v",
      "f116r",
      "f26r",
      "f26v",
      "f31r",
      "f31v"
    ],
    "n": 27,
    "cei_mean": 0.5242938888888888,
    "hazard_density_mean": 0.5804444444444444,
    "near_miss_mean": 34.925925925925924,
    "recovery_ops_mean": 15.222222222222221,
    "mean_cycle_mean": 4.458888888888889,
    "intervention_freq_mean": 5.6396296296296295,
    "regime_distribution": {
      "REGIME_1": 13,
      "REGIME_2": 6,
      "REGIME_3": 6,
      "REGIME_4": 2
    }
  },
  "last_third": {
    "folios": [
      "f77r",
      "f77v",
      "f78r",
      "f78v",
      "f79r",
      "f79v",
      "f80r",
      "f80v",
      "f81r",
      "f81v",
      "f82r",
      "f82v",
      "f83r",
      "f83v",
      "f84r",
      "f84v",
      "f85r1",
      "f85r2",
      "f85v2",
      "f86v3",
      "f86v4",
      "f86v5",
      "f86v6",
      "f94r",
      "f94v",
      "f95r1",
      "f95r2",
      "f95v1",
      "f95v2"
    ],
    "n": 29,
    "cei_mean": 0.5582978620689655,
    "hazard_density_mean": 0.5892758620689655,
    "near_miss_mean": 18.310344827586206,
    "recovery_ops_mean": 21.17241379310345,
    "mean_cycle_mean": 4.582068965517242,
    "intervention_freq_mean": 6.075172413793103,
    "regime_distribution": {
      "REGIME_1": 13,
      "REGIME_2": 3,
      "REGIME_3": 6,
      "REGIME_4": 7
    }
  },
  "matches": 5,
  "total_tests": 7,
  "verdict": "STRONG"
}