{
  "transition_matrix": {
    "p_00": 0.7301275760549558,
    "p_01": 0.2698724239450442,
    "p_10": 0.4937388193202147,
    "p_11": 0.5062611806797853
  },
  "observed_autocorr": 0.23645600808870865,
  "simulated_autocorr": 0.23640204289034783,
  "autocorr_std": 0.025848407560162746,
  "autocorr_diff": 5.3965198360816924e-05,
  "run_length_kl": 0.04949756327370286,
  "chi_square": 0.0047559493095944635,
  "stationary_dist": {
    "pi_0": 0.6465840094351551,
    "pi_1": 0.35341599056484485
  },
  "criteria": {
    "autocorr_pass": true,
    "chi_pass": true,
    "kl_pass": true,
    "all_pass": true
  },
  "observed_run_dist": {
    "8": 1,
    "16": 1,
    "1": 131,
    "2": 84,
    "3": 33,
    "4": 9,
    "5": 7,
    "6": 7,
    "7": 2,
    "10": 1
  }
}