{
  "recovery": {
    "name": "RECOVERY (HIGH_K)",
    "folios": [
      "f50v",
      "f107v",
      "f94r",
      "f39v",
      "f40r",
      "f50r"
    ],
    "n_folios": 6,
    "n_tokens": 963,
    "vocab_size": 485,
    "role_dist": {
      "AUXILIARY": 203,
      "UNKNOWN": 262,
      "ENERGY_OPERATOR": 249,
      "FREQUENT_OPERATOR": 177,
      "FLOW_OPERATOR": 51,
      "CORE_CONTROL": 21
    },
    "fq_rate": 0.1838006230529595,
    "en_rate": 0.19833852544132918,
    "fl_rate": 0.08515057113187954,
    "link_rate": 0.037383177570093455,
    "k_pct": 39.28251121076233,
    "h_pct": 27.89237668161435,
    "e_pct": 32.82511210762332
  },
  "distill": {
    "name": "DISTILL (HIGH_H)",
    "folios": [
      "f106v",
      "f43r",
      "f57r",
      "f46v",
      "f94v",
      "f46r",
      "f34v",
      "f115v",
      "f39r",
      "f95v1"
    ],
    "n_folios": 10,
    "n_tokens": 1840,
    "vocab_size": 940,
    "role_dist": {
      "UNKNOWN": 691,
      "AUXILIARY": 312,
      "CORE_CONTROL": 42,
      "FREQUENT_OPERATOR": 195,
      "FLOW_OPERATOR": 85,
      "ENERGY_OPERATOR": 515
    },
    "fq_rate": 0.10597826086956522,
    "en_rate": 0.2016304347826087,
    "fl_rate": 0.08586956521739131,
    "link_rate": 0.02717391304347826,
    "k_pct": 20.977596741344197,
    "h_pct": 41.83299389002037,
    "e_pct": 37.18940936863544
  },
  "baseline": {
    "name": "BASELINE",
    "folios": [
      "f105r",
      "f78r",
      "f95v2",
      "f107r",
      "f81r",
      "f115r",
      "f86v5",
      "f77v",
      "f75r",
      "f86v3",
      "f95r1",
      "f108r",
      "f76v",
      "f85r1",
      "f83r",
      "f33r",
      "f114r",
      "f104r",
      "f80r",
      "f75v",
      "f83v",
      "f86v6",
      "f79v",
      "f34r",
      "f55r",
      "f105v",
      "f48r",
      "f66r",
      "f84r",
      "f85r2",
      "f66v",
      "f116r",
      "f111v",
      "f40v",
      "f55v",
      "f26v",
      "f104v",
      "f84v",
      "f112v",
      "f76r",
      "f82r",
      "f31r",
      "f113r",
      "f111r",
      "f78v",
      "f106r",
      "f48v",
      "f26r",
      "f33v",
      "f31v",
      "f43v",
      "f41r",
      "f103v",
      "f80v",
      "f113v",
      "f86v4",
      "f41v",
      "f95r2",
      "f103r",
      "f81v",
      "f114v",
      "f77r",
      "f108v",
      "f82v",
      "f112r",
      "f79r"
    ],
    "n_folios": 66,
    "n_tokens": 20293,
    "vocab_size": 4413,
    "role_dist": {
      "UNKNOWN": 6089,
      "FLOW_OPERATOR": 942,
      "ENERGY_OPERATOR": 6447,
      "AUXILIARY": 3625,
      "FREQUENT_OPERATOR": 2518,
      "CORE_CONTROL": 672
    },
    "fq_rate": 0.12408219583107476,
    "en_rate": 0.2412654609964027,
    "fl_rate": 0.07810575075149066,
    "link_rate": 0.035775883309515595,
    "k_pct": 22.64545390121182,
    "h_pct": 31.30536460917015,
    "e_pct": 46.04918148961803
  },
  "recovery_only_count": 274,
  "distill_only_count": 729,
  "shared_count": 211
}