{
  "test_1": {
    "sister_preference": {
      "core_ch_pct": 0.6470312133302042,
      "tail_ch_pct": 0.753884922301554,
      "core_deviation": 0.1470312133302042,
      "tail_deviation": 0.253884922301554
    },
    "suffix_entropy": {
      "core": 3.4333974452221163,
      "tail": 3.397111562363569
    },
    "section_entropy": {
      "core": 1.078509221482726,
      "tail": 1.1428314338302918
    },
    "prefix_exclusivity": {
      "core": 0.06666666666666667,
      "tail": 0.8188908145580589
    }
  },
  "test_2": {
    "n_middles": 75,
    "rho": -0.12310649483447753,
    "p": 0.2926914821363893,
    "significant": false,
    "direction": "negative"
  },
  "test_3": {
    "n_middles": 121,
    "rho": -0.33850392524161216,
    "p": 0.00014608234954135996,
    "significant": true,
    "direction": "negative"
  },
  "test_4": {
    "zipf": {
      "s": 1.2557510509395071,
      "mse": 12140.762116723025
    },
    "lognormal": {
      "mu": 0.9716234358247486,
      "sigma": 1.2509377896575857,
      "ks_stat": 0.21866316313341388,
      "ks_p": 3.4520780265485505e-50
    },
    "exponential": {
      "lambda": 0.0673147990221161,
      "ks_stat": 0.5511073805338231,
      "ks_p": 0.0
    },
    "cutoff": {
      "early_slope": -1.2727255657273944,
      "late_slope": -0.8464835576409343,
      "ratio": 0.6650951158957413
    }
  },
  "test_5": {
    "ch": {
      "n_middles": 433,
      "entropy": 6.319721275578613,
      "top5_pct": 0.3662126537785589,
      "hazard": "high"
    },
    "ct": {
      "n_middles": 92,
      "entropy": 3.1124192080904947,
      "top5_pct": 0.7843833185448092,
      "hazard": "low"
    },
    "da": {
      "n_middles": 155,
      "entropy": 2.887617612547064,
      "top5_pct": 0.8551344743276283,
      "hazard": "medium"
    },
    "ok": {
      "n_middles": 142,
      "entropy": 4.950495815556995,
      "top5_pct": 0.5175202156334232,
      "hazard": "medium"
    },
    "ol": {
      "n_middles": 93,
      "entropy": 5.410440343832425,
      "top5_pct": 0.42757009345794394,
      "hazard": "low"
    },
    "ot": {
      "n_middles": 138,
      "entropy": 5.162096405097117,
      "top5_pct": 0.4777415852334419,
      "hazard": "medium"
    },
    "qo": {
      "n_middles": 277,
      "entropy": 5.26708235435633,
      "top5_pct": 0.5346504559270516,
      "hazard": "high"
    },
    "sh": {
      "n_middles": 228,
      "entropy": 5.071297735385198,
      "top5_pct": 0.5631578947368421,
      "hazard": "high"
    },
    "correlation": {
      "rho": 0.3401680257083045,
      "p": 0.40967978427820273
    }
  },
  "test_6": {
    "H_P": {
      "rho": 0.6065741133149498,
      "p": 2.0952725457191357e-13
    },
    "H_T": {
      "rho": 0.5552432452466538,
      "p": 4.65746900829922e-11
    },
    "P_T": {
      "rho": 0.46547177612285257,
      "p": 8.470111915454918e-08
    },
    "core_variance": 364.3831417624521,
    "tail_variance": 5426.598290598291
  }
}