{
  "phase": "ZONE_MODALITY_VALIDATION",
  "test": "modality_zone_validation",
  "sample_sizes": {
    "SOUND": 87,
    "NONE": 87,
    "TASTE": 13,
    "SIGHT": 7,
    "TOUCH": 3,
    "SMELL": 0
  },
  "baseline_n": 87,
  "bonferroni_alpha": 0.003125,
  "n_tests": 16,
  "modality_results": {
    "SOUND": {
      "n": 87,
      "zones": {
        "C": {
          "mean": 0.22620295875668187,
          "baseline_mean": 0.2751773896601483,
          "t": -2.5138257053170014,
          "p": 0.012861654926508237,
          "d": -0.38114526981983515,
          "perm_p": 0.013
        },
        "P": {
          "mean": 0.24764809699342424,
          "baseline_mean": 0.15262067859769002,
          "t": 7.1180961196541706,
          "p": 2.8438284135219052e-11,
          "d": 1.0792429484632822,
          "perm_p": 0.0
        },
        "R": {
          "mean": 0.2771043652702824,
          "baseline_mean": 0.2121314487981155,
          "t": 4.006962445097107,
          "p": 9.143832147846745e-05,
          "d": 0.6075340780644513,
          "perm_p": 0.0
        },
        "S": {
          "mean": 0.2515076331668036,
          "baseline_mean": 0.3617733352216111,
          "t": -8.005723762558196,
          "p": 1.7011475226645626e-13,
          "d": -1.213824704365701,
          "perm_p": 0.0
        }
      }
    },
    "SIGHT": {
      "n": 7,
      "zones": {
        "C": {
          "mean": 0.300556586270872,
          "baseline_mean": 0.2751773896601483,
          "t": 0.48663299377340213,
          "p": 0.6276757371068459,
          "d": 0.1911863276672404,
          "perm_p": 0.634
        },
        "P": {
          "mean": 0.16542980828695114,
          "baseline_mean": 0.15262067859769002,
          "t": 0.6881083860817538,
          "p": 0.4931159003782932,
          "d": 0.27034113398661347,
          "perm_p": 0.548
        },
        "R": {
          "mean": 0.20624613481756335,
          "baseline_mean": 0.2121314487981155,
          "t": -0.14380775578890842,
          "p": 0.8859668117209326,
          "d": -0.05649858737722825,
          "perm_p": 0.869
        },
        "S": {
          "mean": 0.32776747062461353,
          "baseline_mean": 0.3617733352216111,
          "t": -1.3862751475490698,
          "p": 0.16901348196771418,
          "d": -0.5446339602687963,
          "perm_p": 0.168
        }
      }
    },
    "TOUCH": {
      "n": 3,
      "zones": {
        "C": {
          "mean": 0.3694083694083694,
          "baseline_mean": 0.2751773896601483,
          "t": 1.208437983963732,
          "p": 0.23011609576971917,
          "d": 0.7096192182130884,
          "perm_p": null
        },
        "P": {
          "mean": 0.17027417027417027,
          "baseline_mean": 0.15262067859769002,
          "t": 0.6327353863539552,
          "p": 0.5285472122591235,
          "d": 0.3715550124694903,
          "perm_p": null
        },
        "R": {
          "mean": 0.13852813852813853,
          "baseline_mean": 0.2121314487981155,
          "t": -1.2306632390206076,
          "p": 0.22172819652246722,
          "d": -0.7226703373663572,
          "perm_p": null
        },
        "S": {
          "mean": 0.3217893217893218,
          "baseline_mean": 0.3617733352216111,
          "t": -1.0848715034740697,
          "p": 0.28094173694027985,
          "d": -0.6370584824152895,
          "perm_p": null
        }
      }
    },
    "SMELL": {
      "status": "skipped",
      "n": 0,
      "reason": "insufficient data"
    },
    "TASTE": {
      "n": 13,
      "zones": {
        "C": {
          "mean": 0.29752913752913757,
          "baseline_mean": 0.2751773896601483,
          "t": 0.5490790846601209,
          "p": 0.5842001066196735,
          "d": 0.1632689495465914,
          "perm_p": 0.601
        },
        "P": {
          "mean": 0.1936063936063936,
          "baseline_mean": 0.15262067859769002,
          "t": 2.913158776822901,
          "p": 0.0044318155755163026,
          "d": 0.8662292675903351,
          "perm_p": 0.004
        },
        "R": {
          "mean": 0.23316683316683312,
          "baseline_mean": 0.2121314487981155,
          "t": 0.660808993879381,
          "p": 0.5102852510237699,
          "d": 0.1964918957865787,
          "perm_p": 0.536
        },
        "S": {
          "mean": 0.2756976356976357,
          "baseline_mean": 0.3617733352216111,
          "t": -4.456891830179817,
          "p": 2.2130638343621214e-05,
          "d": -1.325259088691517,
          "perm_p": 0.0
        }
      }
    }
  },
  "falsifications": [],
  "confirmed_associations": [
    {
      "modality": "SOUND",
      "zone": "C",
      "d": -0.38114526981983515,
      "p": 0.012861654926508237,
      "direction": "-"
    },
    {
      "modality": "SOUND",
      "zone": "P",
      "d": 1.0792429484632822,
      "p": 2.8438284135219052e-11,
      "direction": "+"
    },
    {
      "modality": "SOUND",
      "zone": "R",
      "d": 0.6075340780644513,
      "p": 9.143832147846745e-05,
      "direction": "+"
    },
    {
      "modality": "SOUND",
      "zone": "S",
      "d": -1.213824704365701,
      "p": 1.7011475226645626e-13,
      "direction": "-"
    },
    {
      "modality": "TASTE",
      "zone": "P",
      "d": 0.8662292675903351,
      "p": 0.0044318155755163026,
      "direction": "+"
    },
    {
      "modality": "TASTE",
      "zone": "S",
      "d": -1.325259088691517,
      "p": 2.2130638343621214e-05,
      "direction": "-"
    }
  ],
  "assessment": {
    "testable_modalities": 1,
    "any_falsification": false,
    "confirmed_count": 6
  }
}