{
  "n_paragraphs": 548,
  "by_type_counts": {
    "HIGH_H": 216,
    "BALANCED": 239,
    "HIGH_E": 32,
    "HIGH_K": 61
  },
  "type_stats": {
    "HIGH_H": {
      "n": 216,
      "mean_k": 18.90703282656892,
      "mean_h": 43.32444825870122,
      "mean_e": 37.76851891472985,
      "mean_link_rate": 0.10897795822195157,
      "role_pcts": {
        "UNKNOWN": 33.6777650210486,
        "AUXILIARY": 16.775098864651103,
        "FREQUENT_OPERATOR": 10.026789131266744,
        "ENERGY_OPERATOR": 32.440362291108556,
        "CORE_CONTROL": 2.538589105753285,
        "FLOW_OPERATOR": 4.5413955861717055
      },
      "prefix_pcts": {
        "qo": 16.15001913509376,
        "ch": 17.84666411532083,
        "ai": 2.678913126674321,
        "sh": 10.753922694221203,
        "ot": 5.5619339201428755,
        "ol": 4.5413955861717055,
        "da": 4.566909044520985,
        "ok": 4.490368669473147,
        "po": 0.43372879193774716
      }
    },
    "BALANCED": {
      "n": 239,
      "mean_k": 23.23302821366469,
      "mean_h": 28.400780685852734,
      "mean_e": 48.36619110048258,
      "mean_link_rate": 0.12914575050696994,
      "role_pcts": {
        "UNKNOWN": 28.250510551395507,
        "ENERGY_OPERATOR": 32.25833900612662,
        "FLOW_OPERATOR": 4.628999319264806,
        "FREQUENT_OPERATOR": 12.89142273655548,
        "CORE_CONTROL": 3.641933287950987,
        "AUXILIARY": 18.328795098706603
      },
      "prefix_pcts": {
        "qo": 19.298842750170184,
        "da": 4.577944179714091,
        "sh": 8.19434989788972,
        "ai": 2.2379169503063308,
        "ok": 6.713750850918992,
        "ol": 5.981960517358748,
        "ot": 6.313818924438394,
        "ch": 13.37644656228727,
        "po": 0.5530973451327433
      }
    },
    "HIGH_E": {
      "n": 32,
      "mean_k": 18.460248285705127,
      "mean_h": 18.398833073761175,
      "mean_e": 63.1409186405337,
      "mean_link_rate": 0.11269378684180001,
      "role_pcts": {
        "UNKNOWN": 33.25434439178515,
        "FREQUENT_OPERATOR": 13.58609794628752,
        "AUXILIARY": 18.404423380726698,
        "ENERGY_OPERATOR": 27.330173775671405,
        "CORE_CONTROL": 3.0015797788309637,
        "FLOW_OPERATOR": 4.423380726698262
      },
      "prefix_pcts": {
        "qo": 19.273301737756714,
        "sh": 7.187993680884676,
        "ai": 3.3175355450236967,
        "ch": 10.505529225908372,
        "po": 1.1848341232227488,
        "ok": 6.240126382306477,
        "da": 3.7914691943127963,
        "ot": 9.162717219589258,
        "ol": 4.818325434439179
      }
    },
    "HIGH_K": {
      "n": 61,
      "mean_k": 43.25872714899077,
      "mean_h": 29.283936275805033,
      "mean_e": 27.4573365752042,
      "mean_link_rate": 0.1334692375341931,
      "role_pcts": {
        "UNKNOWN": 28.026790314270993,
        "FREQUENT_OPERATOR": 19.938176197836167,
        "CORE_CONTROL": 3.3487892838742916,
        "AUXILIARY": 19.21689850592478,
        "ENERGY_OPERATOR": 24.008243173621846,
        "FLOW_OPERATOR": 5.461102524471921
      },
      "prefix_pcts": {
        "ai": 3.7609479649665123,
        "ot": 6.543019062339001,
        "ol": 6.079340546110252,
        "ok": 11.84956208140134,
        "ch": 11.385883565172591,
        "sh": 5.255023183925811,
        "da": 4.7913446676970635,
        "qo": 14.219474497681608,
        "po": 0.6697578567748583
      }
    }
  }
}