{
  "test1_pp_ri_ratio": {
    "baseline_pp": 0.33512544802867383,
    "label_pp": 0.5825242718446602,
    "chi2": 28.293414859657332,
    "p_value": 1.0425002800037015e-07,
    "significant": 