{
  "product_folio_counts": {
    "AROMATIC_WATER": 42,
    "PRECISION": 25,
    "OIL_OR_RESIN": 16
  },
  "product_middle_counts": {
    "AROMATIC_WATER": 2268,
    "PRECISION": 791,
    "OIL_OR_RESIN": 769
  },
  "product_exclusive_counts": {
    "AROMATIC_WATER": 1653,
    "PRECISION": 335,
    "OIL_OR_RESIN": 293
  },
  "product_prefix_profiles": {
    "AROMATIC_WATER": {
      "qo": 0.226554314630286,
      "ot": 0.07742036157738692,
      "a": 0.03325976949998886,
      "ol": 0.07175817561693305,
      "d": 0.0776878664259123,
      "sh": 0.10831717158206826,
      "ok": 0.07744265364809737,
      "ch": 0.1633562941661651,
      "ar": 0.015760493992286944,
      "s": 0.035176887581087404,
      "al": 0.019884527073719876,
      "o": 0.03310372500501572,
      "y": 0.03932321273323079,
      "ct": 0.0029425533337791745,
      "or": 0.018011993134042222
    },
    "PRECISION": {
      "o": 0.045355850422195414,
      "ch": 0.17937273823884198,
      "sh": 0.08407720144752714,
      "d": 0.11399276236429433,
      "y": 0.08347406513872135,
      "a": 0.04149577804583836,
      "ar": 0.025814234016887816,
      "qo": 0.12919179734620023,
      "ok": 0.09336550060313631,
      "ot": 0.06646562123039806,
      "s": 0.02135102533172497,
      "al": 0.012545235223160435,
      "ct": 0.005910735826296743,
      "ol": 0.060675512665862484,
      "or": 0.03691194209891435
    },
    "OIL_OR_RESIN": {
      "qo": 0.2335335651807356,
      "sh": 0.12972916008009275,
      "a": 0.027294762356412688,
      "ch": 0.2047634102645168,
      "s": 0.027505532722099272,
      "d": 0.09516282010749288,
      "ok": 0.057434924649594266,
      "y": 0.030983243755927918,
      "ar": 0.01833702181473285,
      "ol": 0.05806723574665402,
      "ot": 0.05522183580988513,
      "or": 0.0189693329117926,
      "o": 0.02866476973337549,
      "al": 0.0108546738328591,
      "ct": 0.0034777110338286435
    }
  }
}