{
  "phase": "ZONE_MODALITY_VALIDATION",
  "test": "regime_stratified",
  "question": "Does REGIME moderate the zone-modality relationship?",
  "recipe_counts": {
    "REGIME_3": 7,
    "REGIME_1": 169,
    "REGIME_2": 14,
    "REGIME_4": 7,
    "UNKNOWN": 0
  },
  "stratified_results": {
    "REGIME_1": {
      "C": {
        "sound_mean": 0.22129101789613997,
        "none_mean": 0.2710533910533911,
        "t": -3.035063442553567,
        "p": 0.002848109787743153,
        "d": -0.4990069215299682,
        "n_sound": 73,
        "n_none": 75
      },
      "P": {
        "sound_mean": 0.2592529566919084,
        "none_mean": 0.14756132756132753,
        "t": 8.367558572561935,
        "p": 4.34535463637777e-14,
        "d": 1.375743777040381,
        "n_sound": 73,
        "n_none": 75
      },
      "R": {
        "sound_mean": 0.2729541651519019,
        "none_mean": 0.2254545454545454,
        "t": 2.934239456448774,
        "p": 0.0038845814046438287,
        "d": 0.48243004665574707,
        "n_sound": 73,
        "n_none": 75
      },
      "S": {
        "sound_mean": 0.24650186026004967,
        "none_mean": 0.35593073593073593,
        "t": -8.789128349394554,
        "p": 3.804013776003541e-15,
        "d": -1.4450557504238197,
        "n_sound": 73,
        "n_none": 75
      }
    },
    "REGIME_2": {
      "C": {
        "sound_mean": 0.4529344729344729,
        "none_mean": 0.5515384615384615,
        "t": -2.1404734777388414,
        "p": 0.057988663794336974,
        "d": -1.2358029385657745,
        "n_sound": 6,
        "n_none": 6
      },
      "P": {
        "sound_mean": 0.25256410256410255,
        "none_mean": 0.11692307692307692,
        "t": 3.544083346174946,
        "p": 0.005320428201363424,
        "d": 2.046177473944575,
        "n_sound": 6,
        "n_none": 6
      },
      "R": {
        "sound_mean": 0.15925925925925924,
        "none_mean": 0.05871794871794872,
        "t": 2.2520215671366017,
        "p": 0.04801459332852986,
        "d": 1.30020525800716,
        "n_sound": 6,
        "n_none": 6
      },
      "S": {
        "sound_mean": 0.13524216524216526,
        "none_mean": 0.27282051282051284,
        "t": -4.310698294390684,
        "p": 0.0015353931696969088,
        "d": -2.4887828206617213,
        "n_sound": 6,
        "n_none": 6
      }
    }
  },
  "r_sound_effects": [
    {
      "regime": "REGIME_1",
      "d": 0.48243004665574707,
      "p": 0.0038845814046438287,
      "n": 148
    },
    {
      "regime": "REGIME_2",
      "d": 1.30020525800716,
      "p": 0.04801459332852986,
      "n": 12
    }
  ],
  "interpretation": "R-SOUND effect VARIES by REGIME (range=0.82). May need regime-specific analysis."
}