{
  "phase": "SEMANTIC_CEILING_BREACH",
  "test": "scb_01_modality_prediction",
  "question": "Can zone affinity predict modality class?",
  "dataset": {
    "n_recipes": 110,
    "class_distribution": {
      "SOUND": 87,
      "TASTE": 13,
      "SIGHT": 7,
      "TOUCH": 3
    }
  },
  "centroids": {
    "TASTE": [
      0.29752913752913757,
      0.1936063936063936,
      0.23316683316683312,
      0.2756976356976357
    ],
    "SOUND": [
      0.22620295875668173,
      0.2476480969934245,
      0.27710436527028237,
      0.2515076331668034
    ],
    "SIGHT": [
      0.300556586270872,
      0.16542980828695114,
      0.20624613481756335,
      0.32776747062461353
    ],
    "TOUCH": [
      0.3694083694083694,
      0.17027417027417027,
      0.13852813852813853,
      0.3217893217893218
    ]
  },
  "four_class": {
    "accuracy": 0.5272727272727272,
    "baseline_random": 0.25,
    "baseline_majority": 0.7909090909090909,
    "macro_f1": 0.21444444444444444,
    "per_class": {
      "SIGHT": {
        "precision": 0.0,
        "recall": 0.0,
        "f1": 0,
        "support": 7
      },
      "SOUND": {
        "precision": 0.8888888888888888,
        "recall": 0.6436781609195402,
        "f1": 0.7466666666666666,
        "support": 87
      },
      "TASTE": {
        "precision": 0.0,
        "recall": 0.0,
        "f1": 0,
        "support": 13
      },
      "TOUCH": {
        "precision": 0.06060606060606061,
        "recall": 0.6666666666666666,
        "f1": 0.1111111111111111,
        "support": 3
      }
    },
    "permutation": {
      "observed": 0.5272727272727272,
      "null_mean": 0.2459,
      "null_std": 0.12477304984227224,
      "p_value": 0.012,
      "n_permutations": 1000
    }
  },
  "binary": {
    "accuracy": 0.7181818181818181,
    "baseline_majority": 0.791,
    "per_class": {
      "SOUND": {
        "precision": 0.9,
        "recall": 0.7241379310344828,
        "f1": 0.8025477707006369,
        "support": 87
      },
      "OTHER": {
        "precision": 0.4,
        "recall": 0.6956521739130435,
        "f1": 0.507936507936508,
        "support": 23
      }
    },
    "permutation": {
      "observed": 0.7181818181818181,
      "null_mean": 0.5245363636363636,
      "null_std": 0.08822978966949863,
      "p_value": 0.002,
      "n_permutations": 1000
    },
    "confusion_matrix": {
      "SOUND": {
        "SOUND": 63,
        "OTHER": 24
      },
      "OTHER": {
        "SOUND": 7,
        "OTHER": 16
      }
    }
  },
  "zone_discrimination": {
    "C": {
      "sound_mean": 0.22620295875668187,
      "other_mean": 0.3078260869565218,
      "t": -2.8110735964021827,
      "p": 0.0058647514005644085,
      "d": -0.6590904429101175
    },
    "P": {
      "sound_mean": 0.24764809699342424,
      "other_mean": 0.1819875776397515,
      "t": 2.6621598835321634,
      "p": 0.00895026953634997,
      "d": 0.6241758091927692
    },
    "R": {
      "sound_mean": 0.2771043652702824,
      "other_mean": 0.2126293995859213,
      "t": 2.4393816656289715,
      "p": 0.01634105355269549,
      "d": 0.5719427426176122
    },
    "S": {
      "sound_mean": 0.2515076331668036,
      "other_mean": 0.2975569358178053,
      "t": -1.8571642338158911,
      "p": 0.06601249560483853,
      "d": -0.4354347744538455
    }
  },
  "verdict": "TIER 3 CONFIRMED"
}