{
  "phase": "SENSORY_GRANULARITY_TEST",
  "n_recipes": 197,
  "test1_sli_ht_pathway": {
    "sli_tail": {
      "r": 0.2262030699700895,
      "p": 0.0013923207786102063
    },
    "tail_ht": {
      "r": 0.3113520187586492,
      "p": 8.451284809990255e-06
    },
    "sli_ht": {
      "r": 0.13156040380508327,
      "p": 0.06535745519125234
    },
    "pathway_supported": true
  },
  "test2_modality_signatures": {
    "modality_zone_profiles": {
      "SOUND": {
        "C": 0.22556873928923615,
        "P": 0.22049656508662718,
        "R": 0.2829165063140218,
        "S": 0.27407941379991063
      },
      "NONE": {
        "C": 0.2780831168831169,
        "P": 0.1579488215488215,
        "R": 0.21486604876604878,
        "S": 0.3505834942834944
      },
      "TOUCH": {
        "C": 0.3478354978354979,
        "P": 0.19978354978354979,
        "R": 0.1616883116883117,
        "S": 0.29069264069264067
      },
      "SIGHT": {
        "C": 0.245412196499153,
        "P": 0.2981178242047807,
        "R": 0.2450122341426689,
        "S": 0.21145774515339735
      }
    },
    "modality_counts": {
      "SOUND": 70,
      "NONE": 100,
      "TOUCH": 5,
      "SIGHT": 20,
      "TASTE": 2,
      "SMELL": 0
    }
  },
  "test3_sli_clusters": {
    "cluster_sizes": [
      49,
      49,
      49,
      50
    ],
    "cluster_zone_means": {
      "Low SLI": {
        "C": 0.3838129217721054,
        "P": 0.14241268935146487,
        "R": 0.13608840139452386,
        "S": 0.33768598748190587
      },
      "Low-Mid SLI": {
        "C": 0.31178275436483066,
        "P": 0.18494251057693825,
        "R": 0.17132618211588932,
        "S": 0.33270441084105684
      },
      "Mid-High SLI": {
        "C": 0.18570592672633487,
        "P": 0.17346601244560428,
        "R": 0.30679662740887226,
        "S": 0.3362990071153336
      },
      "High SLI": {
        "C": 0.15032623543927892,
        "P": 0.2893771671162975,
        "R": 0.34715285358763626,
        "S": 0.21742945814250164
      }
    },
    "anova": {
      "C": {
        "F": 69.3803263254474,
        "p": 1.754278274559859e-30
      },
      "P": {
        "F": 33.08934506444144,
        "p": 2.658061944303477e-17
      },
      "R": {
        "F": 106.6123058920632,
        "p": 9.738514320973139e-41
      },
      "S": {
        "F": 21.5921803502316,
        "p": 4.209898281019304e-12
      }
    }
  },
  "test4_zone_vs_regime": {
    "regime_mean_ht": {
      "REGIME_3": 0.11585625,
      "REGIME_1": 0.12889032258064517,
      "REGIME_2": 0.19879999999999998,
      "REGIME_4": 0.174776
    },
    "regime_variance": 0.00039053188113693366,
    "zone_variance": 8.591046437802633e-05,
    "variance_ratio": 0.21998322935356773,
    "zone_more_discriminative": false,
    "regime_ht_correlation": {
      "r": 0.5431331234095985,
      "p": 1.6412104914827645e-16
    },
    "zone_ht_correlations": {
      "P": {
        "r": 0.055404111386508526,
        "p": 0.43935712608274236
      },
      "R": {
        "r": -0.21621046026811186,
        "p": 0.0022768352802154694
      },
      "S": {
        "r": -0.23100564782496263,
        "p": 0.0010908844697798527
      }
    }
  }
}