{
  "phase": "sensory_load_index",
  "n_folios": 83,
  "sli_statistics": {
    "mean": 1.1066099616359693,
    "std": 0.22464206088218946,
    "min": 0.6092789469877776,
    "max": 1.8035952063914777
  },
  "ht_correlation": {
    "r": -0.4530093594247321,
    "p": 1.7058875151178022e-05,
    "significant": true
  },
  "comparison_to_c477": {
    "c477_r": 0.504,
    "c477_p": 0.0045,
    "sli_stronger": false
  },
  "regime_analysis": {
    "REGIME_3": {
      "mean_sli": 1.3947293271763672,
      "std_sli": 0.19048108088279492,
      "n": 16
    },
    "REGIME_1": {
      "mean_sli": 1.098239498313864,
      "std_sli": 0.11711323354013722,
      "n": 31
    },
    "REGIME_2": {
      "mean_sli": 0.785973814673984,
      "std_sli": 0.09837009131333271,
      "n": 11
    },
    "REGIME_4": {
      "mean_sli": 1.0736728468727987,
      "std_sli": 0.1533601182292401,
      "n": 25
    }
  },
  "quartile_analysis": {
    "high_sli_mean_ht": 0.13300476190476193,
    "low_sli_mean_ht": 0.18593500000000002,
    "t_stat": -4.141737975297876,
    "p_value": 0.00017883440276852565
  },
  "folio_sli": {
    "f103r": {
      "sli": 1.360713873636629,
      "ht_density": 0.1018
    },
    "f103v": {
      "sli": 1.18763655742073,
      "ht_density": 0.0993
    },
    "f104r": {
      "sli": 0.9369897207439892,
      "ht_density": 0.1383
    },
    "f104v": {
      "sli": 1.1309915871649248,
      "ht_density": 0.1221
    },
    "f105r": {
      "sli": 0.7027921954288457,
      "ht_density": 0.1705
    },
    "f105v": {
      "sli": 0.6856357273787702,
      "ht_density": 0.2181
    },
    "f106r": {
      "sli": 1.0392171189403505,
      "ht_density": 0.1562
    },
    "f106v": {
      "sli": 1.1453549733079706,
      "ht_density": 0.1874
    },
    "f107r": {
      "sli": 0.9183243689348017,
      "ht_density": 0.1899
    },
    "f107v": {
      "sli": 0.8779943397736852,
      "ht_density": 0.1593
    },
    "f108r": {
      "sli": 1.21648467752009,
      "ht_density": 0.141
    },
    "f108v": {
      "sli": 1.1419592286739588,
      "ht_density": 0.0967
    },
    "f111r": {
      "sli": 1.050266979390189,
      "ht_density": 0.1161
    },
    "f111v": {
      "sli": 1.2363983316045395,
      "ht_density": 0.1314
    },
    "f112r": {
      "sli": 0.9679248919357949,
      "ht_density": 0.1852
    },
    "f112v": {
      "sli": 1.125951289456603,
      "ht_density": 0.1718
    },
    "f113r": {
      "sli": 1.1068365287588295,
      "ht_density": 0.1504
    },
    "f113v": {
      "sli": 0.9027828235123156,
      "ht_density": 0.1377
    },
    "f114r": {
      "sli": 1.0411685693252613,
      "ht_density": 0.1642
    },
    "f114v": {
      "sli": 1.2342941897832862,
      "ht_density": 0.117
    },
    "f115r": {
      "sli": 1.1315659778765126,
      "ht_density": 0.1292
    },
    "f115v": {
      "sli": 0.7528319334206673,
      "ht_density": 0.1518
    },
    "f116r": {
      "sli": 1.3119914104882457,
      "ht_density": 0.0816
    },
    "f26r": {
      "sli": 1.0604153832614625,
      "ht_density": 0.1423
    },
    "f26v": {
      "sli": 0.8063583815028901,
      "ht_density": 0.2028
    },
    "f31r": {
      "sli": 1.4077738515901062,
      "ht_density": 0.1611
    },
    "f31v": {
      "sli": 1.0130929730078366,
      "ht_density": 0.2066
    },
    "f33r": {
      "sli": 1.5525060739674255,
      "ht_density": 0.0833
    },
    "f33v": {
      "sli": 1.8035952063914777,
      "ht_density": 0.1581
    },
    "f34r": {
      "sli": 1.2317211457871122,
      "ht_density": 0.1488
    },
    "f34v": {
      "sli": 1.1269868070988853,
      "ht_density": 0.1429
    },
    "f39r": {
      "sli": 1.521604699698539,
      "ht_density": 0.1394
    },
    "f39v": {
      "sli": 1.3013030975011557,
      "ht_density": 0.1762
    },
    "f40r": {
      "sli": 1.1964265137984673,
      "ht_density": 0.1741
    },
    "f40v": {
      "sli": 0.9084119904574216,
      "ht_density": 0.1661
    },
    "f41r": {
      "sli": 0.973687938239252,
      "ht_density": 0.2965
    },
    "f41v": {
      "sli": 0.8487065389546722,
      "ht_density": 0.147
    },
    "f43r": {
      "sli": 1.0880293524535067,
      "ht_density": 0.1994
    },
    "f43v": {
      "sli": 1.1542161954892458,
      "ht_density": 0.1498
    },
    "f46r": {
      "sli": 1.638339314035228,
      "ht_density": 0.1386
    },
    "f46v": {
      "sli": 1.3826276180977424,
      "ht_density": 0.1496
    },
    "f48r": {
      "sli": 0.6092789469877776,
      "ht_density": 0.2333
    },
    "f48v": {
      "sli": 0.9334600760456273,
      "ht_density": 0.19
    },
    "f50r": {
      "sli": 0.8445700758460651,
      "ht_density": 0.267
    },
    "f50v": {
      "sli": 0.9408307812957568,
      "ht_density": 0.1983
    },
    "f55r": {
      "sli": 1.244197496131664,
      "ht_density": 0.1538
    },
    "f55v": {
      "sli": 0.9633156415860131,
      "ht_density": 0.227
    },
    "f57r": {
      "sli": 1.0398053425338618,
      "ht_density": 0.1299
    },
    "f66r": {
      "sli": 1.2721872015281757,
      "ht_density": 0.1336
    },
    "f66v": {
      "sli": 1.3562087653157398,
      "ht_density": 0.2314
    },
    "f75r": {
      "sli": 1.189724393998853,
      "ht_density": 0.1208
    },
    "f75v": {
      "sli": 1.0135386542393485,
      "ht_density": 0.1069
    },
    "f76r": {
      "sli": 1.4604788966990079,
      "ht_density": 0.1121
    },
    "f76v": {
      "sli": 1.1969521127832423,
      "ht_density": 0.1297
    },
    "f77r": {
      "sli": 1.2292040134131939,
      "ht_density": 0.0796
    },
    "f77v": {
      "sli": 1.0970469267966303,
      "ht_density": 0.0892
    },
    "f78r": {
      "sli": 1.0749918261902678,
      "ht_density": 0.1641
    },
    "f78v": {
      "sli": 1.087396246681754,
      "ht_density": 0.1049
    },
    "f79r": {
      "sli": 1.214849884615237,
      "ht_density": 0.1071
    },
    "f79v": {
      "sli": 0.9261047988610034,
      "ht_density": 0.1254
    },
    "f80r": {
      "sli": 1.0316942942567031,
      "ht_density": 0.0928
    },
    "f80v": {
      "sli": 0.9723252175867104,
      "ht_density": 0.1368
    },
    "f81r": {
      "sli": 1.2113550406891387,
      "ht_density": 0.1147
    },
    "f81v": {
      "sli": 1.0409045121018126,
      "ht_density": 0.1285
    },
    "f82r": {
      "sli": 0.9616619391783251,
      "ht_density": 0.0805
    },
    "f82v": {
      "sli": 1.0765780912858842,
      "ht_density": 0.0756
    },
    "f83r": {
      "sli": 1.067644797635368,
      "ht_density": 0.1377
    },
    "f83v": {
      "sli": 1.4770004198782354,
      "ht_density": 0.0666
    },
    "f84r": {
      "sli": 1.1330582158416205,
      "ht_density": 0.1012
    },
    "f84v": {
      "sli": 1.1541032305978463,
      "ht_density": 0.1514
    },
    "f85r1": {
      "sli": 0.9837984836831118,
      "ht_density": 0.1616
    },
    "f85r2": {
      "sli": 1.075522218350542,
      "ht_density": 0.1
    },
    "f85v2": {
      "sli": 0.7290078322187815,
      "ht_density": 0.1633
    },
    "f86v3": {
      "sli": 0.8047416831991605,
      "ht_density": 0.2519
    },
    "f86v4": {
      "sli": 1.3971067465210498,
      "ht_density": 0.1357
    },
    "f86v5": {
      "sli": 0.8004979927841861,
      "ht_density": 0.2775
    },
    "f86v6": {
      "sli": 0.9076325781816632,
      "ht_density": 0.1596
    },
    "f94r": {
      "sli": 1.082055455443818,
      "ht_density": 0.184
    },
    "f94v": {
      "sli": 1.0116129032258065,
      "ht_density": 0.1385
    },
    "f95r1": {
      "sli": 1.2728229081192535,
      "ht_density": 0.1457
    },
    "f95r2": {
      "sli": 1.6348039215686276,
      "ht_density": 0.0792
    },
    "f95v1": {
      "sli": 0.8708382611188761,
      "ht_density": 0.1709
    },
    "f95v2": {
      "sli": 1.2358076149602848,
      "ht_density": 0.1481
    }
  },
  "conclusion": "SLI_CORRELATES"
}