{
  "vocab_similarity_by_distance": {
    "1": 0.055205884796005196,
    "2": 0.04584638467717855,
    "3": 0.044173619176387055,
    "4": 0.04745686899626228,
    "5": 0.04530155014935677
  },
  "role_distance_by_ordinal": {
    "1": 0.25940878353441527,
    "2": 0.27418375343075935,
    "3": 0.30788729687999306,
    "4": 0.3037150255595899,
    "5": 0.3292644474099921
  },
  "cumulative_overlap_by_ordinal": {
    "2": 0.142219087120223,
    "3": 0.22036478200936158,
    "4": 0.25410988757159375,
    "5": 0.288869151384722,
    "6": 0.31651935735662207,
    "7": 0.3356179443659513,
    "8": 0.385696559996703
  },
  "last_paragraph_distinct": false,
  "verdict": "CONVERGENT"
}