{
  "ht_rate": {
    "par1_mean": 0.3457850246244871,
    "later_mean": 0.3675646162767196,
    "ratio": 0.940746223418209
  },
  "vocab_size": {
    "par1_mean": 47.23684210526316,
    "later_mean": 30.10337972166998
  },
  "role_comparison": {
    "EN": {
      "par1": 0.2564835203753483,
      "later": 0.25114910368793775
    },
    "FL": {
      "par1": 0.04361887366865662,
      "later": 0.03813737121686608
    },
    "FQ": {
      "par1": 0.15134307404672104,
      "later": 0.15435709177525495
    },
    "CC": {
      "par1": 0.04205463165239656,
      "later": 0.03379865770111156
    },
    "AX": {
      "par1": 0.16071487563239034,
      "later": 0.15499315934211005
    }
  },
  "vocab_predictivity": 0.11773812526271057,
  "verdict": "ORDINARY"
}