{
  "link_by_ordinal": {
    "1": 0.025098197796463002,
    "2": 0.035198689495530906,
    "3": 0.03478153248172944,
    "4": 0.03463839166073282,
    "5": 0.027528176803495192,
    "6": 0.02463081273650055,
    "7": 0.02604804678544258,
    "8": 0.03261655454454078
  },
  "hazard_by_ordinal": {
    "1": 0.038952876128188624,
    "2": 0.03896358381623409,
    "3": 0.03533684664581099,
    "4": 0.039126497096968,
    "5": 0.018164303396785528,
    "6": 0.031766956020653006,
    "7": 0.034587870350166756,
    "8": 0.03267764630003344
  },
  "link_position": {
    "header": 167,
    "body": 645,
    "header_rate": 0.20566502463054187
  },
  "hazard_position": {
    "header": 183,
    "body": 773,
    "header_rate": 0.19142259414225943
  },
  "specialization": {
    "link_cv": 0.15538577299209302,
    "hazard_cv": 0.20509773382989632
  }
}