{
  "early_enriched_count": 7,
  "late_enriched_count": 12,
  "ordinal_specific_count": 84,
  "verdict": "WEAK",
  "early_enriched_tokens": [
    [
      "chedain",
      1.695345500650629
    ],
    [
      "qo",
      1.695345500650629
    ],
    [
      "otor",
      1.5948309452760858
    ],
    [
      "kedy",
      1.5482287423297065
    ],
    [
      "qokeeo",
      1.5412231824096627
    ],
    [
      "rol",
      1.51688807952951
    ],
    [
      "ytar",
      1.51688807952951
    ]
  ],
  "late_enriched_tokens": [
    [
      "ary",
      2.30499001996008
    ],
    [
      "olky",
      1.9025314450464152
    ],
    [
      "rain",
      1.8439920159680638
    ],
    [
      "pol",
      1.8160527429988509
    ],
    [
      "oiin",
      1.8078353097726116
    ],
    [
      "shcthy",
      1.654864629714929
    ],
    [
      "tain",
      1.6391040141938347
    ],
    [
      "lchdy",
      1.6270517787953505
    ],
    [
      "keey",
      1.609834299654659
    ],
    [
      "rar",
      1.5366600133067199
    ],
    [
      "ldy",
      1.5366600133067199
    ],
    [
      "cheky",
      1.502512013011015
    ]
  ]
}