{
  "summary": {
    "total_lines": 2420,
    "anova_f": 0.38804802754622836,
    "anova_p": 0.6784355989652006,
    "effect_size_early_late": -0.0008699542092134939
  },
  "coupling_by_position": {
    "early": {
      "mean": 0.15547604582081345,
      "std": 0.1028382126354335,
      "n": 739
    },
    "middle": {
      "mean": 0.1505300936553144,
      "std": 0.10019564890705106,
      "n": 447
    },
    "late": {
      "mean": 0.15556655755755477,
      "std": 0.10788956546232008,
      "n": 646
    }
  }
}