{
  "CC": {
    "classes": [
      10,
      11,
      12
    ],
    "active_classes": [
      10,
      11
    ],
    "kruskal_wallis": {
      "position": {
        "H": 17.55,
        "p": 2.798950040494982e-05,
        "eta2": 0.0226,
        "significant": "True"
      },
      "initial_rate": {
        "H": 70.96,
        "p": 3.6417484493555476e-17,
        "eta2": 0.0954,
        "significant": "True"
      },
      "final_rate": {
        "H": 0.78,
        "p": 0.3771719302648855,
        "eta2": -0.0003,
        "significant": "False"
      },
      "token_length": {
        "H": 734.0,
        "p": 1.2090033187916421e-161,
        "eta2": 1.0,
        "significant": "True"
      }
    },
    "js_divergence": {
      "10-11": {
        "regime": 0.0112,
        "section": 0.0534
      }
    },
    "role_specific": {
      "class_10_vs_11_position": {
        "U": 54192.5,
        "p": 2.8011208663088286e-05,
        "mean_10": 0.4128,
        "mean_11": 0.5113,
        "different": "True"
      },
      "class_12_ghost": true
    },
    "distinct_fraction": 0.75,
    "mean_js_divergence": 0.0323,
    "verdict": "GENUINE_STRUCTURE (2 active classes + 1 ghost)"
  },
  "FL": {
    "classes": [
      7,
      30,
      38,
      40
    ],
    "active_classes": [
      7,
      30,
      38,
      40
    ],
    "kruskal_wallis": {
      "position": {
        "H": 85.42,
        "p": 2.1115298603809546e-18,
        "eta2": 0.0767,
        "significant": "True"
      },
      "initial_rate": {
        "H": 74.27,
        "p": 5.1987173018068355e-16,
        "eta2": 0.0664,
        "significant": "True"
      },
      "final_rate": {
        "H": 147.82,
        "p": 7.780448039413445e-32,
        "eta2": 0.1348,
        "significant": "True"
      },
      "token_length": {
        "H": 921.45,
        "p": 1.9728199760006284e-199,
        "eta2": 0.8552,
        "significant": "True"
      }
    },
    "js_divergence": {
      "7-30": {
        "regime": 0.0249,
        "section": 0.063
      },
      "7-38": {
        "regime": 0.006,
        "section": 0.0113
      },
      "7-40": {
        "regime": 0.034,
        "section": 0.0803
      },
      "30-38": {
        "regime": 0.0473,
        "section": 0.0416
      },
      "30-40": {
        "regime": 0.0051,
        "section": 0.0187
      },
      "38-40": {
        "regime": 0.0592,
        "section": 0.072
      }
    },
    "role_specific": {
      "hazard_vs_safe_position": {
        "U": 28946.0,
        "p": 9.383387330782765e-20,
        "mean_hazard": 0.5459,
        "mean_safe": 0.8115,
        "different": "True"
      },
      "hazard_vs_safe_final": {
        "U": 33010.0,
        "p": 7.320667782090937e-33,
        "hazard_final_rate": 0.1234,
        "safe_final_rate": 0.5574,
        "different": "True"
      }
    },
    "distinct_fraction": 1.0,
    "mean_js_divergence": 0.0386,
    "verdict": "GENUINE_STRUCTURE"
  },
  "FQ": {
    "classes": [
      9,
      13,
      14,
      23
    ],
    "active_classes": [
      9,
      13,
      14,
      23
    ],
    "kruskal_wallis": {
      "position": {
        "H": 84.72,
        "p": 2.9730086124576583e-18,
        "eta2": 0.0283,
        "significant": "True"
      },
      "initial_rate": {
        "H": 75.31,
        "p": 3.1142519337163563e-16,
        "eta2": 0.0251,
        "significant": "True"
      },
      "final_rate": {
        "H": 220.41,
        "p": 1.638679128455887e-47,
        "eta2": 0.0753,
        "significant": "True"
      },
      "token_length": {
        "H": 2516.88,
        "p": 0.0,
        "eta2": 0.8711,
        "significant": "True"
      }
    },
    "js_divergence": {
      "9-13": {
        "regime": 0.0075,
        "section": 0.0167
      },
      "9-14": {
        "regime": 0.0035,
        "section": 0.0062
      },
      "9-23": {
        "regime": 0.0208,
        "section": 0.0317
      },
      "13-14": {
        "regime": 0.0018,
        "section": 0.0051
      },
      "13-23": {
        "regime": 0.0057,
        "section": 0.0397
      },
      "14-23": {
        "regime": 0.0077,
        "section": 0.022
      }
    },
    "role_specific": {
      "class9_vs_others_position": {
        "U": 617968.0,
        "p": 3.8650841311404144e-07,
        "mean_9": 0.5039,
        "mean_others": 0.5722,
        "different": "True"
      },
      "class13_vs_14": {
        "U": 347189.5,
        "p": 1.560004733904811e-10,
        "mean_13": 0.53,
        "mean_14": 0.6151,
        "different": "True"
      }
    },
    "distinct_fraction": 1.0,
    "mean_js_divergence": 0.014,
    "verdict": "GENUINE_STRUCTURE"
  }
}