{
  "entropy": {
    "entropies": {
      "first": 10.385139287021083,
      "second": 9.849579170421562,
      "middle": 7.354105325189476,
      "penultimate": 9.849579170421562,
      "last": 10.385139287021083
    },
    "concentrations": {
      "first": 0.05009128251939753,
      "second": 0.06246125232486051,
      "middle": 0.19575633127994524,
      "penultimate": 0.06246125232486051,
      "last": 0.05009128251939753
    }
  },
  "prefix": {
    "first_preferring": [
      [
        "*c",
        0.45454545454545453,
        5,
        11
      ],
      [
        "d*",
        0.4,
        4,
        10
      ],
      [
        "dt",
        0.4,
        4,
        10
      ],
      [
        "ss",
        0.4,
        4,
        10
      ],
      [
        "qe",
        0.4,
        4,
        10
      ],
      [
        "ya",
        0.4,
        4,
        10
      ],
      [
        "ek",
        0.4,
        4,
        10
      ],
      [
        "ee",
        0.3939393939393939,
        13,
        33
      ],
      [
        "et",
        0.39285714285714285,
        11,
        28
      ],
      [
        "dk",
        0.38461538461538464,
        5,
        13
      ]
    ],
    "last_preferring": [
      [
        "*c",
        0.45454545454545453,
        5,
        11
      ],
      [
        "d*",
        0.4,
        4,
        10
      ],
      [
        "dt",
        0.4,
        4,
        10
      ],
      [
        "ss",
        0.4,
        4,
        10
      ],
      [
        "qe",
        0.4,
        4,
        10
      ],
      [
        "ya",
        0.4,
        4,
        10
      ],
      [
        "ek",
        0.4,
        4,
        10
      ],
      [
        "ee",
        0.3939393939393939,
        13,
        33
      ],
      [
        "et",
        0.39285714285714285,
        11,
        28
      ],
      [
        "dk",
        0.38461538461538464,
        5,
        13
      ]
    ]
  },
  "suffix": {
    "first_preferring": [
      [
        "een",
        0.45,
        9,
        20
      ],
      [
        "lam",
        0.4375,
        7,
        16
      ],
      [
        "ral",
        0.43243243243243246,
        16,
        37
      ],
      [
        "eam",
        0.41379310344827586,
        12,
        29
      ],
      [
        "iny",
        0.4117647058823529,
        7,
        17
      ],
      [
        "lar",
        0.40625,
        13,
        32
      ],
      [
        "iry",
        0.4,
        6,
        15
      ],
      [
        "hsy",
        0.4,
        6,
        15
      ],
      [
        "pal",
        0.4,
        4,
        10
      ],
      [
        "idy",
        0.4,
        4,
        10
      ]
    ],
    "last_preferring": [
      [
        "een",
        0.45,
        9,
        20
      ],
      [
        "lam",
        0.4375,
        7,
        16
      ],
      [
        "ral",
        0.43243243243243246,
        16,
        37
      ],
      [
        "eam",
        0.41379310344827586,
        12,
        29
      ],
      [
        "iny",
        0.4117647058823529,
        7,
        17
      ],
      [
        "lar",
        0.40625,
        13,
        32
      ],
      [
        "iry",
        0.4,
        6,
        15
      ],
      [
        "hsy",
        0.4,
        6,
        15
      ],
      [
        "pal",
        0.4,
        4,
        10
      ],
      [
        "idy",
        0.4,
        4,
        10
      ]
    ]
  },
  "exclusion": {
    "exclusion_pairs": [
      [
        "ch",
        "da",
        0,
        113.47300961301454,
        0.0
      ],
      [
        "ch",
        "qo",
        0,
        190.23909292580726,
        0.0
      ],
      [
        "ch",
        "sh",
        0,
        168.7848163667735,
        0.0
      ],
      [
        "ch",
        "ok",
        0,
        105.59526743899434,
        0.0
      ],
      [
        "ch",
        "ot",
        0,
        95.20335223071234,
        0.0
      ],
      [
        "ch",
        "ct",
        0,
        75.08996795661818,
        0.0
      ],
      [
        "ch",
        "ol",
        0,
        48.43973379344344,
        0.0
      ],
      [
        "ch",
        "yk",
        0,
        44.58466847424205,
        0.0
      ],
      [
        "ch",
        "do",
        0,
        38.38304165639635,
        0.0
      ],
      [
        "da",
        "qo",
        0,
        63.13326760331937,
        0.0
      ],
      [
        "da",
        "sh",
        0,
        56.0133924903459,
        0.0
      ],
      [
        "da",
        "ok",
        0,
        35.043135321666256,
        0.0
      ],
      [
        "da",
        "ot",
        0,
        31.594445813819732,
        0.0
      ],
      [
        "da",
        "ct",
        0,
        24.919562895407115,
        0.0
      ],
      [
        "da",
        "ol",
        0,
        16.075343028510392,
        0.0
      ],
      [
        "da",
        "yk",
        0,
        14.795990469147975,
        0.0
      ],
      [
        "da",
        "do",
        0,
        12.737901569304084,
        0.0
      ],
      [
        "qo",
        "sh",
        0,
        93.90723851778819,
        0.0
      ],
      [
        "qo",
        "ok",
        0,
        58.75030810944048,
        0.0
      ],
      [
        "qo",
        "ot",
        0,
        52.968531755813004,
        0.0
      ],
      [
        "qo",
        "ct",
        0,
        41.777996877824336,
        0.0
      ],
      [
        "qo",
        "ol",
        0,
        26.950538164489362,
        0.0
      ],
      [
        "qo",
        "yk",
        0,
        24.8056856462082,
        0.0
      ],
      [
        "qo",
        "do",
        0,
        21.35527072549503,
        0.0
      ],
      [
        "sh",
        "ok",
        0,
        52.12472270150358,
        0.0
      ],
      [
        "sh",
        "ot",
        0,
        46.99498808643497,
        0.0
      ],
      [
        "sh",
        "ct",
        0,
        37.06646947662476,
        0.0
      ],
      [
        "sh",
        "ol",
        0,
        23.911182318626242,
        0.0
      ],
      [
        "sh",
        "yk",
        0,
        22.008216251745957,
        0.0
      ],
      [
        "sh",
        "do",
        0,
        18.94692301372114,
        0.0
      ],
      [
        "ok",
        "ot",
        0,
        29.401035247719992,
        0.0
      ],
      [
        "ok",
        "ct",
        0,
        23.189548927779146,
        0.0
      ],
      [
        "ok",
        "ol",
        0,
        14.95932955385753,
        0.0
      ],
      [
        "ok",
        "yk",
        0,
        13.768794675868868,
        0.0
      ],
      [
        "ok",
        "do",
        0,
        11.853586393887108,
        0.0
      ],
      [
        "ot",
        "ct",
        0,
        20.907402842823103,
        0.0
      ],
      [
        "ot",
        "ol",
        0,
        13.487141566017584,
        0.0
      ],
      [
        "ot",
        "yk",
        0,
        12.41377043792622,
        0.0
      ],
      [
        "ot",
        "do",
        0,
        10.68704297099663,
        0.0
      ],
      [
        "ct",
        "ol",
        0,
        10.63774546052091,
        0.0
      ],
      [
        "ct",
        "yk",
        0,
        9.791142880617862,
        0.0
      ],
      [
        "ct",
        "do",
        0,
        8.42921699120861,
        0.0
      ],
      [
        "ol",
        "yk",
        0,
        6.316161367184291,
        0.0
      ],
      [
        "ol",
        "do",
        0,
        5.437597567989483,
        0.0
      ],
      [
        "yk",
        "do",
        0,
        5.0048475885301125,
        0.0
      ]
    ],
    "association_pairs": []
  },
  "fields": {
    "entropy_pos1": 4.865016299852635,
    "entropy_pos2": 4.865016299852635,