{
  "within_marker": {
    "marker_entries": {
      "yk": 266,
      "sh": 1007,
      "ct": 448,
      "yt": 240,
      "ch": 2040,
      "da": 677,
      "ot": 568,
      "ok": 630,
      "ol": 289,
      "qo": 1135
    }
  },
  "marker_illustration": {
    "type_markers": {
      "UNKNOWN": {
        "yk": 712,
        "sh": 3303,
        "ct": 1492,
        "yt": 622,
        "ch": 7181,
        "da": 3619,
        "ot": 1640,
        "ok": 1905,
        "ol": 853,
        "qo": 3449
      }
    }
  },
  "vocab_bridge": {
    "shared_count": 1532,
    "a_dominant": 193,
    "b_dominant": 355,
    "balanced": 984
  },
  "payload": {
    "payloads_with_data": 10440,
    "mean_length": 2.8653256704980845,
    "unique_vocab": 4152
  },
  "length": {
    "section_stats": {
      "H": {
        "mean": 3.185092426952892,
        "median": 3.0,
        "std": 2.899606959431803,
        "n": 8385
      },
      "P": {
        "mean": 2.7317915084570243,
        "median": 2.0,
        "std": 3.085738460077437,
        "n": 2897
      },
      "T": {
        "mean": 2.916760404949381,
        "median": 2.0,
        "std": 3.2771905355786415,
        "n": 889
      }
    },
    "marker_lengths": {
      "ch": 3.520098039215686,
      "qo": 3.0387665198237888,
      "sh": 3.2800397219463755,
      "da": 5.345642540620384,
      "ok": 3.0238095238095237,
      "ot": 2.887323943661972,
      "ct": 3.330357142857143,
      "ol": 2.9515570934256057
    }
  }
}