{
  "t4_1": {
    "section_stats": {
      "H": {
        "n": 849,
        "mean": 2.8315665488810366,
        "median": 3.0,
        "std": 0.7557506401079281
      },
      "P": {
        "n": 106,
        "mean": 2.509433962264151,
        "median": 2.0,
        "std": 0.6478598005052603
      },
      "T": {
        "n": 58,
        "mean": 2.689655172413793,
        "median": 2.0,
        "std": 1.3417294109202562
      }
    },
    "verdict": "SECTION_DIFFERENT"
  },
  "t4_2": {
    "vocab_sizes": {
      "H": 1828,
      "P": 408,
      "T": 365
    },
    "overlaps": {
      "H-P": 0.09607843137254903,
      "H-T": 0.08564356435643565,
      "P-H": 0.09607843137254903,
      "P-T": 0.11063218390804598,
      "T-H": 0.08564356435643565,
      "T-P": 0.11063218390804598
    },
    "verdict": "HIGHLY_DISTINCT"
  },
  "t4_3": {
    "contingency": {
      "ch": {
        "T": 8,
        "H": 212,
        "P": 19
      },
      "ct": {
        "H": 42,
        "P": 1
      },
      "da": {
        "T": 10,
        "H": 84,
        "P": 15
      },
      "ok": {
        "T": 6,
        "H": 60,
        "P": 10
      },
      "ol": {
        "T": 6,
        "H": 24,
        "P": 10
      },
      "ot": {
        "T": 3,
        "H": 59,
        "P": 9
      },
      "qo": {
        "H": 186,
        "T": 10,
        "P": 16
      },
      "sh": {
        "T": 13,
        "H": 167,
        "P": 14
      }
    },
    "verdict": "INSUFFICIENT_DATA"
  },
  "t4_4": {
    "section_exclusivity": {
      "H": 100.0,
      "P": 100.0,
      "T": 100.0
    },
    "overall_exclusivity": 100.0,
    "cross_section_count": 0,
    "verdict": "HIGHLY_EXCLUSIVE"
  }
}