{
  "test_1": {
    "block_detection_rate": 0.04220138203356368,
    "marker_survival": 0.025034550839091806,
    "count_survival": 0.014807502467917079,
    "verdict": "STRUCTURE_DESTROYED"
  },
  "test_2": {
    "mean_mutation_rate": 0.07710754454776823,
    "std_mutation_rate": 0.0816863562229173,
    "max_mutation_rate": 0.25,
    "min_mutation_rate": 0.0,
    "verdict": "LOW_MUTATION"
  },
  "test_3": {
    "section_maxes": {
      "H": 5,
      "P": 5,
      "T": 6
    },
    "section_means": {
      "H": 2.8315665488810366,
      "P": 2.509433962264151,
      "T": 2.689655172413793
    },
    "section_p95": {
      "H": 4.0,
      "P": 3.0,
      "T": 6.0
    },
    "verdict": "SECTION_SPECIFIC_CEILINGS"
  },
  "test_4": {
    "marker_correlations": {
      "ch": {
        "n": 239,
        "rho": -0.26097782759436405,
        "p": 4.417680169356016e-05,
        "significant": true,
        "direction": "negative"
      },
      "qo": {
        "n": 212,
        "rho": -0.2274616321139042,
        "p": 0.0008494736975793348,
        "significant": true,
        "direction": "negative"
      },
      "sh": {
        "n": 194,
        "rho": -0.07995910171839869,
        "p": 0.26774106441645945,
        "significant": false,
        "direction": "negative"
      },
      "da": {
        "n": 109,
        "rho": -0.1636586519247921,
        "p": 0.08904951912138871,
        "significant": false,
        "direction": "negative"
      },
      "ok": {
        "n": 76,
        "rho": -0.2988572780423746,
        "p": 0.008730677602725428,
        "significant": true,
        "direction": "negative"
      },
      "ot": {
        "n": 71,
        "rho": -0.05017605541283562,
        "p": 0.6777405331951701,
        "significant": false,
        "direction": "negative"
      },
      "ct": {
        "n": 43,
        "rho": -0.17161457242065947,
        "p": 0.2711667936958658,
        "significant": false,
        "direction": "negative"
      },
      "ol": {
        "n": 40,
        "rho": -0.34098718962997643,
        "p": 0.03130273838133635,
        "significant": true,
        "direction": "negative"
      }
    },
    "positive_count": 0,
    "significant_positive": 0,
    "total_markers": 8,
    "verdict": "MIXED"
  }
}