{
  "within_marker": {
    "marker_entries": {
      "yk": 209,
      "sh": 778,
      "ct": 346,
      "ch": 1572,
      "da": 515,
      "ot": 436,
      "ok": 490,
      "ol": 226,
      "yt": 191,
      "qo": 916
    }
  },
  "marker_illustration": {
    "type_markers": {
      "UNKNOWN": {
        "yk": 230,
        "sh": 1004,
        "ct": 449,
        "ch": 2140,
        "da": 1067,
        "ot": 491,
        "ok": 615,
        "ol": 286,
        "yt": 199,
        "qo": 1091
      }
    }
  },
  "vocab_bridge": {
    "shared_count": 1145,
    "a_dominant": 101,
    "b_dominant": 211,
    "balanced": 833
  },
  "payload": {
    "payloads_with_data": 4342,
    "mean_length": 1.3210502072777521,
    "unique_vocab": 1828
  },
  "length": {
    "section_stats": {
      "H": {
        "mean": 1.2449590422180214,
        "median": 1.0,
        "std": 0.808751039219754,
        "n": 6348
      },
      "P": {
        "mean": 1.3015712113532691,
        "median": 1.0,
        "std": 0.9914906912312278,
        "n": 1973
      },
      "T": {
        "mean": 1.358273381294964,
        "median": 1.0,
        "std": 1.0673640819964145,
        "n": 695
      }
    },
    "marker_lengths": {
      "ch": 1.361323155216285,
      "qo": 1.1910480349344978,
      "sh": 1.2904884318766068,
      "da": 2.071844660194175,
      "ok": 1.2551020408163265,
      "ot": 1.1261467889908257,
      "ct": 1.2976878612716762,
      "ol": 1.2654867256637168
    }
  }
}