{
  "entropy": {
    "entropies": {
      "first": 6.966335841990232,
      "second": 5.634554968383308,
      "middle": 3.890231596382307,
      "penultimate": 5.634554968383308,
      "last": 6.966335841990232
    },
    "concentrations": {
      "first": 0.22154779969650987,
      "second": 0.37103174603174605,
      "middle": 0.6029411764705882,
      "penultimate": 0.37103174603174605,
      "last": 0.22154779969650987
    }
  },
  "prefix": {
    "first_preferring": [
      [
        "ke",
        0.5,
        6,
        12
      ],
      [
        "kc",
        0.5,
        8,
        16
      ],
      [
        "yk",
        0.475,
        19,
        40
      ],
      [
        "yt",
        0.4666666666666667,
        7,
        15
      ],
      [
        "to",
        0.46153846153846156,
        6,
        13
      ],
      [
        "so",
        0.45454545454545453,
        5,
        11
      ],
      [
        "sa",
        0.4523809523809524,
        19,
        42
      ],
      [
        "al",
        0.42857142857142855,
        6,
        14
      ],
      [
        "ot",
        0.4148936170212766,
        39,
        94
      ],
      [
        "dc",
        0.4117647058823529,
        7,
        17
      ]
    ],
    "last_preferring": [
      [
        "ke",
        0.5,
        6,
        12
      ],
      [
        "kc",
        0.5,
        8,
        16
      ],
      [
        "yk",
        0.475,
        19,
        40
      ],
      [
        "yt",
        0.4666666666666667,
        7,
        15
      ],
      [
        "to",
        0.46153846153846156,
        6,
        13
      ],
      [
        "so",
        0.45454545454545453,
        5,
        11
      ],
      [
        "sa",
        0.4523809523809524,
        19,
        42
      ],
      [
        "al",
        0.42857142857142855,
        6,
        14
      ],
      [
        "ot",
        0.4148936170212766,
        39,
        94
      ],
      [
        "dc",
        0.4117647058823529,
        7,
        17
      ]
    ]
  },
  "suffix": {
    "first_preferring": [
      [
        "ldy",
        0.5,
        7,
        14
      ],
      [
        "khy",
        0.5,
        8,
        16
      ],
      [
        "oky",
        0.4883720930232558,
        21,
        43
      ],
      [
        "tor",
        0.4666666666666667,
        7,
        15
      ],
      [
        "hom",
        0.46153846153846156,
        6,
        13
      ],
      [
        "tol",
        0.45454545454545453,
        15,
        33
      ],
      [
        "heo",
        0.45454545454545453,
        10,
        22
      ],
      [
        "har",
        0.4482758620689655,
        13,
        29
      ],
      [
        "kor",
        0.42857142857142855,
        6,
        14
      ],
      [
        "eor",
        0.4266666666666667,
        32,
        75
      ]
    ],
    "last_preferring": [
      [
        "ldy",
        0.5,
        7,
        14
      ],
      [
        "khy",
        0.5,
        8,
        16
      ],
      [
        "oky",
        0.4883720930232558,
        21,
        43
      ],
      [
        "tor",
        0.4666666666666667,
        7,
        15
      ],
      [
        "hom",
        0.46153846153846156,
        6,
        13
      ],
      [
        "tol",
        0.45454545454545453,
        15,
        33
      ],
      [
        "heo",
        0.45454545454545453,
        10,
        22
      ],
      [
        "har",
        0.4482758620689655,
        13,
        29
      ],
      [
        "kor",
        0.42857142857142855,
        6,
        14
      ],
      [
        "eor",
        0.4266666666666667,
        32,
        75
      ]
    ]
  },
  "exclusion": {
    "exclusion_pairs": [
      [
        "ch",
        "qo",
        0,
        159.71073646850044,
        0.0
      ],
      [
        "ch",
        "da",
        0,
        89.79370008873113,
        0.0
      ],
      [
        "ch",
        "sh",
        0,
        135.6495119787045,
        0.0
      ],
      [
        "ch",
        "ok",
        0,
        85.43478260869564,
        0.0
      ],
      [
        "ch",
        "ot",
        0,
        76.01952085181898,
        0.0
      ],
      [
        "ch",
        "ct",
        0,
        60.327417923691215,
        0.0
      ],
      [
        "ch",
        "ol",
        0,
        39.40461401952086,
        0.0
      ],
      [
        "ch",
        "yk",
        0,
        36.440550133096714,
        0.0
      ],
      [
        "ch",
        "do",
        0,
        30.68677905944987,
        0.0
      ],
      [
        "qo",
        "da",
        0,
        52.32253771073647,
        0.0
      ],
      [
        "qo",
        "sh",
        0,
        79.04259094942326,
        0.0
      ],
      [
        "qo",
        "ok",
        0,
        49.78260869565218,
        0.0
      ],
      [
        "qo",
        "ot",
        0,
        44.296362023070095,
        0.0
      ],
      [
        "qo",
        "ct",
        0,
        35.152617568766644,
        0.0
      ],
      [
        "qo",
        "ol",
        0,
        22.960958296362026,
        0.0
      ],
      [
        "qo",
        "yk",
        0,
        21.233806566104704,
        0.0
      ],
      [
        "qo",
        "do",
        0,
        17.881100266193435,
        0.0
      ],
      [
        "da",
        "sh",
        0,
        44.43988464951198,
        0.0
      ],
      [
        "da",
        "ok",
        0,
        27.989130434782606,
        0.0
      ],
      [
        "da",
        "ot",
        0,
        24.90461401952085,
        0.0
      ],
      [
        "da",
        "ct",
        0,
        19.763753327417923,
        0.0
      ],
      [
        "da",
        "ol",
        0,
        12.909272404614018,
        0.0
      ],
      [
        "da",
        "yk",
        0,
        11.938220940550133,
        0.0
      ],
      [
        "da",
        "do",
        0,
        10.053238686779059,
        0.0
      ],
      [
        "sh",
        "ok",
        0,
        42.28260869565217,
        0.0
      ],
      [
        "sh",
        "ot",
        0,
        37.622892635315,
        0.0
      ],
      [
        "sh",
        "ct",
        0,
        29.856699201419698,
        0.0
      ],
      [
        "sh",
        "ol",
        0,
        19.501774622892636,
        0.0
      ],
      [
        "sh",
        "yk",
        0,
        18.03482697426797,
        0.0
      ],
      [
        "sh",
        "do",
        0,
        15.187222715173027,
        0.0
      ],
      [
        "ok",
        "ot",
        0,
        23.695652173913043,
        0.0
      ],
      [
        "ok",
        "ct",
        0,
        18.804347826086953,
        0.0
      ],
      [
        "ok",
        "ol",
        0,
        12.282608695652174,
        0.0
      ],
      [
        "ok",
        "yk",
        0,
        11.358695652173912,
        0.0
      ],
      [
        "ok",
        "do",
        0,
        9.56521739130435,
        0.0
      ],
      [
        "ot",
        "ct",
        0,
        16.732031943212068,
        0.0
      ],
      [
        "ot",
        "ol",
        0,
        10.929015084294587,
        0.0
      ],
      [
        "ot",
        "yk",
        0,
        10.106921029281278,
        0.0
      ],
      [
        "ot",
        "do",
        0,
        8.51109139307897,
        0.0
      ],
      [
        "ct",
        "ol",
        0,
        8.673025732031943,
        0.0
      ],
      [
        "ct",
        "yk",
        0,
        8.020629991126887,
        0.0
      ],
      [
        "ct",
        "do",
        0,
        6.75421472937001,
        0.0
      ],
      [
        "ol",
        "yk",
        0,
        5.238908606921028,
        0.0
      ]
    ],
    "association_pairs": []
  },
  "fields": {
    "entropy_pos1": 3.37549491775538,