{
  "DAIIN": {
    "regime_means": {
      "REGIME_1": {
        "mean": 0.4152331718460751,
        "std": 0.34319981627575624,
        "n": 155
      },
      "REGIME_2": {
        "mean": 0.38390078390078386,
        "std": 0.3552163423637609,
        "n": 37
      },
      "REGIME_3": {
        "mean": 0.3838512228358574,
        "std": 0.34482932623886003,
        "n": 56
      },
      "REGIME_4": {
        "mean": 0.44804249336839386,
        "std": 0.34911417889473667,
        "n": 66
      }
    },
    "kruskal_h": 1.506031882974497,
    "kruskal_p": 0.6808788762698437
  },
  "OL": {
    "regime_means": {
      "REGIME_1": {
        "mean": 0.5003754281432853,
        "std": 0.3101785590375389,
        "n": 280
      },
      "REGIME_2": {
        "mean": 0.4987098727483343,
        "std": 0.273740352142702,
        "n": 26
      },
      "REGIME_3": {
        "mean": 0.5205504620387481,
        "std": 0.30029014083899824,
        "n": 69
      },
      "REGIME_4": {
        "mean": 0.5706893587225828,
        "std": 0.31722946779555555,
        "n": 46
      }
    },
    "kruskal_h": 2.0625990601404776,
    "kruskal_p": 0.5595162048665963
  },
  "OL_DERIVED": {
    "regime_means": {
      "REGIME_1": {
        "mean": 0.5296851730445481,
        "std": 0.2992199271651226,
        "n": 192
      },
      "REGIME_2": {
        "mean": 0.4427651515151515,
        "std": 0.32448331814039827,
        "n": 20
      },
      "REGIME_3": {
        "mean": 0.4916573902288188,
        "std": 0.3172358476690004,
        "n": 35
      },
      "REGIME_4": {
        "mean": 0.499862041624582,
        "std": 0.30104323444358616,
        "n": 41
      }
    },
    "kruskal_h": 1.711827042841106,
    "kruskal_p": 0.6343075823278712
  },
  "daiin_initial_chi2": 1.6210388744544342,
  "daiin_initial_p": 0.6546288606776172
}