{
  "fl_overall": {
    "regime_means": {
      "REGIME_1": {
        "mean": 0.5725027817206588,
        "std": 0.33182395716926333,
        "n": 537
      },
      "REGIME_2": {
        "mean": 0.5475225161054038,
        "std": 0.31649641545343216,
        "n": 165
      },
      "REGIME_3": {
        "mean": 0.583480720374177,
        "std": 0.34675571084478257,
        "n": 182
      },
      "REGIME_4": {
        "mean": 0.6025192253552495,
        "std": 0.3309609332231432,
        "n": 194
      }
    },
    "kruskal_h": 2.9118771210573104,
    "kruskal_p": 0.4054124970609031
  },
  "fl_final_chi2": 1.942501712687109,
  "fl_final_p": 0.5844260319860368
}