{
  "en_overall": {
    "regime_means": {
      "REGIME_1": {
        "mean": 0.48685012651008486,
        "std": 0.2868822129594548,
        "n": 4323
      },
      "REGIME_2": {
        "mean": 0.47879690147566945,
        "std": 0.2723753727977635,
        "n": 643
      },
      "REGIME_3": {
        "mean": 0.4761176116320338,
        "std": 0.2807600642175748,
        "n": 1488
      },
      "REGIME_4": {
        "mean": 0.4789098841361489,
        "std": 0.28594464044948126,
        "n": 753
      }
    },
    "kruskal_h": 1.9371422406901089,
    "kruskal_p": 0.5855550112903356
  },
  "en_qo": {
    "kruskal_h": 0.8383840916757823,
    "kruskal_p": 0.8402657297552645
  },
  "en_chsh": {
    "kruskal_h": 3.085864925331707,
    "kruskal_p": 0.3785750276193751
  }
}