{
  "CC": {
    "regime_means": {
      "REGIME_1": 0.48830273483383535,
      "REGIME_2": 0.43404926176010517,
      "REGIME_3": 0.4663853688593143,
      "REGIME_4": 0.49880299849778204
    },
    "kruskal_h": 2.8105129830261784,
    "kruskal_p": 0.42177221563724776,
    "significant": 