{
  "CC": {
    "n": 1023,
    "f_stat": 0.9519304951721864,
    "p_val": 0.41481766920207563,
    "eta_squared": 0.002794710867533441,
    "significant": 