{
  "stage_counts": {
    "INITIAL": 160,
    "EARLY": 264,
    "MEDIAL": 1419,
    "LATE": 2132,
    "FINAL": 597,
    "TERMINAL": 1161
  },
  "kernel_profiles_after": {
    "INITIAL": {
      "h": 37.37864077669903,
      "k": 19.41747572815534,
      "e": 43.20388349514563
    },
    "EARLY": {
      "h": 39.77591036414566,
      "k": 16.526610644257705,
      "e": 43.69747899159664
    },
    "MEDIAL": {
      "h": 38.58447488584475,
      "k": 20.167427701674278,
      "e": 41.24809741248097
    },
    "LATE": {
      "h": 34.414556962025316,
      "k": 19.145569620253166,
      "e": 46.43987341772152
    },
    "FINAL": {
      "h": 34.666666666666664,
      "k": 22.095238095238095,
      "e": 43.23809523809524
    },
    "TERMINAL": {
      "h": 34.31734317343174,
      "k": 24.077490774907748,
      "e": 41.60516605166052
    }
  },
  "kernel_profiles_before": {
    "INITIAL": {
      "h": 34.5360824742268,
      "k": 19.072164948453608,
      "e": 46.391752577319586
    },
    "EARLY": {
      "h": 35.23131672597865,
      "k": 20.640569395017792,
      "e": 44.12811387900356
    },
    "MEDIAL": {
      "h": 31.884057971014492,
      "k": 25.543478260869566,
      "e": 42.572463768115945
    },
    "LATE": {
      "h": 32.865497076023395,
      "k": 25.263157894736842,
      "e": 41.87134502923977
    },
    "FINAL": {
      "h": 31.653543307086615,
      "k": 24.724409448818896,
      "e": 43.62204724409449
    },
    "TERMINAL": {
      "h": 34.24962852897474,
      "k": 25.26002971768202,
      "e": 40.49034175334324
    }
  },
  "early_vs_late_chi_p": 0.5297883895142861,
  "kernel_ratios_late_early": {
    "h": 1.0165553908747087,
    "k": 1.0361669727045881,
    "e": 0.9671121511120516
  },
  "findings": [
    "No clear sensory modality differentiation by FL stage"
  ],
  "verdict": "SUPPORT"
}