{
  "n_folios": 99,
  "n_features": 8,
  "variance_explained": [
    0.295489250810288,
    0.2467358543693103,
    0.1670663261571873,
    0.1425413999820007,
    0.09371571119059055
  ],
  "pc1_loadings": {
    "CROSS-REF": 0.09688761616748065,
    "CLOSURE": -0.5704063593307698,
    "AUXILIARY": -0.04876328306604183,
    "LINK": -0.004502905980872496,
    "GALLOWS-CH": 0.22562327590535564,
    "INPUT": 6.938893903907228e-18,
    "OTHER": 0.25765571423632133,
    "MIDDLE_DIVERSITY": 0.738619598590408
  },
  "pc2_loadings": {
    "CROSS-REF": 0.06161292748433008,
    "CLOSURE": 0.4401833846105549,
    "AUXILIARY": -0.32805907221516284,
    "LINK": -0.2260463091464081,
    "GALLOWS-CH": 0.6468677634696165,
    "INPUT": -5.551115123125783e-17,
    "OTHER": -0.40246160416584276,
    "MIDDLE_DIVERSITY": 0.2516137915423019
  },
  "section_separation_pc1_p": 0.06723910991226098,
  "section_separation_pc2_p": 6.936975225016746e-07,
  "verdict": "NOT SUPPORTED"
}