{
  "metadata": {
    "phase": "SUFFIX_POSITIONAL_STATE_MAPPING",
    "test": "T1_SUFFIX_POSITIONAL_CENSUS",
    "min_tokens": 30,
    "bonferroni_threshold": 4.545454545454546e-05
  },
  "corpus": {
    "total_tokens": 23090,
    "testable_suffixes": 22
  },
  "suffix_profiles": {
    "NONE": {
      "n": 11941,
      "mean_position": 0.4973962479136515,
      "std_position": 0.3229679553447375,
      "skew": 0.0017592175677535675,
      "initial_pct": 19.83920944644502,
      "final_pct": 18.84264299472406,
      "ks_vs_corpus_D": 0.010171429334113441,
      "ks_vs_corpus_p": 0.3868633672894136,
      "non_uniform": false,
      "zone": "UNIFORM"
    },
    "edy": {
      "n": 1972,
      "mean_position": 0.4771622833910058,
      "std_position": 0.29428411829380546,
      "skew": 0.005259188018578921,
      "initial_pct": 18.052738336713997,
      "final_pct": 13.94523326572008,
      "ks_vs_corpus_D": 0.07178968091171589,
      "ks_vs_corpus_p": 1.3742708325828489e-08,
      "non_uniform": true,
      "zone": "CENTRAL"
    },
    "dy": {
      "n": 1000,
      "mean_position": 0.522299661439422,
      "std_position": 0.3170591117108667,
      "skew": -0.015331695564504044,
      "initial_pct": 16.0,
      "final_pct": 20.8,
      "ks_vs_corpus_D": 0.03885058466868774,
      "ks_vs_corpus_p": 0.10804939849081763,
      "non_uniform": false,
      "zone": "UNIFORM"
    },
    "aiin": {
      "n": 949,
      "mean_position": 0.46511098905238774,
      "std_position": 0.3140081517031445,
      "skew": 0.05622679780247067,
      "initial_pct": 21.91780821917808,
      "final_pct": 15.279241306638566,
      "ks_vs_corpus_D": 0.051602767564133734,
      "ks_vs_corpus_p": 0.014995536695058488,
      "non_uniform": false,
      "zone": "UNIFORM"
    },
    "hy": {
      "n": 854,
      "mean_position": 0.5024421077964318,
      "std_position": 0.3004638223840263,
      "skew": 0.015587403393546246,
      "initial_pct": 15.92505854800937,
      "final_pct": 17.096018735362996,
      "ks_vs_corpus_D": 0.04449445860460495,
      "ks_vs_corpus_p": 0.07429023726202033,
      "non_uniform": false,
      "zone": "UNIFORM"
    },
    "ar": {
      "n": 829,
      "mean_position": 0.4807526536484462,
      "std_position": 0.3173411621926441,
      "skew": -0.04945093068821824,
      "initial_pct": 20.747889022919182,
      "final_pct": 16.28468033775633,
      "ks_vs_corpus_D": 0.05513992814606494,
      "ks_vs_corpus_p": 0.014842804775162335,
      "non_uniform": false,
      "zone": "UNIFORM"
    },
    "ain": {
      "n": 741,
      "mean_position": 0.47714361015846807,
      "std_position": 0.3107437351042082,
      "skew": 0.06583821008745329,
      "initial_pct": 18.083670715249664,
      "final_pct": 16.734143049932523,
      "ks_vs_corpus_D": 0.04349202118799356,
      "ks_vs_corpus_p": 0.1283881543663925,
      "non_uniform": false,
      "zone": "UNIFORM"
    },
    "y": {
      "n": 678,
      "mean_position": 0.5826650406296424,
      "std_position": 0.3234299392448014,
      "skew": -0.23021609058836784,
      "initial_pct": 12.979351032448378,
      "final_pct": 28.171091445427727,
      "ks_vs_corpus_D": 0.11179251128392043,
      "ks_vs_corpus_p": 1.2512976776585393e-07,
      "non_uniform": true,
      "zone": "FINAL_BIASED"
    },
    "al": {
      "n": 659,
      "mean_position": 0.493887608447472,
      "std_position": 0.3137136741684719,
      "skew": -0.016585074641396236,
      "initial_pct": 18.664643399089528,
      "final_pct": 17.298937784522003,
      "ks_vs_corpus_D": 0.03008778080888208,
      "ks_vs_corpus_p": 0.5965713125098454,
      "non_uniform": false,
      "zone": "UNIFORM"
    },
    "eey": {
      "n": 593,
      "mean_position": 0.4182700192818236,
      "std_position": 0.28065886255153044,
      "skew": 0.236269579631147,
      "initial_pct": 21.247892074198987,
      "final_pct": 7.925801011804384,
      "ks_vs_corpus_D": 0.12892713241024023,
      "ks_vs_corpus_p": 7.772566734012888e-09,
      "non_uniform": true,
      "zone": "INITIAL_BIASED"
    },
    "ey": {
      "n": 498,
      "mean_position": 0.43715901861346085,
      "std_position": 0.2840785130931869,
      "skew": 0.26002775523241595,
      "initial_pct": 17.269076305220885,
      "final_pct": 10.040160642570282,
      "ks_vs_corpus_D": 0.10905101566943387,
      "ks_vs_corpus_p": 1.689954638095383e-05,
      "non_uniform": true,
      "zone": "INITIAL_BIASED"
    },
    "s": {
      "n": 423,
      "mean_position": 0.46045198454136016,
      "std_position": 0.32874299474020763,
      "skew": 0.11164530338377499,
      "initial_pct": 23.404255319148938,
      "final_pct": 16.07565011820331,
      "ks_vs_corpus_D": 0.05962043888289942,
      "ks_vs_corpus_p": 0.10047726852510852,
      "non_uniform": false,
      "zone": "UNIFORM"
    },
    "or": {
      "n": 408,
      "mean_position": 0.4730667000169609,
      "std_position": 0.3238434191655827,
      "skew": 0.01015109363359174,
      "initial_pct": 23.03921568627451,
      "final_pct": 14.460784313725492,
      "ks_vs_corpus_D": 0.0542678266629302,
      "ks_vs_corpus_p": 0.1816057193793258,
      "non_uniform": false,
      "zone": "UNIFORM"
    },
    "r": {
      "n": 407,
      "mean_position": 0.460248080367784,
      "std_position": 0.34018953789511364,
      "skew": 0.04397227687134498,
      "initial_pct": 27.027027027027028,
      "final_pct": 18.42751842751843,
      "ks_vs_corpus_D": 0.08497046595790642,
      "ks_vs_corpus_p": 0.005824523767574217,
      "non_uniform": false,
      "zone": "UNIFORM"
    },
    "ol": {
      "n": 292,
      "mean_position": 0.5353100856525514,
      "std_position": 0.3087584607808252,
      "skew": -0.11938729695108843,
      "initial_pct": 14.04109589041096,
      "final_pct": 20.205479452054796,
      "ks_vs_corpus_D": 0.08294404860077009,
      "ks_vs_corpus_p": 0.03586564959890581,
      "non_uniform": false,
      "zone": "UNIFORM"
    },
    "am": {
      "n": 234,
      "mean_position": 0.9297683797683799,
      "std_position": 0.18923709569770134,
      "skew": -3.038497427994874,
      "initial_pct": 0.8547008547008548,
      "final_pct": 87.6068376068376,
      "ks_vs_corpus_D": 0.7159653973859257,
      "ks_vs_corpus_p": 7.687059312899737e-121,
      "non_uniform": true,
      "zone": "FINAL_BIASED"
    },
    "iin": {
      "n": 115,
      "mean_position": 0.5306342512092862,
      "std_position": 0.3012294307139505,
      "skew": -0.08524555210225715,
      "initial_pct": 13.043478260869565,
      "final_pct": 17.391304347826086,
      "ks_vs_corpus_D": 0.07221458564784303,
      "ks_vs_corpus_p": 0.5669474683897701,
      "non_uniform": false,
      "zone": "UNIFORM"
    },
    "ly": {
      "n": 108,
      "mean_position": 0.6951772764272763,
      "std_position": 0.3125322809459012,
      "skew": -0.549731425447188,
      "initial_pct": 6.481481481481481,
      "final_pct": 45.370370370370374,
      "ks_vs_corpus_D": 0.30285998428051264,
      "ks_vs_corpus_p": 3.326459335272819e-09,
      "non_uniform": true,
      "zone": "FINAL_BIASED"
    },
    "l": {
      "n": 99,
      "mean_position": 0.5591169462865143,
      "std_position": 0.3254924550519573,
      "skew": -0.2526437951498463,
      "initial_pct": 16.161616161616163,
      "final_pct": 24.242424242424242,
      "ks_vs_corpus_D": 0.10545340805193548,
      "ks_vs_corpus_p": 0.20583306695959092,
      "non_uniform": false,
      "zone": "UNIFORM"
    },
    "ry": {
      "n": 70,
      "mean_position": 0.7478573410716267,
      "std_position": 0.37525010364432826,
      "skew": -1.135319128343009,
      "initial_pct": 15.714285714285714,
      "final_pct": 64.28571428571429,
      "ks_vs_corpus_D": 0.4811668625873909,
      "ks_vs_corpus_p": 1.9719199345331706e-15,
      "non_uniform": true,
      "zone": "FINAL_BIASED"
    },
    "eol": {
      "n": 56,
      "mean_position": 0.4269379099817974,
      "std_position": 0.3101549707092076,
      "skew": 0.06207080873844687,