{
  "ol": {
    "total": 875,
    "action": "?",
    "peak_section": "B",
    "peak_enrichment": 1.47,
    "section_enrichments": {
      "B": 1.47,
      "C": 1.38,
      "H": 0.87,
      "S": 0.7,
      "T": 0.56
    },
    "init_final_ratio": 0.4,
    "positional": {
      "INIT": 0.08228571428571428,
      "MID": 0.7142857142857143,
      "FINAL": 0.20342857142857143
    },
    "enriched_middles": [
      [
        "sh",
        10.257066666666667
      ],
      [
        "kee",
        7.110991596638655
      ],
      [
        "keeo",
        5.7840601503759395
      ],
      [
        "ch",
        5.668047482603356
      ],
      [
        "s",
        4.226813186813187
      ],
      [
        "c",
        4.208826747720365
      ],
      [
        "or",
        3.545069124423963
      ],
      [
        "y",
        3.17350038197097
      ]
    ],
    "depleted_middles": [
      [
        "edy",
        0.0
      ],
      [
        "ey",
        0.0
      ],
      [
        "iin",
        0.0
      ],
      [
        "ed",
        0.0
      ],
      [
        "eo",
        0.0
      ]
    ]
  },
  "lk": {
    "total": 438,
    "action": "?",
    "peak_section": "S",
    "peak_enrichment": 1.78,
    "section_enrichments": {
      "B": 0.36,
      "C": 0.69,
      "H": 0.16,
      "S": 1.78,
      "T": 0.32
    },
    "init_final_ratio": 0.17,
    "positional": {
      "INIT": 0.01598173515981735,
      "MID": 0.8904109589041096,
      "FINAL": 0.09360730593607305
    },
    "enriched_middles": [
      [
        "ech",
        9.313961533139615
      ],
      [
        "aiin",
        4.694638292984119
      ],
      [
        "ain",
        4.520010744023637
      ],
      [
        "eed",
        4.232161522803543
      ],
      [
        "ch",
        4.151823213094164
      ],
      [
        "eeo",
        4.084527981310396
      ],
      [
        "eeol",
        3.991697799916978
      ],
      [
        "ar",
        3.121469843536973
      ]
    ],
    "depleted_middles": [
      [
        "k",
        0.0
      ],
      [
        "t",
        0.0
      ],
      [
        "iin",
        0.0
      ],
      [
        "r",
        0.0
      ],
      [
        "dy",
        0.0
      ]
    ]
  },
  "da": {
    "total": 1083,
    "action": "?",
    "peak_section": "T",
    "peak_enrichment": 2.02,
    "section_enrichments": {
      "B": 1.04,
      "C": 1.24,
      "H": 1.53,
      "S": 0.71,
      "T": 2.02
    },
    "init_final_ratio": 1.15,
    "positional": {
      "INIT": 0.19759926131117267,
      "MID": 0.6306555863342567,
      "FINAL": 0.17174515235457063
    },
    "enriched_middles": [
      [
        "m",
        11.098799630655586
      ],
      [
        "iin",
        10.401160796728664
      ],
      [
        "ly",
        8.639065658456241
      ],
      [
        "i",
        8.226169138015317
      ],
      [
        "in",
        7.89998209451987
      ],
      [
        "r",
        6.929982208409342
      ],
      [
        "l",
        4.480249392191245
      ],
      [
        "lk",
        2.1808167695323255
      ]
    ],
    "depleted_middles": [
      [
        "edy",
        0.0
      ],
      [
        "e",
        0.0
      ],
      [
        "ey",
        0.0
      ],
      [
        "eey",
        0.0
      ],
      [
        "t",
        0.0
      ]
    ]
  },
  "sh": {
    "total": 2329,
    "action": "?",
    "peak_section": "T",
    "peak_enrichment": 1.42,
    "section_enrichments": {
      "B": 1.22,
      "C": 0.94,
      "H": 0.94,
      "S": 0.85,
      "T": 1.42
    },
    "init_final_ratio": 3.14,
    "positional": {
      "INIT": 0.13095749248604552,
      "MID": 0.8273937312151138,
      "FINAL": 0.04164877629884071
    },
    "enriched_middles": [
      [
        "eck",
        3.5657910144814395
      ],
      [
        "eek",
        3.4276918590049985
      ],
      [
        "ect",
        3.338187332706028
      ],
      [
        "ek",
        3.0583782580347627
      ],
      [
        "ey",
        2.5986272481143224
      ],
      [
        "eok",
        2.54080655282888
      ],
      [
        "eol",
        2.5272435285255233
      ],
      [
        "ck",
        2.4103327028187485
      ]
    ],
    "depleted_middles": [
      [
        "iin",
        0.0
      ],
      [
        "in",
        0.0
      ],
      [
        "i",
        0.0
      ],
      [
        "sh",
        0.0
      ],
      [
        "r",
        0.015492722883102926
      ]
    ]
  },
  "qo": {
    "total": 4069,
    "action": "?",
    "peak_section": "B",
    "peak_enrichment": 1.3,
    "section_enrichments": {
      "B": 1.3,
      "C": 0.85,
      "H": 0.56,
      "S": 0.97,
      "T": 0.75
    },
    "init_final_ratio": 1.19,
    "positional": {
      "INIT": 0.07446547063160482,
      "MID": 0.8631113295650037,
      "FINAL": 0.0624231998033915
    },
    "enriched_middles": [
      [
        "te",
        4.563486750112287
      ],
      [
        "tch",
        4.290179027166002
      ],
      [
        "ked",
        4.283362005406734
      ],
      [
        "keed",
        4.253821577783239
      ],
      [
        "t",
        4.2134531642336945
      ],
      [
        "kc",
        4.153563156758045
      ],
      [
        "pch",
        4.008523849669156
      ],
      [
        "ke",
        3.9967286399863635
      ]
    ],
    "depleted_middles": [
      [
        "ey",
        0.0
      ],
      [
        "eo",
        0.0
      ],
      [
        "am",
        0.0
      ],
      [
        "edy",
        0.010723694656288496
      ],
      [
        "eol",
        0.016820172312310158
      ]
    ]
  },
  "ch": {
    "total": 3492,
    "action": "?",
    "peak_section": "H",
    "peak_enrichment": 1.16,
    "section_enrichments": {
      "B": 0.78,
      "C": 0.75,
      "H": 1.16,
      "S": 1.13,
      "T": 0.9
    },
    "init_final_ratio": 0.54,
    "positional": {
      "INIT": 0.04753722794959908,
      "MID": 0.8639747995418099,
      "FINAL": 0.08848797250859107
    },
    "enriched_middles": [
      [
        "ot",
        4.567150001396921
      ],
      [
        "et",
        3.6369923707017655
      ],
      [
        "ck",
        3.631937091730906
      ],
      [
        "ct",
        3.5707614264315297
      ],
      [
        "ok",
        3.482649417155178
      ],
      [
        "ckh",
        3.4676509269865514
      ],
      [
        "cth",
        3.327415043909889
      ],
      [
        "ect",
        3.28103141527138
      ]
    ],
    "depleted_middles": [
      [
        "iin",
        0.0
      ],
      [
        "in",
        0.0
      ],
      [
        "i",
        0.0
      ],
      [
        "sh",
        0.0
      ],
      [
        "ch",
        0.03156129277891012
      ]
    ]
  },
  "ok": {
    "total": 1476,
    "action": "?",
    "peak_section": "H",
    "peak_enrichment": 1.36,
    "section_enrichments": {
      "B": 0.76,
      "C": 0.41,
      "H": 1.36,
      "S": 1.14,
      "T": 0.81
    },
    "init_final_ratio": 0.5,
    "positional": {
      "INIT": 0.05013550135501355,
      "MID": 0.8489159891598916,
      "FINAL": 0.10094850948509485
    },
    "enriched_middles": [
      [
        "a",
        5.654445978422048
      ],
      [
        "ain",
        5.2502470907062015
      ],
      [
        "aiin",
        4.589115576690357
      ],
      [
        "ech",
        4.34327009936766
      ],
      [
        "al",
        4.252243480518637
      ],
      [
        "ai",
        4.071815718157182
      ],
      [
        "c",
        3.603990082454016
      ],
      [
        "ar",
        3.5199013601510423
      ]
    ],
    "depleted_middles": [
      [
        "k",
        0.0
      ],
      [
        "t",
        0.0
      ],
      [
        "ke",
        0.0
      ],
      [
        "d",
        0.0
      ],
      [
        "in",
        0.0
      ]
    ]
  },
  "ot": {
    "total": 1448,
    "action": "?",